307;naval_base_spawn;4831.00;9.50;1886.00;0.00;15479
268;naval_base_spawn;2366.00;9.50;2038.00;0.00;14013
516;naval_base_spawn;1935.00;9.50;1361.00;0.00;10490
516;naval_base_spawn;1943.00;9.50;1390.00;0.00;14268
511;naval_base_spawn;4716.00;9.50;1408.00;0.00;15208
504;naval_base_spawn;4524.00;9.50;1402.00;0.00;15919
264;naval_base_spawn;3316.00;9.50;169.00;0.00;11278
115;naval_base_spawn;4385.00;9.50;1406.00;0.00;15931
71;naval_base_spawn;3254.00;9.50;1560.00;0.00;10616
294;naval_base_spawn;5083.00;9.50;1936.00;0.00;13529
530;naval_base_spawn;3392.00;9.50;127.00;0.00;14594
671;naval_base_spawn;1921.00;9.50;1596.00;0.00;15710
294;naval_base_spawn;5108.00;9.50;1949.00;0.00;11524
610;naval_base_spawn;2135.00;9.50;657.00;0.00;16622
463;naval_base_spawn;4368.00;9.50;1483.00;0.00;15822
124;naval_base_spawn;1983.00;9.50;1391.00;0.00;15938
557;naval_base_spawn;1835.00;9.50;1149.00;0.00;14231
154;naval_base_spawn;3775.00;9.50;1474.00;0.00;11423
280;naval_base_spawn;2120.00;9.50;1980.00;0.00;14654
331;naval_base_spawn;2552.00;9.50;1640.00;0.00;14557
24;naval_base_spawn;1291.00;9.50;1857.00;0.00;15518
294;naval_base_spawn;5073.00;9.50;1979.00;0.00;15374
691;naval_base_spawn;4742.00;9.50;1440.00;0.00;9428
9;naval_base_spawn;988.00;9.50;1913.00;0.00;9821
653;naval_base_spawn;2790.00;9.50;1728.00;0.00;9457
684;naval_base_spawn;1773.00;9.50;1491.00;0.00;15775
297;naval_base_spawn;3561.00;9.50;1974.00;0.00;11962
670;naval_base_spawn;1933.00;9.50;1556.00;0.00;14341
270;naval_base_spawn;5170.00;9.50;1586.00;0.00;11398
679;naval_base_spawn;1683.00;9.50;1490.00;0.00;12492
726;naval_base_spawn;2985.00;9.50;1179.00;0.00;16183
157;naval_base_spawn;3666.00;9.50;1228.00;0.00;11030
419;naval_base_spawn;4595.00;9.50;1653.00;0.00;12740
296;naval_base_spawn;4642.00;9.50;2014.00;0.00;15337
47;naval_base_spawn;5392.00;9.50;1616.00;0.00;12449
150;naval_base_spawn;2908.00;9.50;130.00;0.00;16949
310;naval_base_spawn;3277.00;9.50;1914.00;0.00;13936
223;naval_base_spawn;2861.00;9.50;905.00;0.00;16427
548;naval_base_spawn;1897.00;9.50;1111.00;0.00;13400
596;naval_base_spawn;3332.00;9.50;185.00;0.00;17019
153;naval_base_spawn;5069.00;9.50;1248.00;0.00;12818
671;naval_base_spawn;1920.00;9.50;1580.00;0.00;12487
531;naval_base_spawn;2383.00;9.50;1207.00;0.00;14374
694;naval_base_spawn;2411.00;9.50;1329.00;0.00;13358
462;naval_base_spawn;3057.00;9.50;1563.00;0.00;10766
409;naval_base_spawn;3593.00;9.50;1674.00;0.00;14207
7;naval_base_spawn;3890.00;9.50;222.00;0.00;9404
563;naval_base_spawn;5080.00;9.50;1035.00;0.00;13555
296;naval_base_spawn;4717.00;9.50;1891.00;0.00;8877
560;naval_base_spawn;5126.00;9.50;1074.00;0.00;12354
375;naval_base_spawn;5257.00;9.50;1717.00;0.00;14793
263;naval_base_spawn;3087.00;9.50;115.00;0.00;14639
308;naval_base_spawn;1902.00;9.50;1906.00;0.00;12039
693;naval_base_spawn;2620.00;9.50;1373.00;0.00;13854
89;naval_base_spawn;5247.00;9.50;1515.00;0.00;13031
268;naval_base_spawn;2504.00;9.50;2040.00;0.00;15298
611;naval_base_spawn;3013.00;9.50;630.00;0.00;11249
288;naval_base_spawn;2662.00;9.50;2016.00;0.00;15332
104;naval_base_spawn;2968.00;9.50;1450.00;0.00;10441
337;naval_base_spawn;2232.00;9.50;266.00;0.00;13014
255;naval_base_spawn;3309.00;9.50;1454.00;0.00;14445
140;naval_base_spawn;4975.00;9.50;1243.00;0.00;16098
239;naval_base_spawn;4202.00;9.50;304.00;0.00;12394
557;naval_base_spawn;1862.00;9.50;1111.00;0.00;14128
438;naval_base_spawn;3247.00;9.50;1591.00;0.00;15733
383;naval_base_spawn;4425.00;9.50;1772.00;0.00;11854
41;naval_base_spawn;5243.00;9.50;1628.00;0.00;13673
318;naval_base_spawn;2637.00;9.50;1874.00;0.00;10610
184;naval_base_spawn;4610.00;9.50;1091.00;0.00;16269
326;naval_base_spawn;2497.00;9.50;1870.00;0.00;11542
172;naval_base_spawn;3206.00;9.50;1837.00;0.00;13888
302;naval_base_spawn;2031.00;9.50;819.00;0.00;16509
389;naval_base_spawn;3516.00;9.50;1744.00;0.00;15601
268;naval_base_spawn;2344.00;9.50;2037.00;0.00;14013
280;naval_base_spawn;2093.00;9.50;1996.00;0.00;11748
529;naval_base_spawn;4381.00;9.50;1236.00;0.00;15048
507;naval_base_spawn;4600.00;9.50;1330.00;0.00;14773
614;naval_base_spawn;2129.00;9.50;578.00;0.00;15099
321;naval_base_spawn;2451.00;9.50;1484.00;0.00;13467
155;naval_base_spawn;4534.00;9.50;1502.00;0.00;12570
209;naval_base_spawn;4863.00;9.50;934.00;0.00;14209
524;naval_base_spawn;2793.00;9.50;518.00;0.00;13409
428;naval_base_spawn;5172.00;9.50;1630.00;0.00;14217
618;naval_base_spawn;2913.00;9.50;599.00;0.00;10770
24;naval_base_spawn;1231.00;9.50;1849.00;0.00;15530
203;naval_base_spawn;2769.00;9.50;121.00;0.00;14541
37;naval_base_spawn;1662.00;9.50;1689.00;0.00;12782
463;naval_base_spawn;4313.00;9.50;1489.00;0.00;9332
178;naval_base_spawn;4147.00;9.50;1490.00;0.00;15812
273;naval_base_spawn;5192.00;9.50;1492.00;0.00;11149
353;naval_base_spawn;2940.00;9.50;1812.00;0.00;13507
348;naval_base_spawn;1705.00;9.50;1794.00;0.00;10465
375;naval_base_spawn;5227.00;9.50;1755.00;0.00;14259
524;naval_base_spawn;2813.00;9.50;550.00;0.00;10585
307;naval_base_spawn;4889.00;9.50;2038.00;0.00;13725
480;naval_base_spawn;3793.00;9.50;1490.00;0.00;11423
662;naval_base_spawn;2095.00;9.50;1404.00;0.00;15939
9;naval_base_spawn;1006.00;9.50;1939.00;0.00;14270
280;naval_base_spawn;2154.00;9.50;1971.00;0.00;15241
341;naval_base_spawn;2971.00;9.50;1823.00;0.00;15556
294;naval_base_spawn;5113.00;9.50;1976.00;0.00;10006
532;naval_base_spawn;4698.00;9.50;1186.00;0.00;16161
162;naval_base_spawn;2370.00;9.50;1132.00;0.00;14648
209;naval_base_spawn;4898.00;9.50;918.00;0.00;13736
317;naval_base_spawn;1116.00;9.50;1872.00;0.00;11784
197;naval_base_spawn;1636.00;9.50;991.00;0.00;12522
419;naval_base_spawn;4537.00;9.50;1666.00;0.00;13891
571;naval_base_spawn;3140.00;9.50;1111.00;0.00;12445
212;naval_base_spawn;3778.00;9.50;175.00;0.00;16914
31;naval_base_spawn;5326.00;9.50;1785.00;0.00;15588
303;naval_base_spawn;1869.00;9.50;1910.00;0.00;15460
321;naval_base_spawn;2421.00;9.50;1473.00;0.00;13173
209;naval_base_spawn;4899.00;9.50;908.00;0.00;13919
193;naval_base_spawn;1609.00;9.50;1095.00;0.00;16265
265;naval_base_spawn;3208.00;9.50;62.00;0.00;15232
148;naval_base_spawn;1587.00;9.50;1280.00;0.00;9355
563;naval_base_spawn;5102.00;9.50;1031.00;0.00;11951
296;naval_base_spawn;4684.00;9.50;2017.00;0.00;15334
589;naval_base_spawn;2899.00;9.50;790.00;0.00;11317
306;naval_base_spawn;3417.00;9.50;1905.00;0.00;15452
411;naval_base_spawn;2154.00;9.50;353.00;0.00;13539
353;naval_base_spawn;2890.00;9.50;1778.00;0.00;11895
511;naval_base_spawn;4761.00;9.50;1417.00;0.00;9428
294;naval_base_spawn;4979.00;9.50;1998.00;0.00;12536
31;naval_base_spawn;5355.00;9.50;1752.00;0.00;10114
354;naval_base_spawn;5056.00;9.50;1792.00;0.00;11781
154;naval_base_spawn;3728.00;9.50;1466.00;0.00;15836
123;naval_base_spawn;5238.00;9.50;1360.00;0.00;12145
139;naval_base_spawn;4491.00;9.50;1679.00;0.00;13261
629;naval_base_spawn;3561.00;9.50;511.00;0.00;13800
57;naval_base_spawn;1645.00;9.50;1591.00;0.00;14989
109;naval_base_spawn;2827.00;9.50;1417.00;0.00;15261
551;naval_base_spawn;2119.00;9.50;1185.00;0.00;14009
280;naval_base_spawn;2332.00;9.50;1984.00;0.00;11158
267;naval_base_spawn;2485.00;9.50;1090.00;0.00;15277
275;naval_base_spawn;4520.00;9.50;2037.00;0.00;11008
653;naval_base_spawn;2801.00;9.50;1736.00;0.00;9457
100;naval_base_spawn;3453.00;9.50;1470.00;0.00;13596
320;naval_base_spawn;2469.00;9.50;1060.00;0.00;14240
488;naval_base_spawn;1980.00;9.50;1540.00;0.00;11852
318;naval_base_spawn;2731.00;9.50;1857.00;0.00;13490
517;naval_base_spawn;2518.00;9.50;1394.00;0.00;15949
595;naval_base_spawn;2964.00;9.50;756.00;0.00;16546
517;naval_base_spawn;2555.00;9.50;1382.00;0.00;15134
2;naval_base_spawn;3582.00;9.50;2010.00;0.00;15324
67;naval_base_spawn;1778.00;9.50;1604.00;0.00;9883
30;naval_base_spawn;1652.00;9.50;1747.00;0.00;12075
280;naval_base_spawn;2119.00;9.50;1990.00;0.00;14654
294;naval_base_spawn;5115.00;9.50;2006.00;0.00;11063
422;naval_base_spawn;1956.00;9.50;963.00;0.00;14551
299;naval_base_spawn;1863.00;9.50;1941.00;0.00;11569
728;naval_base_spawn;3049.00;9.50;1176.00;0.00;16189
60;naval_base_spawn;1575.00;9.50;1582.00;0.00;14304
245;naval_base_spawn;129.00;9.50;646.00;0.00;15273
38;naval_base_spawn;2822.00;9.50;1664.00;0.00;12698
380;naval_base_spawn;2870.00;9.50;1727.00;0.00;13179
383;naval_base_spawn;4391.00;9.50;1765.00;0.00;10274
521;naval_base_spawn;2180.00;9.50;1337.00;0.00;16017
4;naval_base_spawn;2339.00;9.50;222.00;0.00;16884
614;naval_base_spawn;2138.00;9.50;518.00;0.00;13729
255;naval_base_spawn;3279.00;9.50;1448.00;0.00;14861
629;naval_base_spawn;3581.00;9.50;505.00;0.00;16704
212;naval_base_spawn;3815.00;9.50;189.00;0.00;9490
519;naval_base_spawn;1920.00;9.50;1323.00;0.00;14063
226;naval_base_spawn;3128.00;9.50;163.00;0.00;16919
203;naval_base_spawn;2807.00;9.50;128.00;0.00;16948
551;naval_base_spawn;2168.00;9.50;1195.00;0.00;12057
482;naval_base_spawn;3947.00;9.50;1498.00;0.00;14961
451;naval_base_spawn;3625.00;9.50;1593.00;0.00;14492
557;naval_base_spawn;1804.00;9.50;1139.00;0.00;16221
324;naval_base_spawn;1562.00;9.50;1837.00;0.00;15513
291;naval_base_spawn;3316.00;9.50;1968.00;0.00;9263
604;naval_base_spawn;3333.00;9.50;621.00;0.00;10170
680;naval_base_spawn;1646.00;9.50;1542.00;0.00;10397
363;naval_base_spawn;5117.00;9.50;1786.00;0.00;12187
520;naval_base_spawn;4998.00;9.50;1336.00;0.00;9143
660;naval_base_spawn;2047.00;9.50;1399.00;0.00;14454
596;naval_base_spawn;3307.00;9.50;195.00;0.00;17019
551;naval_base_spawn;2109.00;9.50;1195.00;0.00;13862
323;naval_base_spawn;2127.00;9.50;1875.00;0.00;15500
286;naval_base_spawn;4682.00;9.50;1477.00;0.00;15825
255;naval_base_spawn;3253.00;9.50;1470.00;0.00;14174
43;naval_base_spawn;2704.00;9.50;1646.00;0.00;15684
337;naval_base_spawn;2211.00;9.50;282.00;0.00;16842
268;naval_base_spawn;2452.00;9.50;1982.00;0.00;9098
322;naval_base_spawn;4613.00;9.50;1883.00;0.00;10864
282;naval_base_spawn;3993.00;9.50;1495.00;0.00;11783
600;naval_base_spawn;2645.00;9.50;156.00;0.00;16928
639;naval_base_spawn;3726.00;9.50;416.00;0.00;16768
225;naval_base_spawn;3121.00;9.50;165.00;0.00;16919
247;naval_base_spawn;3834.00;9.50;392.00;0.00;16776
303;naval_base_spawn;1839.00;9.50;1922.00;0.00;14665
288;naval_base_spawn;2678.00;9.50;1953.00;0.00;11345
52;naval_base_spawn;2739.00;9.50;1607.00;0.00;13303
168;naval_base_spawn;3429.00;9.50;1535.00;0.00;13592
653;naval_base_spawn;2758.00;9.50;1719.00;0.00;14653
691;naval_base_spawn;4707.00;9.50;1436.00;0.00;14184
517;naval_base_spawn;2437.00;9.50;1353.00;0.00;15981
288;naval_base_spawn;2838.00;9.50;1979.00;0.00;15380
504;naval_base_spawn;4503.00;9.50;1370.00;0.00;12267
139;naval_base_spawn;4504.00;9.50;1677.00;0.00;15653
32;naval_base_spawn;1655.00;9.50;1729.00;0.00;12075
556;naval_base_spawn;1958.00;9.50;1082.00;0.00;16270
319;naval_base_spawn;4465.00;9.50;1788.00;0.00;14330
639;naval_base_spawn;3749.00;9.50;432.00;0.00;8902
32;naval_base_spawn;1649.00;9.50;1719.00;0.00;14958
90;naval_base_spawn;5312.00;9.50;1517.00;0.00;14536
555;naval_base_spawn;1933.00;9.50;1101.00;0.00;16270
610;naval_base_spawn;2135.00;9.50;679.00;0.00;9797
490;naval_base_spawn;5149.00;9.50;1467.00;0.00;14898
154;naval_base_spawn;3745.00;9.50;1435.00;0.00;13966
498;naval_base_spawn;3662.00;9.50;1453.00;0.00;15091
493;naval_base_spawn;4330.00;9.50;1414.00;0.00;15912
229;naval_base_spawn;4701.00;9.50;1251.00;0.00;14051
275;naval_base_spawn;4586.00;9.50;2010.00;0.00;10284
76;naval_base_spawn;3313.00;9.50;1579.00;0.00;14810
288;naval_base_spawn;2827.00;9.50;1975.00;0.00;15380
380;naval_base_spawn;2856.00;9.50;1696.00;0.00;11533
506;naval_base_spawn;1817.00;9.50;1391.00;0.00;8895
110;naval_base_spawn;3324.00;9.50;1391.00;0.00;12912
321;naval_base_spawn;2389.00;9.50;1489.00;0.00;15811
280;naval_base_spawn;2235.00;9.50;1982.00;0.00;10984
288;naval_base_spawn;2638.00;9.50;2022.00;0.00;15332
449;naval_base_spawn;4626.00;9.50;1488.00;0.00;10703
581;naval_base_spawn;4056.00;9.50;872.00;0.00;16464
419;naval_base_spawn;4547.00;9.50;1666.00;0.00;13891
557;naval_base_spawn;1829.00;9.50;1104.00;0.00;13829
365;naval_base_spawn;3500.00;9.50;1751.00;0.00;15601
60;naval_base_spawn;1560.00;9.50;1552.00;0.00;15012
617;naval_base_spawn;3066.00;9.50;638.00;0.00;10926
547;naval_base_spawn;2341.00;9.50;1150.00;0.00;9018
493;naval_base_spawn;4356.00;9.50;1411.00;0.00;12168
653;naval_base_spawn;2742.00;9.50;1708.00;0.00;15632
398;naval_base_spawn;3559.00;9.50;1681.00;0.00;13547
501;naval_base_spawn;4679.00;9.50;1268.00;0.00;14456
288;naval_base_spawn;2634.00;9.50;1936.00;0.00;15427
127;naval_base_spawn;3384.00;9.50;1763.00;0.00;15197
322;naval_base_spawn;4592.00;9.50;1870.00;0.00;11847
629;naval_base_spawn;3463.00;9.50;502.00;0.00;16712
194;naval_base_spawn;2622.00;9.50;156.00;0.00;13771
694;naval_base_spawn;2402.00;9.50;1302.00;0.00;9632
465;naval_base_spawn;3398.00;9.50;1488.00;0.00;14407
726;naval_base_spawn;2999.00;9.50;1181.00;0.00;16183
148;naval_base_spawn;1577.00;9.50;1326.00;0.00;9618
388;naval_base_spawn;4425.00;9.50;1695.00;0.00;14778
621;naval_base_spawn;2957.00;9.50;539.00;0.00;16689
679;naval_base_spawn;1656.00;9.50;1530.00;0.00;15780
67;naval_base_spawn;1748.00;9.50;1647.00;0.00;11666
167;naval_base_spawn;4565.00;9.50;1134.00;0.00;12211
302;naval_base_spawn;2045.00;9.50;808.00;0.00;16522
168;naval_base_spawn;3507.00;9.50;1577.00;0.00;15740
604;naval_base_spawn;3330.00;9.50;603.00;0.00;13698
709;naval_base_spawn;2850.00;9.50;1272.00;0.00;14727
268;naval_base_spawn;2404.00;9.50;2034.00;0.00;9014
74;naval_base_spawn;3054.00;9.50;1642.00;0.00;13121
457;naval_base_spawn;1830.00;9.50;1539.00;0.00;14744
504;naval_base_spawn;4535.00;9.50;1401.00;0.00;15919
60;naval_base_spawn;1520.00;9.50;1550.00;0.00;15758
486;naval_base_spawn;1717.00;9.50;1427.00;0.00;10800
283;naval_base_spawn;2477.00;9.50;1063.00;0.00;14240
137;naval_base_spawn;3196.00;9.50;1349.00;0.00;12687
34;naval_base_spawn;2811.00;9.50;1694.00;0.00;11732
280;naval_base_spawn;2175.00;9.50;1969.00;0.00;14640
210;naval_base_spawn;1681.00;9.50;930.00;0.00;16411
324;naval_base_spawn;1535.00;9.50;1861.00;0.00;11976
212;naval_base_spawn;3757.00;9.50;164.00;0.00;13583
67;naval_base_spawn;1730.00;9.50;1661.00;0.00;11666
405;naval_base_spawn;1690.00;9.50;1669.00;0.00;13794
440;naval_base_spawn;3342.00;9.50;1544.00;0.00;12339
600;naval_base_spawn;2658.00;9.50;154.00;0.00;16928
233;naval_base_spawn;4001.00;9.50;865.00;0.00;9834
283;naval_base_spawn;2477.00;9.50;1037.00;0.00;14240
552;naval_base_spawn;5016.00;9.50;1164.00;0.00;14869
30;naval_base_spawn;1639.00;9.50;1766.00;0.00;15581
441;naval_base_spawn;3672.00;9.50;1626.00;0.00;15697
172;naval_base_spawn;3170.00;9.50;1832.00;0.00;10434
498;naval_base_spawn;3695.00;9.50;1419.00;0.00;11851
280;naval_base_spawn;2255.00;9.50;2018.00;0.00;15326
354;naval_base_spawn;5045.00;9.50;1796.00;0.00;13365
684;naval_base_spawn;1800.00;9.50;1534.00;0.00;14744
343;naval_base_spawn;3014.00;9.50;1838.00;0.00;15540
611;naval_base_spawn;3034.00;9.50;638.00;0.00;11249
288;naval_base_spawn;2639.00;9.50;1966.00;0.00;10220
519;naval_base_spawn;1921.00;9.50;1341.00;0.00;14931
248;naval_base_spawn;3970.00;9.50;387.00;0.00;10322
402;naval_base_spawn;5296.00;9.50;1704.00;0.00;12002
173;naval_base_spawn;3441.00;9.50;1522.00;0.00;13592
463;naval_base_spawn;4394.00;9.50;1482.00;0.00;14589
296;naval_base_spawn;4665.00;9.50;1898.00;0.00;13541
306;naval_base_spawn;3355.00;9.50;1907.00;0.00;9521
490;naval_base_spawn;5165.00;9.50;1451.00;0.00;14900
295;naval_base_spawn;2728.00;9.50;1454.00;0.00;15864
709;naval_base_spawn;2851.00;9.50;1261.00;0.00;14727
131;naval_base_spawn;2806.00;9.50;1605.00;0.00;13423
160;naval_base_spawn;4903.00;9.50;1122.00;0.00;13003
348;naval_base_spawn;1708.00;9.50;1846.00;0.00;14001
492;naval_base_spawn;1619.00;9.50;1395.00;0.00;13894
81;naval_base_spawn;2821.00;9.50;1541.00;0.00;14252
154;naval_base_spawn;3720.00;9.50;1464.00;0.00;15828
489;naval_base_spawn;3718.00;9.50;1478.00;0.00;15828
75;naval_base_spawn;2685.00;9.50;1553.00;0.00;14337
16;naval_base_spawn;5098.00;9.50;1896.00;0.00;9533
31;naval_base_spawn;5358.00;9.50;1764.00;0.00;12390
332;naval_base_spawn;2530.00;9.50;1489.00;0.00;10178
299;naval_base_spawn;2046.00;9.50;1968.00;0.00;13977
451;naval_base_spawn;3636.00;9.50;1587.00;0.00;14492
486;naval_base_spawn;1747.00;9.50;1419.00;0.00;9505
181;naval_base_spawn;3715.00;9.50;1091.00;0.00;16250
319;naval_base_spawn;4465.00;9.50;1803.00;0.00;14330
348;naval_base_spawn;1698.00;9.50;1827.00;0.00;14001
328;naval_base_spawn;3205.00;9.50;1601.00;0.00;14570
262;naval_base_spawn;2977.00;9.50;148.00;0.00;11196
616;naval_base_spawn;2461.00;9.50;199.00;0.00;13426
537;naval_base_spawn;1931.00;9.50;1211.00;0.00;11704
318;naval_base_spawn;2596.00;9.50;1862.00;0.00;12459
1;naval_base_spawn;1221.00;9.50;2046.00;0.00;12655
139;naval_base_spawn;4462.00;9.50;1682.00;0.00;14432
238;naval_base_spawn;4049.00;9.50;366.00;0.00;13089
585;naval_base_spawn;2130.00;9.50;739.00;0.00;14683
617;naval_base_spawn;3073.00;9.50;629.00;0.00;10926
96;naval_base_spawn;2950.00;9.50;1482.00;0.00;12468
457;naval_base_spawn;1843.00;9.50;1569.00;0.00;13442
725;naval_base_spawn;3159.00;9.50;1035.00;0.00;15180
629;naval_base_spawn;3505.00;9.50;489.00;0.00;10721
277;naval_base_spawn;1974.00;9.50;1233.00;0.00;12765
579;naval_base_spawn;3135.00;9.50;908.00;0.00;14417
130;naval_base_spawn;783.00;9.50;1368.00;0.00;15966
316;naval_base_spawn;2711.00;9.50;1696.00;0.00;10040
243;naval_base_spawn;4287.00;9.50;284.00;0.00;13368
339;naval_base_spawn;2268.00;9.50;1858.00;0.00;14836
84;naval_base_spawn;3274.00;9.50;1727.00;0.00;8849
426;naval_base_spawn;1767.00;9.50;1691.00;0.00;15647
294;naval_base_spawn;4995.00;9.50;1947.00;0.00;14482
264;naval_base_spawn;3353.00;9.50;124.00;0.00;12984
5;naval_base_spawn;3622.00;9.50;124.00;0.00;13497
443;naval_base_spawn;1941.00;9.50;1639.00;0.00;15149
204;naval_base_spawn;4773.00;9.50;932.00;0.00;11456
551;naval_base_spawn;2185.00;9.50;1183.00;0.00;12057
220;naval_base_spawn;4982.00;9.50;1109.00;0.00;16245
16;naval_base_spawn;5043.00;9.50;1861.00;0.00;11454
388;naval_base_spawn;4403.00;9.50;1688.00;0.00;14778
411;naval_base_spawn;2140.00;9.50;398.00;0.00;13739
280;naval_base_spawn;2284.00;9.50;1984.00;0.00;13494
457;naval_base_spawn;1828.00;9.50;1536.00;0.00;14744
236;naval_base_spawn;4242.00;9.50;848.00;0.00;16490
582;naval_base_spawn;3484.00;9.50;118.00;0.00;16964
453;naval_base_spawn;4647.00;9.50;1486.00;0.00;12108
299;naval_base_spawn;2019.00;9.50;1956.00;0.00;11980
135;naval_base_spawn;3225.00;9.50;1584.00;0.00;15075
693;naval_base_spawn;2584.00;9.50;1382.00;0.00;12440
467;naval_base_spawn;3486.00;9.50;1493.00;0.00;12948
196;naval_base_spawn;4349.00;9.50;1444.00;0.00;9192
467;naval_base_spawn;3516.00;9.50;1490.00;0.00;12948
457;naval_base_spawn;1864.00;9.50;1560.00;0.00;13442
461;naval_base_spawn;2798.00;9.50;1555.00;0.00;14252
318;naval_base_spawn;2746.00;9.50;1831.00;0.00;8879
413;naval_base_spawn;4751.00;9.50;1683.00;0.00;13876
585;naval_base_spawn;2133.00;9.50;756.00;0.00;10946
431;naval_base_spawn;1688.00;9.50;1646.00;0.00;15693
280;naval_base_spawn;2309.00;9.50;1985.00;0.00;15369
455;naval_base_spawn;2628.00;9.50;1537.00;0.00;15776
260;naval_base_spawn;1549.00;9.50;1497.00;0.00;11384
479;naval_base_spawn;2349.00;9.50;1454.00;0.00;15850
79;naval_base_spawn;1754.00;9.50;1512.00;0.00;15775
450;naval_base_spawn;1371.00;9.50;1592.00;0.00;13840
600;naval_base_spawn;2668.00;9.50;149.00;0.00;11678
372;naval_base_spawn;3138.00;9.50;983.00;0.00;12773
255;naval_base_spawn;3276.00;9.50;1467.00;0.00;10252
277;naval_base_spawn;1964.00;9.50;1224.00;0.00;12765
296;naval_base_spawn;4763.00;9.50;2002.00;0.00;15348
303;naval_base_spawn;1886.00;9.50;1900.00;0.00;15460
418;naval_base_spawn;3245.00;9.50;1671.00;0.00;12983
202;naval_base_spawn;5235.00;9.50;947.00;0.00;11001
440;naval_base_spawn;3327.00;9.50;1573.00;0.00;14810
448;naval_base_spawn;3388.00;9.50;1584.00;0.00;9882
288;naval_base_spawn;2684.00;9.50;2012.00;0.00;15339
64;naval_base_spawn;1692.00;9.50;1742.00;0.00;12249
204;naval_base_spawn;4741.00;9.50;946.00;0.00;13950
375;naval_base_spawn;5249.00;9.50;1749.00;0.00;15597
473;naval_base_spawn;5207.00;9.50;1543.00;0.00;15227
529;naval_base_spawn;4354.00;9.50;1274.00;0.00;16075
296;naval_base_spawn;4792.00;9.50;2008.00;0.00;12485
380;naval_base_spawn;2890.00;9.50;1738.00;0.00;13179
49;naval_base_spawn;2643.00;9.50;1603.00;0.00;12944
212;naval_base_spawn;3735.00;9.50;154.00;0.00;15247
432;naval_base_spawn;2393.00;9.50;1142.00;0.00;14648
292;naval_base_spawn;3275.00;9.50;1964.00;0.00;9415
193;naval_base_spawn;1627.00;9.50;1046.00;0.00;13770
537;naval_base_spawn;1916.00;9.50;1260.00;0.00;16084
556;naval_base_spawn;2020.00;9.50;1126.00;0.00;14709
148;naval_base_spawn;1578.00;9.50;1268.00;0.00;16095
611;naval_base_spawn;2985.00;9.50;639.00;0.00;12518
514;naval_base_spawn;2457.00;9.50;1094.00;0.00;15277
266;naval_base_spawn;1804.00;9.50;1352.00;0.00;12854
309;naval_base_spawn;2929.00;9.50;1637.00;0.00;11952
102;naval_base_spawn;2693.00;9.50;1589.00;0.00;15725
200;naval_base_spawn;4252.00;9.50;1437.00;0.00;14893
457;naval_base_spawn;1817.00;9.50;1541.00;0.00;14744
4;naval_base_spawn;2350.00;9.50;213.00;0.00;16884
388;naval_base_spawn;4372.00;9.50;1718.00;0.00;9893
478;naval_base_spawn;3006.00;9.50;1497.00;0.00;15806
533;naval_base_spawn;1796.00;9.50;1205.00;0.00;12318
296;naval_base_spawn;4728.00;9.50;2001.00;0.00;14127
254;naval_base_spawn;3924.00;9.50;232.00;0.00;14428
170;naval_base_spawn;5137.00;9.50;1107.00;0.00;16241
261;naval_base_spawn;5310.00;9.50;250.00;0.00;14801
14;naval_base_spawn;3696.00;9.50;367.00;0.00;14053
248;naval_base_spawn;3984.00;9.50;367.00;0.00;12426
306;naval_base_spawn;3379.00;9.50;1909.00;0.00;9521
529;naval_base_spawn;4381.00;9.50;1247.00;0.00;16100
725;naval_base_spawn;3156.00;9.50;1046.00;0.00;15180
530;naval_base_spawn;3413.00;9.50;125.00;0.00;12642
123;naval_base_spawn;5267.00;9.50;1397.00;0.00;10686
320;naval_base_spawn;2474.00;9.50;1045.00;0.00;14240
299;naval_base_spawn;1972.00;9.50;1954.00;0.00;10261
552;naval_base_spawn;5011.00;9.50;1116.00;0.00;14366
259;naval_base_spawn;169.00;9.50;363.00;0.00;16803
268;naval_base_spawn;2478.00;9.50;1980.00;0.00;15373
40;naval_base_spawn;2025.00;9.50;1886.00;0.00;12091
618;naval_base_spawn;2834.00;9.50;569.00;0.00;10585
288;naval_base_spawn;2687.00;9.50;1926.00;0.00;10035
438;naval_base_spawn;3300.00;9.50;1581.00;0.00;13964
288;naval_base_spawn;2706.00;9.50;2008.00;0.00;15339
196;naval_base_spawn;4284.00;9.50;1445.00;0.00;13087
357;naval_base_spawn;5177.00;9.50;1800.00;0.00;15569
294;naval_base_spawn;4997.00;9.50;1993.00;0.00;12536
292;naval_base_spawn;3312.00;9.50;1941.00;0.00;13299
541;naval_base_spawn;2001.00;9.50;1166.00;0.00;16235
452;naval_base_spawn;5159.00;9.50;1587.00;0.00;11398
590;naval_base_spawn;3257.00;9.50;150.00;0.00;16935
285;naval_base_spawn;2066.00;9.50;1259.00;0.00;16087
68;naval_base_spawn;1185.00;9.50;1558.00;0.00;14032
455;naval_base_spawn;2585.00;9.50;1521.00;0.00;11235
455;naval_base_spawn;2623.00;9.50;1518.00;0.00;15040
602;naval_base_spawn;3322.00;9.50;678.00;0.00;12269
520;naval_base_spawn;4975.00;9.50;1292.00;0.00;16065
260;naval_base_spawn;1465.00;9.50;1552.00;0.00;14579
113;naval_base_spawn;2961.00;9.50;697.00;0.00;9027
623;naval_base_spawn;3400.00;9.50;541.00;0.00;11817
150;naval_base_spawn;2866.00;9.50;135.00;0.00;16941
673;naval_base_spawn;1779.00;9.50;1710.00;0.00;15000
448;naval_base_spawn;3410.00;9.50;1583.00;0.00;13619
89;naval_base_spawn;5232.00;9.50;1504.00;0.00;13197
734;naval_base_spawn;2954.00;9.50;884.00;0.00;12815
74;naval_base_spawn;3107.00;9.50;1660.00;0.00;15668
9;naval_base_spawn;1175.00;9.50;2007.00;0.00;14677
519;naval_base_spawn;1825.00;9.50;1380.00;0.00;15959
2;naval_base_spawn;3561.00;9.50;2004.00;0.00;15352
318;naval_base_spawn;2537.00;9.50;1863.00;0.00;15498
214;naval_base_spawn;2218.00;9.50;322.00;0.00;12829
209;naval_base_spawn;4874.00;9.50;911.00;0.00;16424
43;naval_base_spawn;2707.00;9.50;1637.00;0.00;12457
264;naval_base_spawn;3368.00;9.50;126.00;0.00;12984
467;naval_base_spawn;3467.00;9.50;1502.00;0.00;9678
550;naval_base_spawn;2279.00;9.50;1153.00;0.00;14633
539;naval_base_spawn;2030.00;9.50;1142.00;0.00;16235
505;naval_base_spawn;5036.00;9.50;1374.00;0.00;12369
258;naval_base_spawn;2772.00;9.50;1669.00;0.00;15108
437;naval_base_spawn;2974.00;9.50;1617.00;0.00;12739
433;naval_base_spawn;2904.00;9.50;1629.00;0.00;11679
180;naval_base_spawn;5064.00;9.50;1149.00;0.00;13530
501;naval_base_spawn;4699.00;9.50;1266.00;0.00;14051
32;naval_base_spawn;1666.00;9.50;1715.00;0.00;13923
294;naval_base_spawn;5046.00;9.50;2004.00;0.00;15344
604;naval_base_spawn;3339.00;9.50;549.00;0.00;12986
299;naval_base_spawn;1978.00;9.50;1976.00;0.00;15146
611;naval_base_spawn;2999.00;9.50;649.00;0.00;16625
602;naval_base_spawn;3299.00;9.50;725.00;0.00;11597
213;naval_base_spawn;3857.00;9.50;933.00;0.00;13056
211;naval_base_spawn;4788.00;9.50;931.00;0.00;11456
604;naval_base_spawn;3336.00;9.50;563.00;0.00;12986
244;naval_base_spawn;5402.00;9.50;721.00;0.00;11140
555;naval_base_spawn;1923.00;9.50;1089.00;0.00;16270
339;naval_base_spawn;2227.00;9.50;1857.00;0.00;9523
130;naval_base_spawn;701.00;9.50;1381.00;0.00;12530
294;naval_base_spawn;4984.00;9.50;1915.00;0.00;15448
322;naval_base_spawn;4560.00;9.50;1838.00;0.00;15537
343;naval_base_spawn;3032.00;9.50;1836.00;0.00;15540
178;naval_base_spawn;4013.00;9.50;1483.00;0.00;15824
426;naval_base_spawn;1764.00;9.50;1677.00;0.00;13229
366;naval_base_spawn;4922.00;9.50;1784.00;0.00;13708
639;naval_base_spawn;3824.00;9.50;397.00;0.00;16776
616;naval_base_spawn;2426.00;9.50;201.00;0.00;14800
629;naval_base_spawn;3522.00;9.50;490.00;0.00;10721
610;naval_base_spawn;2141.00;9.50;645.00;0.00;14078
734;naval_base_spawn;2938.00;9.50;887.00;0.00;10903
163;naval_base_spawn;5061.00;9.50;1412.00;0.00;15910
604;naval_base_spawn;3325.00;9.50;606.00;0.00;13698
96;naval_base_spawn;2940.00;9.50;1490.00;0.00;15804
637;naval_base_spawn;2849.00;9.50;508.00;0.00;15028
239;naval_base_spawn;4088.00;9.50;285.00;0.00;16847
443;naval_base_spawn;1967.00;9.50;1596.00;0.00;13432
419;naval_base_spawn;4584.00;9.50;1653.00;0.00;12740
280;naval_base_spawn;2012.00;9.50;2024.00;0.00;10557
634;naval_base_spawn;3614.00;9.50;487.00;0.00;13892
499;naval_base_spawn;4422.00;9.50;1438.00;0.00;10352
551;naval_base_spawn;2117.00;9.50;1187.00;0.00;14009
226;naval_base_spawn;3129.00;9.50;137.00;0.00;16933
354;naval_base_spawn;5011.00;9.50;1803.00;0.00;15568
199;naval_base_spawn;4703.00;9.50;995.00;0.00;12712
324;naval_base_spawn;1518.00;9.50;1868.00;0.00;13926
461;naval_base_spawn;2772.00;9.50;1557.00;0.00;14753
90;naval_base_spawn;5312.00;9.50;1537.00;0.00;11307
595;naval_base_spawn;2975.00;9.50;707.00;0.00;9027
501;naval_base_spawn;4655.00;9.50;1290.00;0.00;13857
265;naval_base_spawn;3162.00;9.50;54.00;0.00;14429
100;naval_base_spawn;3449.00;9.50;1486.00;0.00;9553
413;naval_base_spawn;4700.00;9.50;1677.00;0.00;15648
472;naval_base_spawn;3584.00;9.50;1481.00;0.00;15823
511;naval_base_spawn;4748.00;9.50;1431.00;0.00;9428
684;naval_base_spawn;1778.00;9.50;1518.00;0.00;15775
288;naval_base_spawn;2791.00;9.50;1965.00;0.00;11827
211;naval_base_spawn;4841.00;9.50;917.00;0.00;14635
440;naval_base_spawn;3341.00;9.50;1578.00;0.00;14031
267;naval_base_spawn;2490.00;9.50;1089.00;0.00;15277
300;naval_base_spawn;3577.00;9.50;1985.00;0.00;15365
182;naval_base_spawn;4562.00;9.50;1347.00;0.00;16000
465;naval_base_spawn;3367.00;9.50;1503.00;0.00;10472
691;naval_base_spawn;4725.00;9.50;1436.00;0.00;9428
147;naval_base_spawn;5088.00;9.50;1310.00;0.00;16040
229;naval_base_spawn;4711.00;9.50;1261.00;0.00;14051
211;naval_base_spawn;4814.00;9.50;935.00;0.00;16402
60;naval_base_spawn;1532.00;9.50;1541.00;0.00;15758
106;naval_base_spawn;2804.00;9.50;1661.00;0.00;12698
303;naval_base_spawn;1753.00;9.50;1902.00;0.00;13763
446;naval_base_spawn;2870.00;9.50;1581.00;0.00;14831
108;naval_base_spawn;5235.00;9.50;1396.00;0.00;12809
675;naval_base_spawn;2315.00;9.50;1417.00;0.00;11638
280;naval_base_spawn;2178.00;9.50;2019.00;0.00;14377
375;naval_base_spawn;5249.00;9.50;1740.00;0.00;15613
585;naval_base_spawn;2132.00;9.50;773.00;0.00;10946
150;naval_base_spawn;2879.00;9.50;136.00;0.00;16941
158;naval_base_spawn;1582.00;9.50;1222.00;0.00;14052
660;naval_base_spawn;2043.00;9.50;1381.00;0.00;14400
263;naval_base_spawn;3104.00;9.50;64.00;0.00;11671
354;naval_base_spawn;4959.00;9.50;1805.00;0.00;14529
630;naval_base_spawn;2890.00;9.50;506.00;0.00;12710
507;naval_base_spawn;4570.00;9.50;1392.00;0.00;11700
347;naval_base_spawn;2873.00;9.50;1676.00;0.00;12393
9;naval_base_spawn;1069.00;9.50;1969.00;0.00;12013
357;naval_base_spawn;5212.00;9.50;1760.00;0.00;15595
294;naval_base_spawn;5066.00;9.50;1950.00;0.00;11087
533;naval_base_spawn;1774.00;9.50;1174.00;0.00;16182
637;naval_base_spawn;2808.00;9.50;504.00;0.00;13409
528;naval_base_spawn;1979.00;9.50;1249.00;0.00;14142
299;naval_base_spawn;1893.00;9.50;1936.00;0.00;15418
382;naval_base_spawn;4860.00;9.50;1734.00;0.00;15072
398;naval_base_spawn;3513.00;9.50;1698.00;0.00;15644
535;naval_base_spawn;5157.00;9.50;1249.00;0.00;12325
380;naval_base_spawn;2862.00;9.50;1711.00;0.00;11076
498;naval_base_spawn;3673.00;9.50;1412.00;0.00;15918
721;naval_base_spawn;2931.00;9.50;1241.00;0.00;16107
600;naval_base_spawn;2679.00;9.50;144.00;0.00;16938
68;naval_base_spawn;1201.00;9.50;1570.00;0.00;12559
130;naval_base_spawn;716.00;9.50;1371.00;0.00;10662
280;naval_base_spawn;2272.00;9.50;2016.00;0.00;14990
368;naval_base_spawn;3342.00;9.50;1752.00;0.00;14105
288;naval_base_spawn;2741.00;9.50;1933.00;0.00;13515
242;naval_base_spawn;4347.00;9.50;259.00;0.00;12216
386;naval_base_spawn;4794.00;9.50;1718.00;0.00;9547
95;naval_base_spawn;2780.00;9.50;1466.00;0.00;15845
202;naval_base_spawn;5219.00;9.50;956.00;0.00;9107
150;naval_base_spawn;2938.00;9.50;140.00;0.00;12408
238;naval_base_spawn;4116.00;9.50;352.00;0.00;14805
60;naval_base_spawn;1585.00;9.50;1564.00;0.00;11404
382;naval_base_spawn;4870.00;9.50;1729.00;0.00;15072
650;naval_base_spawn;2546.00;9.50;1658.00;0.00;14557
589;naval_base_spawn;2874.00;9.50;805.00;0.00;16527
268;naval_base_spawn;2441.00;9.50;2024.00;0.00;15327
294;naval_base_spawn;5031.00;9.50;1942.00;0.00;15163
74;naval_base_spawn;3069.00;9.50;1643.00;0.00;13121
303;naval_base_spawn;1799.00;9.50;1919.00;0.00;12470
228;naval_base_spawn;2795.00;9.50;505.00;0.00;13409
113;naval_base_spawn;2952.00;9.50;684.00;0.00;11254
560;naval_base_spawn;5140.00;9.50;1068.00;0.00;14460
270;naval_base_spawn;5191.00;9.50;1619.00;0.00;14951
239;naval_base_spawn;4235.00;9.50;295.00;0.00;13799
595;naval_base_spawn;2985.00;9.50;718.00;0.00;14141
67;naval_base_spawn;1760.00;9.50;1637.00;0.00;12499
318;naval_base_spawn;2674.00;9.50;1866.00;0.00;9661
482;naval_base_spawn;3928.00;9.50;1495.00;0.00;12555
3;naval_base_spawn;3513.00;9.50;124.00;0.00;16967
646;naval_base_spawn;5088.00;9.50;1444.00;0.00;15870
337;naval_base_spawn;2297.00;9.50;240.00;0.00;13611
153;naval_base_spawn;5061.00;9.50;1252.00;0.00;12818
465;naval_base_spawn;3402.00;9.50;1511.00;0.00;14363
366;naval_base_spawn;4892.00;9.50;1746.00;0.00;14136
18;naval_base_spawn;5180.00;9.50;1875.00;0.00;13300
302;naval_base_spawn;2082.00;9.50;808.00;0.00;14548
209;naval_base_spawn;4896.00;9.50;955.00;0.00;15087
515;naval_base_spawn;2488.00;9.50;188.00;0.00;16908
126;naval_base_spawn;5124.00;9.50;1459.00;0.00;14898
260;naval_base_spawn;1553.00;9.50;1474.00;0.00;14582
288;naval_base_spawn;2800.00;9.50;1998.00;0.00;14592
541;naval_base_spawn;1996.00;9.50;1153.00;0.00;16008
684;naval_base_spawn;1769.00;9.50;1502.00;0.00;15775
26;naval_base_spawn;2991.00;9.50;1591.00;0.00;12574
408;naval_base_spawn;1938.00;9.50;998.00;0.00;13543
286;naval_base_spawn;4711.00;9.50;1458.00;0.00;15857
294;naval_base_spawn;5086.00;9.50;1955.00;0.00;15231
268;naval_base_spawn;2457.00;9.50;2014.00;0.00;15327
81;naval_base_spawn;2814.00;9.50;1522.00;0.00;9699
489;naval_base_spawn;3646.00;9.50;1468.00;0.00;15091
492;naval_base_spawn;1589.00;9.50;1457.00;0.00;14179
96;naval_base_spawn;2923.00;9.50;1489.00;0.00;13118
241;naval_base_spawn;4257.00;9.50;345.00;0.00;16816
307;naval_base_spawn;4942.00;9.50;2020.00;0.00;15320
529;naval_base_spawn;4376.00;9.50;1252.00;0.00;16100
167;naval_base_spawn;4549.00;9.50;1154.00;0.00;16219
477;naval_base_spawn;2833.00;9.50;1506.00;0.00;9699
218;naval_base_spawn;4905.00;9.50;1154.00;0.00;11940
595;naval_base_spawn;2973.00;9.50;745.00;0.00;13975
330;naval_base_spawn;2456.00;9.50;1485.00;0.00;13467
76;naval_base_spawn;3336.00;9.50;1617.00;0.00;11085
196;naval_base_spawn;4362.00;9.50;1445.00;0.00;12409
248;naval_base_spawn;4032.00;9.50;364.00;0.00;14910
339;naval_base_spawn;2370.00;9.50;1874.00;0.00;15124
298;naval_base_spawn;3452.00;9.50;1928.00;0.00;15421
457;naval_base_spawn;1805.00;9.50;1558.00;0.00;9676
34;naval_base_spawn;2800.00;9.50;1690.00;0.00;11732
268;naval_base_spawn;2528.00;9.50;1981.00;0.00;15376
330;naval_base_spawn;2489.00;9.50;1480.00;0.00;15827
70;naval_base_spawn;2837.00;9.50;1601.00;0.00;13423
379;naval_base_spawn;2750.00;9.50;1466.00;0.00;15843
363;naval_base_spawn;5095.00;9.50;1789.00;0.00;9845
527;naval_base_spawn;2659.00;9.50;1362.00;0.00;13398
3;naval_base_spawn;3571.00;9.50;116.00;0.00;11540
170;naval_base_spawn;5169.00;9.50;1147.00;0.00;16204
178;naval_base_spawn;4044.00;9.50;1472.00;0.00;13489
229;naval_base_spawn;4652.00;9.50;1240.00;0.00;16101
260;naval_base_spawn;1472.00;9.50;1547.00;0.00;14579
68;naval_base_spawn;1232.00;9.50;1560.00;0.00;11554
452;naval_base_spawn;5168.00;9.50;1574.00;0.00;11398
478;naval_base_spawn;3019.00;9.50;1506.00;0.00;15794
317;naval_base_spawn;1087.00;9.50;1874.00;0.00;14253
510;naval_base_spawn;2148.00;9.50;1340.00;0.00;16025
602;naval_base_spawn;3313.00;9.50;669.00;0.00;12269
8;naval_base_spawn;3535.00;9.50;1579.00;0.00;11369
26;naval_base_spawn;2977.00;9.50;1571.00;0.00;12903
288;naval_base_spawn;2615.00;9.50;2026.00;0.00;15317
9;naval_base_spawn;1101.00;9.50;1985.00;0.00;11904
247;naval_base_spawn;3850.00;9.50;397.00;0.00;11676
200;naval_base_spawn;4294.00;9.50;1421.00;0.00;10442
443;naval_base_spawn;1924.00;9.50;1653.00;0.00;15149
4;naval_base_spawn;2311.00;9.50;232.00;0.00;13611
508;naval_base_spawn;4655.00;9.50;1377.00;0.00;15085
72;naval_base_spawn;2869.00;9.50;1556.00;0.00;8821
359;naval_base_spawn;2619.00;9.50;1575.00;0.00;15736
660;naval_base_spawn;2082.00;9.50;1403.00;0.00;15939
160;naval_base_spawn;4869.00;9.50;1142.00;0.00;13360
449;naval_base_spawn;4544.00;9.50;1501.00;0.00;12570
302;naval_base_spawn;2116.00;9.50;789.00;0.00;9936
280;naval_base_spawn;2054.00;9.50;2012.00;0.00;12787
731;naval_base_spawn;3035.00;9.50;890.00;0.00;16446
623;naval_base_spawn;3374.00;9.50;542.00;0.00;13367
131;naval_base_spawn;2779.00;9.50;1610.00;0.00;9849
160;naval_base_spawn;4856.00;9.50;1148.00;0.00;11425
510;naval_base_spawn;2139.00;9.50;1349.00;0.00;14649
651;naval_base_spawn;2574.00;9.50;1635.00;0.00;15133
80;naval_base_spawn;1146.00;9.50;1546.00;0.00;15759
14;naval_base_spawn;3680.00;9.50;355.00;0.00;16800
1;naval_base_spawn;1254.00;9.50;2028.00;0.00;15330
529;naval_base_spawn;4397.00;9.50;1210.00;0.00;9038
618;naval_base_spawn;2848.00;9.50;555.00;0.00;9185
167;naval_base_spawn;4499.00;9.50;1157.00;0.00;11320
479;naval_base_spawn;2369.00;9.50;1467.00;0.00;15850
239;naval_base_spawn;4184.00;9.50;299.00;0.00;16839
102;naval_base_spawn;2681.00;9.50;1597.00;0.00;15725
630;naval_base_spawn;2907.00;9.50;508.00;0.00;16707
57;naval_base_spawn;1633.00;9.50;1570.00;0.00;8882
178;naval_base_spawn;4073.00;9.50;1473.00;0.00;15225
611;naval_base_spawn;3038.00;9.50;677.00;0.00;14853
455;naval_base_spawn;2576.00;9.50;1517.00;0.00;15789
625;naval_base_spawn;2136.00;9.50;488.00;0.00;16719
17;naval_base_spawn;1000.00;9.50;1862.00;0.00;15517
316;naval_base_spawn;2638.00;9.50;1678.00;0.00;11041
173;naval_base_spawn;3437.00;9.50;1496.00;0.00;9553
76;naval_base_spawn;3333.00;9.50;1585.00;0.00;14031
32;naval_base_spawn;1642.00;9.50;1712.00;0.00;14958
466;naval_base_spawn;1774.00;9.50;1570.00;0.00;14815
27;naval_base_spawn;1649.00;9.50;1778.00;0.00;15581
514;naval_base_spawn;2441.00;9.50;1101.00;0.00;15277
595;naval_base_spawn;2957.00;9.50;770.00;0.00;16546
450;naval_base_spawn;1404.00;9.50;1581.00;0.00;11729
453;naval_base_spawn;4635.00;9.50;1491.00;0.00;15810
273;naval_base_spawn;5216.00;9.50;1521.00;0.00;11885
213;naval_base_spawn;3863.00;9.50;927.00;0.00;13056
116;naval_base_spawn;2836.00;9.50;1397.00;0.00;9985
634;naval_base_spawn;3660.00;9.50;410.00;0.00;8791
1;naval_base_spawn;1268.00;9.50;2034.00;0.00;12655
336;naval_base_spawn;5147.00;9.50;1839.00;0.00;15543
260;naval_base_spawn;1473.00;9.50;1518.00;0.00;13332
190;naval_base_spawn;4688.00;9.50;1014.00;0.00;12712
532;naval_base_spawn;4693.00;9.50;1201.00;0.00;16161
547;naval_base_spawn;2321.00;9.50;1152.00;0.00;12961
474;naval_base_spawn;4500.00;9.50;1494.00;0.00;11282
693;naval_base_spawn;2599.00;9.50;1377.00;0.00;15944
15;naval_base_spawn;1491.00;9.50;1882.00;0.00;15495
434;naval_base_spawn;2847.00;9.50;1598.00;0.00;13423
302;naval_base_spawn;2099.00;9.50;802.00;0.00;14532
295;naval_base_spawn;2731.00;9.50;1433.00;0.00;12206
341;naval_base_spawn;2992.00;9.50;1830.00;0.00;13149
671;naval_base_spawn;1929.00;9.50;1594.00;0.00;13432
678;naval_base_spawn;2317.00;9.50;1435.00;0.00;15888
9;naval_base_spawn;1036.00;9.50;1959.00;0.00;15379
492;naval_base_spawn;1611.00;9.50;1436.00;0.00;15887
15;naval_base_spawn;1501.00;9.50;1878.00;0.00;15495
263;naval_base_spawn;3049.00;9.50;63.00;0.00;17009
307;naval_base_spawn;4831.00;9.50;2037.00;0.00;14442
358;naval_base_spawn;3300.00;9.50;1752.00;0.00;14295
316;naval_base_spawn;2692.00;9.50;1673.00;0.00;12389
527;naval_base_spawn;2827.00;9.50;1311.00;0.00;16030
4;naval_base_spawn;2366.00;9.50;209.00;0.00;16892
154;naval_base_spawn;3732.00;9.50;1426.00;0.00;13258
254;naval_base_spawn;4000.00;9.50;260.00;0.00;11364
492;naval_base_spawn;1573.00;9.50;1464.00;0.00;14179
157;naval_base_spawn;3656.00;9.50;1212.00;0.00;11900
243;naval_base_spawn;4290.00;9.50;227.00;0.00;14502
326;naval_base_spawn;2472.00;9.50;1871.00;0.00;12504
121;naval_base_spawn;3242.00;9.50;1680.00;0.00;12983
541;naval_base_spawn;1981.00;9.50;1152.00;0.00;16008
36;naval_base_spawn;3086.00;9.50;1622.00;0.00;14928
37;naval_base_spawn;1664.00;9.50;1662.00;0.00;13794
299;naval_base_spawn;2034.00;9.50;1969.00;0.00;13977
3;naval_base_spawn;3529.00;9.50;119.00;0.00;16967
50;naval_base_spawn;3055.00;9.50;1590.00;0.00;15742
330;naval_base_spawn;2478.00;9.50;1480.00;0.00;15827
621;naval_base_spawn;2967.00;9.50;548.00;0.00;12079
402;naval_base_spawn;5298.00;9.50;1685.00;0.00;14731
557;naval_base_spawn;1849.00;9.50;1127.00;0.00;14128
72;naval_base_spawn;2879.00;9.50;1549.00;0.00;14917
308;naval_base_spawn;1927.00;9.50;1907.00;0.00;12039
192;naval_base_spawn;3744.00;9.50;1009.00;0.00;13319
1;naval_base_spawn;1280.00;9.50;2023.00;0.00;9978
78;naval_base_spawn;5373.00;9.50;1535.00;0.00;14320
238;naval_base_spawn;4096.00;9.50;357.00;0.00;13418
348;naval_base_spawn;1692.00;9.50;1863.00;0.00;15512
324;naval_base_spawn;1537.00;9.50;1849.00;0.00;11976
182;naval_base_spawn;4538.00;9.50;1347.00;0.00;11007
365;naval_base_spawn;3475.00;9.50;1764.00;0.00;13934
337;naval_base_spawn;2247.00;9.50;262.00;0.00;13014
422;naval_base_spawn;1943.00;9.50;955.00;0.00;14551
263;naval_base_spawn;3106.00;9.50;91.00;0.00;13233
318;naval_base_spawn;2578.00;9.50;1861.00;0.00;13614
408;naval_base_spawn;1943.00;9.50;981.00;0.00;14551
623;naval_base_spawn;3401.00;9.50;513.00;0.00;12112
372;naval_base_spawn;3170.00;9.50;972.00;0.00;11587
299;naval_base_spawn;1920.00;9.50;1942.00;0.00;9289
167;naval_base_spawn;4476.00;9.50;1170.00;0.00;9587
497;naval_base_spawn;2915.00;9.50;1438.00;0.00;15882
124;naval_base_spawn;2023.00;9.50;1396.00;0.00;14400
169;naval_base_spawn;1599.00;9.50;1158.00;0.00;16193
263;naval_base_spawn;3042.00;9.50;77.00;0.00;14967
618;naval_base_spawn;2919.00;9.50;614.00;0.00;14257
38;naval_base_spawn;2839.00;9.50;1667.00;0.00;12799
254;naval_base_spawn;3954.00;9.50;244.00;0.00;11464
288;naval_base_spawn;2762.00;9.50;1950.00;0.00;9748
162;naval_base_spawn;2401.00;9.50;1110.00;0.00;11215
64;naval_base_spawn;1723.00;9.50;1697.00;0.00;9487
617;naval_base_spawn;3022.00;9.50;590.00;0.00;16656
46;naval_base_spawn;1831.00;9.50;1687.00;0.00;15652
80;naval_base_spawn;1116.00;9.50;1530.00;0.00;9065
129;naval_base_spawn;3342.00;9.50;1483.00;0.00;12262
359;naval_base_spawn;2591.00;9.50;1595.00;0.00;11243
22;naval_base_spawn;2184.00;9.50;333.00;0.00;8863
438;naval_base_spawn;3254.00;9.50;1582.00;0.00;15733
725;naval_base_spawn;3159.00;9.50;1020.00;0.00;14934
623;naval_base_spawn;3437.00;9.50;497.00;0.00;15190
240;naval_base_spawn;4287.00;9.50;334.00;0.00;9466
265;naval_base_spawn;3274.00;9.50;67.00;0.00;17006
263;naval_base_spawn;3008.00;9.50;69.00;0.00;9851
602;naval_base_spawn;3317.00;9.50;716.00;0.00;14200
332;naval_base_spawn;2566.00;9.50;1501.00;0.00;15789
299;naval_base_spawn;1995.00;9.50;1956.00;0.00;15030
474;naval_base_spawn;4416.00;9.50;1478.00;0.00;15830
318;naval_base_spawn;2664.00;9.50;1871.00;0.00;9661
81;naval_base_spawn;2842.00;9.50;1538.00;0.00;13551
294;naval_base_spawn;5031.00;9.50;1971.00;0.00;10081
531;naval_base_spawn;2372.00;9.50;1227.00;0.00;14374
440;naval_base_spawn;3325.00;9.50;1546.00;0.00;12339
294;naval_base_spawn;5180.00;9.50;1993.00;0.00;15363
40;naval_base_spawn;2097.00;9.50;1877.00;0.00;13062
418;naval_base_spawn;3277.00;9.50;1631.00;0.00;15690
258;naval_base_spawn;2758.00;9.50;1663.00;0.00;14977
154;naval_base_spawn;3766.00;9.50;1447.00;0.00;11743
335;naval_base_spawn;3005.00;9.50;1645.00;0.00;13219
317;naval_base_spawn;1154.00;9.50;1866.00;0.00;12802
428;naval_base_spawn;5170.00;9.50;1639.00;0.00;14217
404;naval_base_spawn;4232.00;9.50;1487.00;0.00;15816
260;naval_base_spawn;1514.00;9.50;1490.00;0.00;14488
634;naval_base_spawn;3652.00;9.50;473.00;0.00;16724
223;naval_base_spawn;2856.00;9.50;918.00;0.00;16427
461;naval_base_spawn;2784.00;9.50;1553.00;0.00;10990
492;naval_base_spawn;1602.00;9.50;1419.00;0.00;12868
60;naval_base_spawn;1592.00;9.50;1554.00;0.00;8835
280;naval_base_spawn;2379.00;9.50;1992.00;0.00;15354
433;naval_base_spawn;2914.00;9.50;1597.00;0.00;14669
30;naval_base_spawn;1629.00;9.50;1748.00;0.00;15594
58;naval_base_spawn;3691.00;9.50;1604.00;0.00;12656
124;naval_base_spawn;2000.00;9.50;1388.00;0.00;15938
20;naval_base_spawn;3673.00;9.50;352.00;0.00;16800
35;naval_base_spawn;1601.00;9.50;1702.00;0.00;11050
78;naval_base_spawn;5381.00;9.50;1524.00;0.00;15773
162;naval_base_spawn;2391.00;9.50;1125.00;0.00;14648
621;naval_base_spawn;2995.00;9.50;561.00;0.00;15077
299;naval_base_spawn;1957.00;9.50;1965.00;0.00;12891
181;naval_base_spawn;3719.00;9.50;1047.00;0.00;16305
6;naval_base_spawn;2010.00;9.50;2003.00;0.00;13327
478;naval_base_spawn;3035.00;9.50;1503.00;0.00;11574
47;naval_base_spawn;5414.00;9.50;1610.00;0.00;13813
27;naval_base_spawn;1629.00;9.50;1804.00;0.00;15563
408;naval_base_spawn;1931.00;9.50;1016.00;0.00;12939
265;naval_base_spawn;3262.00;9.50;69.00;0.00;12494
339;naval_base_spawn;2331.00;9.50;1864.00;0.00;13119
270;naval_base_spawn;5189.00;9.50;1596.00;0.00;15722
535;naval_base_spawn;5142.00;9.50;1236.00;0.00;16103
146;naval_base_spawn;5188.00;9.50;1321.00;0.00;10435
295;naval_base_spawn;2739.00;9.50;1467.00;0.00;15843
109;naval_base_spawn;2814.00;9.50;1423.00;0.00;15892
348;naval_base_spawn;1728.00;9.50;1883.00;0.00;12461
190;naval_base_spawn;4646.00;9.50;1022.00;0.00;11403
637;naval_base_spawn;2830.00;9.50;507.00;0.00;11031
349;naval_base_spawn;2806.00;9.50;1779.00;0.00;15575
557;naval_base_spawn;1867.00;9.50;1093.00;0.00;12924
531;naval_base_spawn;2367.00;9.50;1258.00;0.00;10450
498;naval_base_spawn;3663.00;9.50;1411.00;0.00;15918
117;naval_base_spawn;4447.00;9.50;1381.00;0.00;15954
248;naval_base_spawn;3914.00;9.50;399.00;0.00;11368
88;naval_base_spawn;3242.00;9.50;1527.00;0.00;15777
294;naval_base_spawn;5095.00;9.50;1984.00;0.00;15005
8;naval_base_spawn;3571.00;9.50;1590.00;0.00;15724
74;naval_base_spawn;3097.00;9.50;1652.00;0.00;15668
158;naval_base_spawn;1594.00;9.50;1216.00;0.00;13346
154;naval_base_spawn;3758.00;9.50;1475.00;0.00;15836
260;naval_base_spawn;1532.00;9.50;1483.00;0.00;14582
685;naval_base_spawn;5011.00;9.50;1352.00;0.00;15995
438;naval_base_spawn;3308.00;9.50;1621.00;0.00;12202
280;naval_base_spawn;2068.00;9.50;2020.00;0.00;15321
203;naval_base_spawn;2784.00;9.50;123.00;0.00;16962
71;naval_base_spawn;3223.00;9.50;1555.00;0.00;14664
181;naval_base_spawn;3713.00;9.50;1060.00;0.00;16297
14;naval_base_spawn;3713.00;9.50;383.00;0.00;14053
339;naval_base_spawn;2409.00;9.50;1876.00;0.00;9402
95;naval_base_spawn;2801.00;9.50;1493.00;0.00;13602
639;naval_base_spawn;3820.00;9.50;442.00;0.00;16744
127;naval_base_spawn;3370.00;9.50;1753.00;0.00;14523
480;naval_base_spawn;3738.00;9.50;1484.00;0.00;15836
201;naval_base_spawn;4832.00;9.50;1158.00;0.00;11425
590;naval_base_spawn;3240.00;9.50;141.00;0.00;16935
336;naval_base_spawn;5120.00;9.50;1826.00;0.00;12844
238;naval_base_spawn;4026.00;9.50;270.00;0.00;14652
277;naval_base_spawn;2035.00;9.50;1220.00;0.00;13001
600;naval_base_spawn;2634.00;9.50;161.00;0.00;16928
108;naval_base_spawn;5181.00;9.50;1373.00;0.00;15974
2;naval_base_spawn;3571.00;9.50;2025.00;0.00;15324
9;naval_base_spawn;1053.00;9.50;1956.00;0.00;15403
556;naval_base_spawn;2005.00;9.50;1123.00;0.00;14709
275;naval_base_spawn;4554.00;9.50;2029.00;0.00;14988
284;naval_base_spawn;1774.00;9.50;1300.00;0.00;16049
482;naval_base_spawn;3903.00;9.50;1494.00;0.00;12796
330;naval_base_spawn;2514.00;9.50;1483.00;0.00;12083
194;naval_base_spawn;2533.00;9.50;157.00;0.00;16931
294;naval_base_spawn;5158.00;9.50;1980.00;0.00;10413
660;naval_base_spawn;2079.00;9.50;1389.00;0.00;15939
301;naval_base_spawn;3286.00;9.50;1870.00;0.00;15505
419;naval_base_spawn;4683.00;9.50;1673.00;0.00;13086
323;naval_base_spawn;2146.00;9.50;1865.00;0.00;15500
438;naval_base_spawn;3271.00;9.50;1579.00;0.00;15739
448;naval_base_spawn;3409.00;9.50;1548.00;0.00;13453
243;naval_base_spawn;4293.00;9.50;273.00;0.00;14807
9;naval_base_spawn;1114.00;9.50;1986.00;0.00;15360
178;naval_base_spawn;4133.00;9.50;1486.00;0.00;15194
263;naval_base_spawn;3075.00;9.50;92.00;0.00;16985
441;naval_base_spawn;3695.00;9.50;1618.00;0.00;12656
511;naval_base_spawn;4734.00;9.50;1411.00;0.00;9428
503;naval_base_spawn;4463.00;9.50;1421.00;0.00;13703
153;naval_base_spawn;5060.00;9.50;1265.00;0.00;11406
243;naval_base_spawn;4292.00;9.50;254.00;0.00;14807
489;naval_base_spawn;3708.00;9.50;1468.00;0.00;15828
58;naval_base_spawn;3657.00;9.50;1596.00;0.00;11829
389;naval_base_spawn;3518.00;9.50;1726.00;0.00;12994
105;naval_base_spawn;3166.00;9.50;1455.00;0.00;12303
45;naval_base_spawn;1644.00;9.50;1643.00;0.00;15691
141;naval_base_spawn;3156.00;9.50;1307.00;0.00;11137
22;naval_base_spawn;2208.00;9.50;330.00;0.00;12829
450;naval_base_spawn;1424.00;9.50;1567.00;0.00;13848
268;naval_base_spawn;2389.00;9.50;2035.00;0.00;15316
521;naval_base_spawn;2249.00;9.50;1353.00;0.00;14892
371;naval_base_spawn;3435.00;9.50;1761.00;0.00;15600
319;naval_base_spawn;4520.00;9.50;1820.00;0.00;15553
18;naval_base_spawn;5164.00;9.50;1871.00;0.00;13300
248;naval_base_spawn;4004.00;9.50;364.00;0.00;14910
38;naval_base_spawn;2851.00;9.50;1661.00;0.00;13117
105;naval_base_spawn;3195.00;9.50;1458.00;0.00;12303
614;naval_base_spawn;2128.00;9.50;595.00;0.00;12361
223;naval_base_spawn;2871.00;9.50;865.00;0.00;14940
127;naval_base_spawn;3392.00;9.50;1766.00;0.00;15197
298;naval_base_spawn;3513.00;9.50;1961.00;0.00;13143
432;naval_base_spawn;2394.00;9.50;1157.00;0.00;13305
517;naval_base_spawn;2462.00;9.50;1369.00;0.00;15968
402;naval_base_spawn;5281.00;9.50;1709.00;0.00;14793
288;naval_base_spawn;2652.00;9.50;1932.00;0.00;9016
734;naval_base_spawn;2922.00;9.50;891.00;0.00;12622
288;naval_base_spawn;2661.00;9.50;1961.00;0.00;15396
199;naval_base_spawn;4683.00;9.50;998.00;0.00;16359
388;naval_base_spawn;4356.00;9.50;1728.00;0.00;15618
406;naval_base_spawn;3611.00;9.50;1667.00;0.00;13900
299;naval_base_spawn;1932.00;9.50;1955.00;0.00;15398
404;naval_base_spawn;4195.00;9.50;1487.00;0.00;13066
58;naval_base_spawn;3679.00;9.50;1610.00;0.00;12656
155;naval_base_spawn;4517.00;9.50;1498.00;0.00;14137
264;naval_base_spawn;3318.00;9.50;141.00;0.00;16958
503;naval_base_spawn;4483.00;9.50;1416.00;0.00;13837
233;naval_base_spawn;3983.00;9.50;869.00;0.00;9834
263;naval_base_spawn;3055.00;9.50;82.00;0.00;16979
38;naval_base_spawn;2873.00;9.50;1637.00;0.00;13117
34;naval_base_spawn;2820.00;9.50;1699.00;0.00;11732
529;naval_base_spawn;4378.00;9.50;1224.00;0.00;13329
419;naval_base_spawn;4623.00;9.50;1658.00;0.00;15661
307;naval_base_spawn;4910.00;9.50;2025.00;0.00;15319
482;naval_base_spawn;3830.00;9.50;1494.00;0.00;15803
557;naval_base_spawn;1851.00;9.50;1069.00;0.00;14326
211;naval_base_spawn;4822.00;9.50;936.00;0.00;16402
639;naval_base_spawn;3844.00;9.50;428.00;0.00;12634
30;naval_base_spawn;1629.00;9.50;1717.00;0.00;14958
190;naval_base_spawn;4676.00;9.50;1019.00;0.00;13825
450;naval_base_spawn;1395.00;9.50;1586.00;0.00;11729
709;naval_base_spawn;2862.00;9.50;1244.00;0.00;14293
268;naval_base_spawn;2574.00;9.50;2032.00;0.00;8975
280;naval_base_spawn;2212.00;9.50;1974.00;0.00;15372
422;naval_base_spawn;1953.00;9.50;887.00;0.00;14642
225;naval_base_spawn;3068.00;9.50;159.00;0.00;16921
239;naval_base_spawn;4135.00;9.50;288.00;0.00;16845
244;naval_base_spawn;5375.00;9.50;768.00;0.00;15115
80;naval_base_spawn;1157.00;9.50;1541.00;0.00;13274
55;naval_base_spawn;1937.00;9.50;1592.00;0.00;13432
486;naval_base_spawn;1705.00;9.50;1438.00;0.00;15858
225;naval_base_spawn;3095.00;9.50;164.00;0.00;16921
470;naval_base_spawn;3518.00;9.50;1478.00;0.00;13681
602;naval_base_spawn;3280.00;9.50;715.00;0.00;13466
211;naval_base_spawn;4840.00;9.50;925.00;0.00;16409
617;naval_base_spawn;3069.00;9.50;621.00;0.00;10926
113;naval_base_spawn;2928.00;9.50;631.00;0.00;14257
539;naval_base_spawn;2048.00;9.50;1161.00;0.00;17960
345;naval_base_spawn;3250.00;9.50;1843.00;0.00;15526
40;naval_base_spawn;2069.00;9.50;1882.00;0.00;9443
508;naval_base_spawn;4632.00;9.50;1324.00;0.00;14403
280;naval_base_spawn;2111.00;9.50;2019.00;0.00;13833
242;naval_base_spawn;4343.00;9.50;272.00;0.00;12216
498;naval_base_spawn;3640.00;9.50;1411.00;0.00;13567
223;naval_base_spawn;2861.00;9.50;927.00;0.00;16427
5;naval_base_spawn;3712.00;9.50;147.00;0.00;9887
146;naval_base_spawn;5172.00;9.50;1318.00;0.00;12309
371;naval_base_spawn;3425.00;9.50;1765.00;0.00;15587
229;naval_base_spawn;4661.00;9.50;1243.00;0.00;16101
238;naval_base_spawn;4074.00;9.50;361.00;0.00;15152
247;naval_base_spawn;3883.00;9.50;401.00;0.00;12676
601;naval_base_spawn;3245.00;9.50;704.00;0.00;12396
71;naval_base_spawn;3229.00;9.50;1571.00;0.00;15075
280;naval_base_spawn;2135.00;9.50;2017.00;0.00;14544
285;naval_base_spawn;2067.00;9.50;1237.00;0.00;16116
194;naval_base_spawn;2596.00;9.50;150.00;0.00;10589
182;naval_base_spawn;4569.00;9.50;1346.00;0.00;16000
288;naval_base_spawn;2713.00;9.50;1925.00;0.00;15442
136;naval_base_spawn;3133.00;9.50;1333.00;0.00;16010
402;naval_base_spawn;5275.00;9.50;1669.00;0.00;15662
499;naval_base_spawn;4384.00;9.50;1441.00;0.00;15874
478;naval_base_spawn;3009.00;9.50;1483.00;0.00;11613
529;naval_base_spawn;4332.00;9.50;1259.00;0.00;13949
318;naval_base_spawn;2716.00;9.50;1857.00;0.00;13490
15;naval_base_spawn;1485.00;9.50;1894.00;0.00;13546
441;naval_base_spawn;3685.00;9.50;1619.00;0.00;12656
388;naval_base_spawn;4383.00;9.50;1709.00;0.00;9893
369;naval_base_spawn;3459.00;9.50;1755.00;0.00;13934
551;naval_base_spawn;2214.00;9.50;1177.00;0.00;12830
388;naval_base_spawn;4433.00;9.50;1687.00;0.00;14778
455;naval_base_spawn;2643.00;9.50;1525.00;0.00;15776
571;naval_base_spawn;3156.00;9.50;1102.00;0.00;14696
60;naval_base_spawn;1568.00;9.50;1593.00;0.00;11256
127;naval_base_spawn;3405.00;9.50;1771.00;0.00;15587
462;naval_base_spawn;3027.00;9.50;1557.00;0.00;14265
263;naval_base_spawn;3020.00;9.50;61.00;0.00;17010
503;naval_base_spawn;4497.00;9.50;1371.00;0.00;12267
503;naval_base_spawn;4472.00;9.50;1417.00;0.00;13837
425;naval_base_spawn;2745.00;9.50;1639.00;0.00;14825
150;naval_base_spawn;2850.00;9.50;135.00;0.00;13392
88;naval_base_spawn;3260.00;9.50;1514.00;0.00;15795
39;naval_base_spawn;2631.00;9.50;1672.00;0.00;11041
529;naval_base_spawn;4370.00;9.50;1272.00;0.00;12764
139;naval_base_spawn;4450.00;9.50;1681.00;0.00;15650
440;naval_base_spawn;3299.00;9.50;1538.00;0.00;15764
425;naval_base_spawn;2761.00;9.50;1622.00;0.00;14825
25;naval_base_spawn;1639.00;9.50;1821.00;0.00;15563
1;naval_base_spawn;1227.00;9.50;2040.00;0.00;10207
142;naval_base_spawn;3276.00;9.50;1316.00;0.00;12620
260;naval_base_spawn;1541.00;9.50;1504.00;0.00;11384
457;naval_base_spawn;1855.00;9.50;1564.00;0.00;13442
284;naval_base_spawn;1790.00;9.50;1315.00;0.00;12981
134;naval_base_spawn;3404.00;9.50;1401.00;0.00;10140
20;naval_base_spawn;3669.00;9.50;387.00;0.00;16784
245;naval_base_spawn;140.00;9.50;647.00;0.00;16631
178;naval_base_spawn;4162.00;9.50;1492.00;0.00;13066
531;naval_base_spawn;2393.00;9.50;1211.00;0.00;14374
106;naval_base_spawn;2792.00;9.50;1678.00;0.00;15108
260;naval_base_spawn;1436.00;9.50;1530.00;0.00;9874
17;naval_base_spawn;971.00;9.50;1866.00;0.00;9474
316;naval_base_spawn;2702.00;9.50;1686.00;0.00;10040
220;naval_base_spawn;4937.00;9.50;1131.00;0.00;16232
507;naval_base_spawn;4604.00;9.50;1380.00;0.00;14360
268;naval_base_spawn;2522.00;9.50;2039.00;0.00;15073
210;naval_base_spawn;1691.00;9.50;946.00;0.00;9619
181;naval_base_spawn;3700.00;9.50;1170.00;0.00;13417
284;naval_base_spawn;1803.00;9.50;1245.00;0.00;12414
46;naval_base_spawn;1817.00;9.50;1691.00;0.00;13322
134;naval_base_spawn;3375.00;9.50;1396.00;0.00;13297
268;naval_base_spawn;2572.00;9.50;1976.00;0.00;13231
602;naval_base_spawn;3333.00;9.50;645.00;0.00;16626
357;naval_base_spawn;5209.00;9.50;1793.00;0.00;15061
243;naval_base_spawn;4301.00;9.50;265.00;0.00;14807
196;naval_base_spawn;4323.00;9.50;1440.00;0.00;15862
552;naval_base_spawn;5008.00;9.50;1166.00;0.00;14869
508;naval_base_spawn;4639.00;9.50;1312.00;0.00;14403
141;naval_base_spawn;3177.00;9.50;1314.00;0.00;16037
587;naval_base_spawn;2884.00;9.50;836.00;0.00;15117
280;naval_base_spawn;2240.00;9.50;2020.00;0.00;15326
550;naval_base_spawn;2252.00;9.50;1159.00;0.00;13972
118;naval_base_spawn;3241.00;9.50;1483.00;0.00;11276
263;naval_base_spawn;3076.00;9.50;110.00;0.00;12688
32;naval_base_spawn;1662.00;9.50;1700.00;0.00;13923
409;naval_base_spawn;3575.00;9.50;1688.00;0.00;13547
186;naval_base_spawn;5182.00;9.50;1054.00;0.00;16293
1;naval_base_spawn;1196.00;9.50;2041.00;0.00;15058
182;naval_base_spawn;4551.00;9.50;1396.00;0.00;11700
242;naval_base_spawn;4346.00;9.50;225.00;0.00;16885
403;naval_base_spawn;2962.00;9.50;1660.00;0.00;15663
679;naval_base_spawn;1663.00;9.50;1501.00;0.00;11641
642;naval_base_spawn;5174.00;9.50;1639.00;0.00;14217
294;naval_base_spawn;5129.00;9.50;1955.00;0.00;10955
84;naval_base_spawn;3265.00;9.50;1720.00;0.00;8849
268;naval_base_spawn;2545.00;9.50;1979.00;0.00;15376
419;naval_base_spawn;4587.00;9.50;1661.00;0.00;12740
324;naval_base_spawn;1547.00;9.50;1837.00;0.00;13519
482;naval_base_spawn;3863.00;9.50;1492.00;0.00;10511
15;naval_base_spawn;1449.00;9.50;1887.00;0.00;15486
192;naval_base_spawn;3752.00;9.50;1014.00;0.00;16336
39;naval_base_spawn;2632.00;9.50;1658.00;0.00;9714
489;naval_base_spawn;3652.00;9.50;1463.00;0.00;15091
280;naval_base_spawn;2158.00;9.50;2019.00;0.00;14544
693;naval_base_spawn;2566.00;9.50;1383.00;0.00;12440
72;naval_base_spawn;2891.00;9.50;1551.00;0.00;11537
71;naval_base_spawn;3248.00;9.50;1547.00;0.00;15762
154;naval_base_spawn;3720.00;9.50;1428.00;0.00;13258
194;naval_base_spawn;2608.00;9.50;151.00;0.00;10589
555;naval_base_spawn;1910.00;9.50;1093.00;0.00;13400
223;naval_base_spawn;2851.00;9.50;891.00;0.00;13982
238;naval_base_spawn;4073.00;9.50;284.00;0.00;16847
318;naval_base_spawn;2690.00;9.50;1862.00;0.00;13061
167;naval_base_spawn;4581.00;9.50;1129.00;0.00;16239
380;naval_base_spawn;2896.00;9.50;1750.00;0.00;13179
386;naval_base_spawn;4821.00;9.50;1709.00;0.00;15624
244;naval_base_spawn;5411.00;9.50;682.00;0.00;15244
9;naval_base_spawn;1034.00;9.50;1932.00;0.00;11978
288;naval_base_spawn;2848.00;9.50;1989.00;0.00;9184
37;naval_base_spawn;1647.00;9.50;1676.00;0.00;12495
573;naval_base_spawn;2877.00;9.50;898.00;0.00;14926
147;naval_base_spawn;5126.00;9.50;1309.00;0.00;15158
263;naval_base_spawn;3097.00;9.50;115.00;0.00;14639
224;naval_base_spawn;3908.00;9.50;892.00;0.00;14756
285;naval_base_spawn;2080.00;9.50;1244.00;0.00;16116
479;naval_base_spawn;2389.00;9.50;1481.00;0.00;15811
118;naval_base_spawn;3226.00;9.50;1485.00;0.00;10175
532;naval_base_spawn;4711.00;9.50;1178.00;0.00;14614
616;naval_base_spawn;2444.00;9.50;201.00;0.00;16895
157;naval_base_spawn;3669.00;9.50;1206.00;0.00;11900
280;naval_base_spawn;2025.00;9.50;2019.00;0.00;13327
449;naval_base_spawn;4589.00;9.50;1488.00;0.00;15182
449;naval_base_spawn;4580.00;9.50;1492.00;0.00;15182
244;naval_base_spawn;5397.00;9.50;683.00;0.00;16610
24;naval_base_spawn;1342.00;9.50;1866.00;0.00;8922
298;naval_base_spawn;3450.00;9.50;1919.00;0.00;12090
178;naval_base_spawn;4020.00;9.50;1472.00;0.00;13478
141;naval_base_spawn;3184.00;9.50;1325.00;0.00;10899
180;naval_base_spawn;5085.00;9.50;1168.00;0.00;12956
662;naval_base_spawn;2089.00;9.50;1413.00;0.00;15939
121;naval_base_spawn;3242.00;9.50;1697.00;0.00;15635
337;naval_base_spawn;2215.00;9.50;290.00;0.00;16842
340;naval_base_spawn;1982.00;9.50;862.00;0.00;11992
194;naval_base_spawn;2549.00;9.50;149.00;0.00;16931
122;naval_base_spawn;3011.00;9.50;1392.00;0.00;12544
326;naval_base_spawn;2431.00;9.50;1870.00;0.00;14507
58;naval_base_spawn;3697.00;9.50;1613.00;0.00;12656
170;naval_base_spawn;5152.00;9.50;1132.00;0.00;15221
323;naval_base_spawn;2164.00;9.50;1864.00;0.00;12808
2;naval_base_spawn;3581.00;9.50;2043.00;0.00;11163
465;naval_base_spawn;3390.00;9.50;1511.00;0.00;10472
231;naval_base_spawn;5337.00;9.50;840.00;0.00;11589
260;naval_base_spawn;1445.00;9.50;1562.00;0.00;13848
240;naval_base_spawn;4330.00;9.50;300.00;0.00;15210
224;naval_base_spawn;3950.00;9.50;894.00;0.00;15074
264;naval_base_spawn;3312.00;9.50;156.00;0.00;16963
26;naval_base_spawn;2990.00;9.50;1559.00;0.00;12903
30;naval_base_spawn;1634.00;9.50;1722.00;0.00;14958
440;naval_base_spawn;3380.00;9.50;1545.00;0.00;11503
634;naval_base_spawn;3675.00;9.50;447.00;0.00;16739
134;naval_base_spawn;3370.00;9.50;1426.00;0.00;12595
490;naval_base_spawn;5145.00;9.50;1442.00;0.00;13315
509;naval_base_spawn;3250.00;9.50;1380.00;0.00;13242
180;naval_base_spawn;5077.00;9.50;1153.00;0.00;12956
256;naval_base_spawn;226.00;9.50;439.00;0.00;16749
106;naval_base_spawn;2798.00;9.50;1680.00;0.00;15108
349;naval_base_spawn;2813.00;9.50;1746.00;0.00;10642
17;naval_base_spawn;959.00;9.50;1878.00;0.00;15499
209;naval_base_spawn;4906.00;9.50;939.00;0.00;13736
595;naval_base_spawn;2925.00;9.50;781.00;0.00;16531
710;naval_base_spawn;2913.00;9.50;1242.00;0.00;16107
339;naval_base_spawn;2288.00;9.50;1858.00;0.00;14202
582;naval_base_spawn;3461.00;9.50;116.00;0.00;16968
230;naval_base_spawn;4118.00;9.50;863.00;0.00;10281
202;naval_base_spawn;5249.00;9.50;917.00;0.00;13718
266;naval_base_spawn;1909.00;9.50;1302.00;0.00;10892
504;naval_base_spawn;4509.00;9.50;1366.00;0.00;12267
284;naval_base_spawn;1785.00;9.50;1286.00;0.00;16066
153;naval_base_spawn;5051.00;9.50;1264.00;0.00;16093
372;naval_base_spawn;3165.00;9.50;939.00;0.00;11761
587;naval_base_spawn;2874.00;9.50;849.00;0.00;14450
263;naval_base_spawn;3062.00;9.50;89.00;0.00;16979
26;naval_base_spawn;2982.00;9.50;1586.00;0.00;12574
245;naval_base_spawn;131.00;9.50;660.00;0.00;15273
60;naval_base_spawn;1464.00;9.50;1592.00;0.00;11685
357;naval_base_spawn;5217.00;9.50;1769.00;0.00;15061
168;naval_base_spawn;3475.00;9.50;1582.00;0.00;14218
225;naval_base_spawn;3037.00;9.50;157.00;0.00;13896
601;naval_base_spawn;3194.00;9.50;705.00;0.00;16597
307;naval_base_spawn;4899.00;9.50;1892.00;0.00;13378
209;naval_base_spawn;4853.00;9.50;938.00;0.00;14209
473;naval_base_spawn;5199.00;9.50;1559.00;0.00;11949
253;naval_base_spawn;5496.00;9.50;479.00;0.00;13645
180;naval_base_spawn;5062.00;9.50;1173.00;0.00;16188
419;naval_base_spawn;4640.00;9.50;1662.00;0.00;15661
462;naval_base_spawn;3015.00;9.50;1553.00;0.00;14866
507;naval_base_spawn;4590.00;9.50;1332.00;0.00;14773
684;naval_base_spawn;1817.00;9.50;1531.00;0.00;14744
438;naval_base_spawn;3296.00;9.50;1624.00;0.00;11240
129;naval_base_spawn;3320.00;9.50;1477.00;0.00;12262
455;naval_base_spawn;2635.00;9.50;1508.00;0.00;11157
8;naval_base_spawn;3521.00;9.50;1576.00;0.00;15740
190;naval_base_spawn;4659.00;9.50;1034.00;0.00;11403
248;naval_base_spawn;3953.00;9.50;390.00;0.00;10322
372;naval_base_spawn;3151.00;9.50;987.00;0.00;12773
551;naval_base_spawn;2141.00;9.50;1196.00;0.00;16158
324;naval_base_spawn;1577.00;9.50;1821.00;0.00;13039
47;naval_base_spawn;5393.00;9.50;1638.00;0.00;15686
527;naval_base_spawn;2752.00;9.50;1339.00;0.00;9417
310;naval_base_spawn;3265.00;9.50;1956.00;0.00;9415
74;naval_base_spawn;3083.00;9.50;1644.00;0.00;14928
528;naval_base_spawn;2016.00;9.50;1270.00;0.00;16064
60;naval_base_spawn;1481.00;9.50;1628.00;0.00;11179
508;naval_base_spawn;4627.00;9.50;1378.00;0.00;15085
501;naval_base_spawn;4663.00;9.50;1279.00;0.00;13857
634;naval_base_spawn;3675.00;9.50;467.00;0.00;14965
563;naval_base_spawn;5096.00;9.50;1024.00;0.00;11951
679;naval_base_spawn;1686.00;9.50;1479.00;0.00;12492
169;naval_base_spawn;1605.00;9.50;1149.00;0.00;13917
557;naval_base_spawn;1838.00;9.50;1083.00;0.00;11910
294;naval_base_spawn;5062.00;9.50;1930.00;0.00;15438
52;naval_base_spawn;2713.00;9.50;1598.00;0.00;10231
581;naval_base_spawn;4060.00;9.50;856.00;0.00;15262
209;naval_base_spawn;4883.00;9.50;947.00;0.00;14241
262;naval_base_spawn;2995.00;9.50;148.00;0.00;11196
307;naval_base_spawn;4769.00;9.50;1893.00;0.00;15469
307;naval_base_spawn;4866.00;9.50;1891.00;0.00;13240
529;naval_base_spawn;4341.00;9.50;1255.00;0.00;14472
107;naval_base_spawn;3255.00;9.50;1432.00;0.00;14861
4;naval_base_spawn;2397.00;9.50;201.00;0.00;14915
303;naval_base_spawn;1812.00;9.50;1930.00;0.00;15440
646;naval_base_spawn;5097.00;9.50;1455.00;0.00;15870
349;naval_base_spawn;2796.00;9.50;1793.00;0.00;15575
550;naval_base_spawn;2244.00;9.50;1167.00;0.00;13972
426;naval_base_spawn;1758.00;9.50;1663.00;0.00;15009
368;naval_base_spawn;3358.00;9.50;1758.00;0.00;14523
318;naval_base_spawn;2609.00;9.50;1867.00;0.00;15496
450;naval_base_spawn;1391.00;9.50;1575.00;0.00;15160
30;naval_base_spawn;1627.00;9.50;1706.00;0.00;14958
116;naval_base_spawn;2864.00;9.50;1399.00;0.00;15924
260;naval_base_spawn;1496.00;9.50;1487.00;0.00;10191
509;naval_base_spawn;3232.00;9.50;1379.00;0.00;15936
317;naval_base_spawn;1054.00;9.50;1863.00;0.00;15511
111;naval_base_spawn;3284.00;9.50;1407.00;0.00;15930
285;naval_base_spawn;2051.00;9.50;1227.00;0.00;13627
550;naval_base_spawn;2264.00;9.50;1155.00;0.00;14633
245;naval_base_spawn;141.00;9.50;674.00;0.00;10419
465;naval_base_spawn;3348.00;9.50;1499.00;0.00;15790
260;naval_base_spawn;1476.00;9.50;1508.00;0.00;13332
347;naval_base_spawn;2870.00;9.50;1668.00;0.00;13117
331;naval_base_spawn;2557.00;9.50;1618.00;0.00;15133
319;naval_base_spawn;4493.00;9.50;1813.00;0.00;14885
560;naval_base_spawn;5139.00;9.50;1086.00;0.00;12354
3;naval_base_spawn;3589.00;9.50;119.00;0.00;11006
129;naval_base_spawn;3345.00;9.50;1462.00;0.00;15851
463;naval_base_spawn;4338.00;9.50;1484.00;0.00;15821
543;naval_base_spawn;4798.00;9.50;1176.00;0.00;10116
497;naval_base_spawn;2901.00;9.50;1424.00;0.00;10853
529;naval_base_spawn;4382.00;9.50;1261.00;0.00;16100
115;naval_base_spawn;4393.00;9.50;1394.00;0.00;15931
600;naval_base_spawn;2704.00;9.50;132.00;0.00;12502
57;naval_base_spawn;1645.00;9.50;1603.00;0.00;12333
508;naval_base_spawn;4622.00;9.50;1330.00;0.00;12580
36;naval_base_spawn;3145.00;9.50;1604.00;0.00;11693
238;naval_base_spawn;4147.00;9.50;358.00;0.00;14805
213;naval_base_spawn;3875.00;9.50;910.00;0.00;10564
280;naval_base_spawn;2257.00;9.50;1984.00;0.00;15368
440;naval_base_spawn;3291.00;9.50;1558.00;0.00;13964
419;naval_base_spawn;4526.00;9.50;1673.00;0.00;13891
88;naval_base_spawn;3254.00;9.50;1538.00;0.00;15762
316;naval_base_spawn;2670.00;9.50;1666.00;0.00;14236
41;naval_base_spawn;5217.00;9.50;1621.00;0.00;15081
224;naval_base_spawn;3930.00;9.50;888.00;0.00;16438
26;naval_base_spawn;3002.00;9.50;1553.00;0.00;14866
236;naval_base_spawn;4269.00;9.50;850.00;0.00;13277
348;naval_base_spawn;1701.00;9.50;1779.00;0.00;9208
87;naval_base_spawn;3052.00;9.50;1521.00;0.00;15786
446;naval_base_spawn;2903.00;9.50;1581.00;0.00;10649
294;naval_base_spawn;5197.00;9.50;1970.00;0.00;15384
229;naval_base_spawn;4674.00;9.50;1209.00;0.00;16143
158;naval_base_spawn;1596.00;9.50;1190.00;0.00;16176
310;naval_base_spawn;3261.00;9.50;1948.00;0.00;12942
354;naval_base_spawn;5027.00;9.50;1801.00;0.00;13365
10;naval_base_spawn;2840.00;9.50;932.00;0.00;16427
317;naval_base_spawn;1042.00;9.50;1872.00;0.00;14112
148;naval_base_spawn;1587.00;9.50;1316.00;0.00;9400
498;naval_base_spawn;3654.00;9.50;1429.00;0.00;14789
41;naval_base_spawn;5205.00;9.50;1621.00;0.00;14951
268;naval_base_spawn;2430.00;9.50;2005.00;0.00;9953
36;naval_base_spawn;3114.00;9.50;1603.00;0.00;15717
154;naval_base_spawn;3794.00;9.50;1484.00;0.00;11423
525;naval_base_spawn;3331.00;9.50;1344.00;0.00;16001
294;naval_base_spawn;5144.00;9.50;2005.00;0.00;15349
604;naval_base_spawn;3335.00;9.50;590.00;0.00;11922
618;naval_base_spawn;2867.00;9.50;561.00;0.00;12861
539;naval_base_spawn;2089.00;9.50;1185.00;0.00;13862
162;naval_base_spawn;2413.00;9.50;1101.00;0.00;11215
525;naval_base_spawn;3321.00;9.50;1328.00;0.00;16019
535;naval_base_spawn;5163.00;9.50;1216.00;0.00;10234
36;naval_base_spawn;3132.00;9.50;1610.00;0.00;14913
254;naval_base_spawn;3905.00;9.50;226.00;0.00;14428
451;naval_base_spawn;3609.00;9.50;1599.00;0.00;12301
629;naval_base_spawn;3540.00;9.50;502.00;0.00;16714
448;naval_base_spawn;3397.00;9.50;1548.00;0.00;11503
16;naval_base_spawn;5114.00;9.50;1893.00;0.00;13055
321;naval_base_spawn;2449.00;9.50;1471.00;0.00;10242
184;naval_base_spawn;4660.00;9.50;1060.00;0.00;16303
24;naval_base_spawn;1359.00;9.50;1872.00;0.00;15510
543;naval_base_spawn;4782.00;9.50;1172.00;0.00;16190
310;naval_base_spawn;3287.00;9.50;1899.00;0.00;14233
42;naval_base_spawn;1599.00;9.50;1653.00;0.00;15268
170;naval_base_spawn;5157.00;9.50;1119.00;0.00;14706
552;naval_base_spawn;5016.00;9.50;1179.00;0.00;14869
608;naval_base_spawn;3085.00;9.50;699.00;0.00;16598
110;naval_base_spawn;3305.00;9.50;1382.00;0.00;12297
508;naval_base_spawn;4614.00;9.50;1380.00;0.00;15955
244;naval_base_spawn;5363.00;9.50;784.00;0.00;15115
35;naval_base_spawn;1614.00;9.50;1690.00;0.00;14183
265;naval_base_spawn;3253.00;9.50;63.00;0.00;16994
317;naval_base_spawn;1136.00;9.50;1872.00;0.00;11784
96;naval_base_spawn;2958.00;9.50;1493.00;0.00;14476
339;naval_base_spawn;2354.00;9.50;1869.00;0.00;12150
398;naval_base_spawn;3506.00;9.50;1711.00;0.00;15628
64;naval_base_spawn;1710.00;9.50;1704.00;0.00;13479
133;naval_base_spawn;3361.00;9.50;1351.00;0.00;12419
639;naval_base_spawn;3794.00;9.50;441.00;0.00;10743
432;naval_base_spawn;2415.00;9.50;1108.00;0.00;11215
411;naval_base_spawn;2145.00;9.50;384.00;0.00;13739
38;naval_base_spawn;2823.00;9.50;1672.00;0.00;12698
610;naval_base_spawn;2129.00;9.50;705.00;0.00;9797
17;naval_base_spawn;971.00;9.50;1883.00;0.00;13449
283;naval_base_spawn;2459.00;9.50;1084.00;0.00;14240
528;naval_base_spawn;2031.00;9.50;1267.00;0.00;12467
541;naval_base_spawn;1974.00;9.50;1146.00;0.00;16008
15;naval_base_spawn;1518.00;9.50;1895.00;0.00;13487
143;naval_base_spawn;3192.00;9.50;1304.00;0.00;14659
268;naval_base_spawn;2315.00;9.50;2043.00;0.00;13695
333;naval_base_spawn;3045.00;9.50;1652.00;0.00;15676
230;naval_base_spawn;4080.00;9.50;873.00;0.00;14537
250;naval_base_spawn;2664.00;9.50;1572.00;0.00;12718
422;naval_base_spawn;1940.00;9.50;903.00;0.00;9392
173;naval_base_spawn;3413.00;9.50;1486.00;0.00;14407
440;naval_base_spawn;3290.00;9.50;1529.00;0.00;15779
265;naval_base_spawn;3182.00;9.50;65.00;0.00;9720
296;naval_base_spawn;4619.00;9.50;2011.00;0.00;15011
507;naval_base_spawn;4594.00;9.50;1381.00;0.00;14360
263;naval_base_spawn;3034.00;9.50;61.00;0.00;17009
27;naval_base_spawn;1607.00;9.50;1799.00;0.00;14980
529;naval_base_spawn;4281.00;9.50;1293.00;0.00;10976
621;naval_base_spawn;2997.00;9.50;573.00;0.00;14850
260;naval_base_spawn;1496.00;9.50;1499.00;0.00;10191
41;naval_base_spawn;5272.00;9.50;1656.00;0.00;15662
557;naval_base_spawn;1810.00;9.50;1132.00;0.00;14324
136;naval_base_spawn;3095.00;9.50;1354.00;0.00;8972
555;naval_base_spawn;1944.00;9.50;1093.00;0.00;16270
310;naval_base_spawn;3341.00;9.50;1913.00;0.00;15437
259;naval_base_spawn;162.00;9.50;353.00;0.00;8925
455;naval_base_spawn;2648.00;9.50;1509.00;0.00;14711
158;naval_base_spawn;1567.00;9.50;1229.00;0.00;14052
84;naval_base_spawn;3287.00;9.50;1732.00;0.00;8849
335;naval_base_spawn;3031.00;9.50;1652.00;0.00;15676
184;naval_base_spawn;4627.00;9.50;1078.00;0.00;15281
317;naval_base_spawn;1175.00;9.50;1864.00;0.00;12770
450;naval_base_spawn;1374.00;9.50;1610.00;0.00;15702
260;naval_base_spawn;1528.00;9.50;1512.00;0.00;14301
321;naval_base_spawn;2463.00;9.50;1479.00;0.00;13467
309;naval_base_spawn;2945.00;9.50;1619.00;0.00;15704
310;naval_base_spawn;3283.00;9.50;1887.00;0.00;14233
229;naval_base_spawn;4671.00;9.50;1246.00;0.00;16108
324;naval_base_spawn;1540.00;9.50;1871.00;0.00;11976
241;naval_base_spawn;4271.00;9.50;342.00;0.00;16816
203;naval_base_spawn;2733.00;9.50;129.00;0.00;10883
84;naval_base_spawn;3257.00;9.50;1716.00;0.00;8849
45;naval_base_spawn;1640.00;9.50;1621.00;0.00;12333
78;naval_base_spawn;5375.00;9.50;1548.00;0.00;15752
211;naval_base_spawn;4835.00;9.50;935.00;0.00;16409
601;naval_base_spawn;3225.00;9.50;701.00;0.00;16600
236;naval_base_spawn;4263.00;9.50;831.00;0.00;14817
238;naval_base_spawn;4054.00;9.50;276.00;0.00;10764
70;naval_base_spawn;2826.00;9.50;1605.00;0.00;13423
294;naval_base_spawn;4961.00;9.50;1900.00;0.00;12332
212;naval_base_spawn;3836.00;9.50;203.00;0.00;11438
60;naval_base_spawn;1515.00;9.50;1597.00;0.00;11933
292;naval_base_spawn;3318.00;9.50;1932.00;0.00;13868
533;naval_base_spawn;1789.00;9.50;1152.00;0.00;10786
81;naval_base_spawn;2822.00;9.50;1514.00;0.00;9699
581;naval_base_spawn;4049.00;9.50;851.00;0.00;9084
630;naval_base_spawn;2939.00;9.50;517.00;0.00;16707
89;naval_base_spawn;5244.00;9.50;1490.00;0.00;14700
143;naval_base_spawn;3249.00;9.50;1306.00;0.00;16045
90;naval_base_spawn;5316.00;9.50;1509.00;0.00;12329
24;naval_base_spawn;1272.00;9.50;1870.00;0.00;13396
451;naval_base_spawn;3638.00;9.50;1597.00;0.00;14492
499;naval_base_spawn;4402.00;9.50;1437.00;0.00;15874
418;naval_base_spawn;3256.00;9.50;1653.00;0.00;9543
209;naval_base_spawn;4857.00;9.50;912.00;0.00;14635
490;naval_base_spawn;5160.00;9.50;1442.00;0.00;14942
422;naval_base_spawn;1930.00;9.50;923.00;0.00;9392
126;naval_base_spawn;5137.00;9.50;1468.00;0.00;14898
158;naval_base_spawn;1612.00;9.50;1167.00;0.00;16193
409;naval_base_spawn;3580.00;9.50;1674.00;0.00;14207
326;naval_base_spawn;2517.00;9.50;1863.00;0.00;15488
107;naval_base_spawn;3249.00;9.50;1420.00;0.00;12905
280;naval_base_spawn;2340.00;9.50;2013.00;0.00;14558
57;naval_base_spawn;1617.00;9.50;1586.00;0.00;15727
241;naval_base_spawn;4161.00;9.50;368.00;0.00;16801
47;naval_base_spawn;5402.00;9.50;1590.00;0.00;15726
9;naval_base_spawn;1016.00;9.50;1925.00;0.00;13621
263;naval_base_spawn;3090.00;9.50;72.00;0.00;13233
426;naval_base_spawn;1745.00;9.50;1673.00;0.00;11666
465;naval_base_spawn;3380.00;9.50;1492.00;0.00;15805
573;naval_base_spawn;2898.00;9.50;894.00;0.00;12622
441;naval_base_spawn;3662.00;9.50;1628.00;0.00;15697
282;naval_base_spawn;3982.00;9.50;1494.00;0.00;11783
451;naval_base_spawn;3593.00;9.50;1596.00;0.00;15724
154;naval_base_spawn;3810.00;9.50;1469.00;0.00;15842
324;naval_base_spawn;1592.00;9.50;1815.00;0.00;11407
193;naval_base_spawn;1622.00;9.50;1105.00;0.00;10725
563;naval_base_spawn;5083.00;9.50;1014.00;0.00;14119
307;naval_base_spawn;4862.00;9.50;2043.00;0.00;13725
531;naval_base_spawn;2385.00;9.50;1179.00;0.00;13305
317;naval_base_spawn;1067.00;9.50;1864.00;0.00;10506
729;naval_base_spawn;3117.00;9.50;1140.00;0.00;10550
173;naval_base_spawn;3453.00;9.50;1503.00;0.00;9678
121;naval_base_spawn;3247.00;9.50;1703.00;0.00;15635
422;naval_base_spawn;1967.00;9.50;879.00;0.00;11992
651;naval_base_spawn;2626.00;9.50;1611.00;0.00;15143
492;naval_base_spawn;1593.00;9.50;1429.00;0.00;12868
386;naval_base_spawn;4810.00;9.50;1721.00;0.00;13246
204;naval_base_spawn;4755.00;9.50;950.00;0.00;16380
371;naval_base_spawn;3415.00;9.50;1768.00;0.00;15587
337;naval_base_spawn;2208.00;9.50;292.00;0.00;16842
199;naval_base_spawn;4709.00;9.50;964.00;0.00;11804
332;naval_base_spawn;2553.00;9.50;1491.00;0.00;14969
602;naval_base_spawn;3268.00;9.50;708.00;0.00;13466
307;naval_base_spawn;4798.00;9.50;1887.00;0.00;12380
226;naval_base_spawn;3165.00;9.50;130.00;0.00;12989
366;naval_base_spawn;4939.00;9.50;1786.00;0.00;13708
184;naval_base_spawn;4645.00;9.50;1076.00;0.00;15281
386;naval_base_spawn;4759.00;9.50;1686.00;0.00;13876
611;naval_base_spawn;3016.00;9.50;661.00;0.00;16615
317;naval_base_spawn;1032.00;9.50;1873.00;0.00;14112
535;naval_base_spawn;5134.00;9.50;1210.00;0.00;16145
136;naval_base_spawn;3142.00;9.50;1356.00;0.00;13787
492;naval_base_spawn;1632.00;9.50;1385.00;0.00;14045
298;naval_base_spawn;3460.00;9.50;1941.00;0.00;15421
223;naval_base_spawn;2870.00;9.50;909.00;0.00;14926
152;naval_base_spawn;5168.00;9.50;1226.00;0.00;10234
280;naval_base_spawn;2365.00;9.50;2004.00;0.00;14857
265;naval_base_spawn;3177.00;9.50;51.00;0.00;14429
167;naval_base_spawn;4532.00;9.50;1161.00;0.00;16195
67;naval_base_spawn;1771.00;9.50;1621.00;0.00;9883
470;naval_base_spawn;3536.00;9.50;1477.00;0.00;10144
679;naval_base_spawn;1667.00;9.50;1516.00;0.00;15780
533;naval_base_spawn;1809.00;9.50;1219.00;0.00;12414
158;naval_base_spawn;1598.00;9.50;1201.00;0.00;13346
205;naval_base_spawn;3165.00;9.50;1638.00;0.00;12351
15;naval_base_spawn;1538.00;9.50;1889.00;0.00;15484
470;naval_base_spawn;3554.00;9.50;1476.00;0.00;10144
524;naval_base_spawn;2800.00;9.50;528.00;0.00;16691
491;naval_base_spawn;2776.00;9.50;1445.00;0.00;13340
143;naval_base_spawn;3248.00;9.50;1322.00;0.00;16021
75;naval_base_spawn;2674.00;9.50;1553.00;0.00;14337
80;naval_base_spawn;1125.00;9.50;1533.00;0.00;13063
260;naval_base_spawn;1522.00;9.50;1489.00;0.00;14488
158;naval_base_spawn;1578.00;9.50;1201.00;0.00;13937
408;naval_base_spawn;1928.00;9.50;1034.00;0.00;12939
35;naval_base_spawn;1635.00;9.50;1689.00;0.00;12782
68;naval_base_spawn;1200.00;9.50;1553.00;0.00;14032
27;naval_base_spawn;1628.00;9.50;1781.00;0.00;14692
9;naval_base_spawn;1151.00;9.50;1999.00;0.00;14677
433;naval_base_spawn;2898.00;9.50;1627.00;0.00;11679
547;naval_base_spawn;2302.00;9.50;1155.00;0.00;10595
503;naval_base_spawn;4479.00;9.50;1378.00;0.00;14878
527;naval_base_spawn;2798.00;9.50;1320.00;0.00;14598
296;naval_base_spawn;4690.00;9.50;1897.00;0.00;15266
639;naval_base_spawn;3784.00;9.50;440.00;0.00;16748
543;naval_base_spawn;4811.00;9.50;1172.00;0.00;10116
121;naval_base_spawn;3249.00;9.50;1693.00;0.00;15635
363;naval_base_spawn;5121.00;9.50;1790.00;0.00;12187
492;naval_base_spawn;1609.00;9.50;1408.00;0.00;13894
343;naval_base_spawn;3063.00;9.50;1834.00;0.00;9711
621;naval_base_spawn;2982.00;9.50;556.00;0.00;15077
253;naval_base_spawn;5499.00;9.50;450.00;0.00;13390
557;naval_base_spawn;1836.00;9.50;1139.00;0.00;14231
608;naval_base_spawn;3104.00;9.50;704.00;0.00;16598
81;naval_base_spawn;2792.00;9.50;1524.00;0.00;11870
678;naval_base_spawn;2336.00;9.50;1451.00;0.00;10599
661;naval_base_spawn;2106.00;9.50;1378.00;0.00;11527
369;naval_base_spawn;3447.00;9.50;1755.00;0.00;13281
30;naval_base_spawn;1613.00;9.50;1723.00;0.00;15614
537;naval_base_spawn;1940.00;9.50;1218.00;0.00;16127
298;naval_base_spawn;3498.00;9.50;1960.00;0.00;12703
380;naval_base_spawn;2859.00;9.50;1719.00;0.00;11076
449;naval_base_spawn;4570.00;9.50;1490.00;0.00;15182
170;naval_base_spawn;5144.00;9.50;1126.00;0.00;15221
283;naval_base_spawn;2478.00;9.50;1047.00;0.00;14240
406;naval_base_spawn;3641.00;9.50;1648.00;0.00;15258
7;naval_base_spawn;3869.00;9.50;215.00;0.00;10688
474;naval_base_spawn;4462.00;9.50;1484.00;0.00;15820
35;naval_base_spawn;1598.00;9.50;1673.00;0.00;14093
266;naval_base_spawn;1900.00;9.50;1283.00;0.00;10892
37;naval_base_spawn;1652.00;9.50;1666.00;0.00;12495
199;naval_base_spawn;4687.00;9.50;983.00;0.00;16359
277;naval_base_spawn;2026.00;9.50;1208.00;0.00;13001
354;naval_base_spawn;4989.00;9.50;1810.00;0.00;15568
365;naval_base_spawn;3486.00;9.50;1759.00;0.00;13934
275;naval_base_spawn;4513.00;9.50;2044.00;0.00;11008
1;naval_base_spawn;1183.00;9.50;2045.00;0.00;15058
268;naval_base_spawn;2462.00;9.50;2045.00;0.00;15298
1;naval_base_spawn;1239.00;9.50;2042.00;0.00;12655
1;naval_base_spawn;1249.00;9.50;2041.00;0.00;12655
268;naval_base_spawn;2484.00;9.50;2041.00;0.00;15298
1;naval_base_spawn;1207.00;9.50;2038.00;0.00;15315
268;naval_base_spawn;2549.00;9.50;2036.00;0.00;12272
268;naval_base_spawn;2418.00;9.50;2030.00;0.00;15318
268;naval_base_spawn;2595.00;9.50;2029.00;0.00;12229
307;naval_base_spawn;4809.00;9.50;2025.00;0.00;15335
280;naval_base_spawn;2042.00;9.50;2021.00;0.00;15321
280;naval_base_spawn;2090.00;9.50;2021.00;0.00;14203
280;naval_base_spawn;2200.00;9.50;2020.00;0.00;14377
280;naval_base_spawn;2221.00;9.50;2020.00;0.00;9096
9;naval_base_spawn;1199.00;9.50;2015.00;0.00;15058
9;naval_base_spawn;1211.00;9.50;2015.00;0.00;13059
280;naval_base_spawn;2292.00;9.50;2014.00;0.00;14657
280;naval_base_spawn;2312.00;9.50;2014.00;0.00;14657
296;naval_base_spawn;4666.00;9.50;2013.00;0.00;11914
9;naval_base_spawn;1188.00;9.50;2009.00;0.00;10683
296;naval_base_spawn;4705.00;9.50;2012.00;0.00;14424
307;naval_base_spawn;4968.00;9.50;2008.00;0.00;15345
280;naval_base_spawn;2077.00;9.50;2005.00;0.00;15350
294;naval_base_spawn;5062.00;9.50;2007.00;0.00;15344
6;naval_base_spawn;1993.00;9.50;2005.00;0.00;11790
288;naval_base_spawn;2731.00;9.50;2006.00;0.00;11068
294;naval_base_spawn;5084.00;9.50;2006.00;0.00;15068
288;naval_base_spawn;2750.00;9.50;2004.00;0.00;11068
294;naval_base_spawn;5023.00;9.50;2003.00;0.00;12997
288;naval_base_spawn;2766.00;9.50;2001.00;0.00;15173
6;naval_base_spawn;2027.00;9.50;1999.00;0.00;15358
280;naval_base_spawn;2108.00;9.50;1992.00;0.00;14654
6;naval_base_spawn;1981.00;9.50;1999.00;0.00;15146
288;naval_base_spawn;2784.00;9.50;1999.00;0.00;14592
294;naval_base_spawn;5161.00;9.50;1998.00;0.00;15363
280;naval_base_spawn;2348.00;9.50;1984.00;0.00;11158
9;naval_base_spawn;1133.00;9.50;1992.00;0.00;12583
288;naval_base_spawn;2817.00;9.50;1995.00;0.00;15362
6;naval_base_spawn;1993.00;9.50;1992.00;0.00;14050
294;naval_base_spawn;5198.00;9.50;1992.00;0.00;15363
268;naval_base_spawn;2430.00;9.50;1986.00;0.00;9685
294;naval_base_spawn;5137.00;9.50;1980.00;0.00;10955
280;naval_base_spawn;2364.00;9.50;1983.00;0.00;9657
6;naval_base_spawn;2022.00;9.50;1988.00;0.00;13977
294;naval_base_spawn;5212.00;9.50;1985.00;0.00;12950
291;naval_base_spawn;3311.00;9.50;1984.00;0.00;15366
9;naval_base_spawn;1091.00;9.50;1983.00;0.00;14575
296;naval_base_spawn;4744.00;9.50;1997.00;0.00;15348
288;naval_base_spawn;2811.00;9.50;1975.00;0.00;15381
268;naval_base_spawn;2593.00;9.50;1973.00;0.00;11470
294;naval_base_spawn;5049.00;9.50;1974.00;0.00;15382
9;naval_base_spawn;1081.00;9.50;1979.00;0.00;14575
268;naval_base_spawn;2511.00;9.50;1979.00;0.00;15376
288;naval_base_spawn;2614.00;9.50;1968.00;0.00;15386
291;naval_base_spawn;3318.00;9.50;1977.00;0.00;9263
291;naval_base_spawn;3300.00;9.50;1978.00;0.00;15366
9;naval_base_spawn;1088.00;9.50;1973.00;0.00;15390
291;naval_base_spawn;3286.00;9.50;1972.00;0.00;9415
280;naval_base_spawn;2192.00;9.50;1969.00;0.00;14640
294;naval_base_spawn;5178.00;9.50;1968.00;0.00;15393
299;naval_base_spawn;2063.00;9.50;1971.00;0.00;12599
294;naval_base_spawn;5013.00;9.50;1961.00;0.00;14482
299;naval_base_spawn;2003.00;9.50;1968.00;0.00;14050
288;naval_base_spawn;2737.00;9.50;1948.00;0.00;13515
297;naval_base_spawn;3546.00;9.50;1963.00;0.00;15392
292;naval_base_spawn;3309.00;9.50;1957.00;0.00;13299
297;naval_base_spawn;3529.00;9.50;1959.00;0.00;15392
299;naval_base_spawn;2040.00;9.50;1958.00;0.00;11980
298;naval_base_spawn;3480.00;9.50;1955.00;0.00;14837
299;naval_base_spawn;1903.00;9.50;1954.00;0.00;15398
299;naval_base_spawn;1951.00;9.50;1952.00;0.00;10261
299;naval_base_spawn;1886.00;9.50;1947.00;0.00;15401
9;naval_base_spawn;1016.00;9.50;1944.00;0.00;14550
288;naval_base_spawn;2695.00;9.50;1942.00;0.00;11345
288;naval_base_spawn;2731.00;9.50;1945.00;0.00;13515
298;naval_base_spawn;3470.00;9.50;1951.00;0.00;13412
9;naval_base_spawn;1025.00;9.50;1939.00;0.00;14550
294;naval_base_spawn;5050.00;9.50;1942.00;0.00;15416
288;naval_base_spawn;2671.00;9.50;1938.00;0.00;11345
310;naval_base_spawn;3266.00;9.50;1937.00;0.00;15432
294;naval_base_spawn;5009.00;9.50;1932.00;0.00;14482
288;naval_base_spawn;2758.00;9.50;1929.00;0.00;13515
9;naval_base_spawn;1003.00;9.50;1930.00;0.00;13621
310;naval_base_spawn;3272.00;9.50;1927.00;0.00;15432
9;naval_base_spawn;990.00;9.50;1923.00;0.00;9398
294;naval_base_spawn;5036.00;9.50;1924.00;0.00;11821
292;naval_base_spawn;3327.00;9.50;1923.00;0.00;13868
9;naval_base_spawn;1001.00;9.50;1918.00;0.00;13621
303;naval_base_spawn;1782.00;9.50;1913.00;0.00;12470
298;naval_base_spawn;3440.00;9.50;1911.00;0.00;12090
306;naval_base_spawn;3367.00;9.50;1908.00;0.00;9521
306;naval_base_spawn;3392.00;9.50;1908.00;0.00;12477
306;naval_base_spawn;3404.00;9.50;1906.00;0.00;12477
306;naval_base_spawn;3429.00;9.50;1906.00;0.00;12090
296;naval_base_spawn;4741.00;9.50;1893.00;0.00;10507
308;naval_base_spawn;1950.00;9.50;1904.00;0.00;13468
322;naval_base_spawn;4640.00;9.50;1895.00;0.00;10559
15;naval_base_spawn;1463.00;9.50;1896.00;0.00;14738
15;naval_base_spawn;1473.00;9.50;1896.00;0.00;13546
40;naval_base_spawn;1975.00;9.50;1895.00;0.00;13783
307;naval_base_spawn;4932.00;9.50;1892.00;0.00;15472
16;naval_base_spawn;5085.00;9.50;1888.00;0.00;15470
40;naval_base_spawn;1996.00;9.50;1890.00;0.00;12091
15;naval_base_spawn;1437.00;9.50;1885.00;0.00;13918
15;naval_base_spawn;1460.00;9.50;1888.00;0.00;15486
16;naval_base_spawn;5105.00;9.50;1886.00;0.00;13055
15;naval_base_spawn;1471.00;9.50;1883.00;0.00;11445
18;naval_base_spawn;5190.00;9.50;1880.00;0.00;12695
40;naval_base_spawn;2049.00;9.50;1882.00;0.00;15465
18;naval_base_spawn;5157.00;9.50;1878.00;0.00;14041
18;naval_base_spawn;5170.00;9.50;1882.00;0.00;15485
15;naval_base_spawn;1480.00;9.50;1879.00;0.00;11445
15;naval_base_spawn;1528.00;9.50;1880.00;0.00;15484
348;naval_base_spawn;1740.00;9.50;1893.00;0.00;15464
310;naval_base_spawn;3274.00;9.50;1877.00;0.00;9146
17;naval_base_spawn;983.00;9.50;1878.00;0.00;14036
15;naval_base_spawn;1512.00;9.50;1872.00;0.00;13926
317;naval_base_spawn;1126.00;9.50;1876.00;0.00;11784
24;naval_base_spawn;1332.00;9.50;1875.00;0.00;11930
24;naval_base_spawn;1343.00;9.50;1876.00;0.00;15483
317;naval_base_spawn;1058.00;9.50;1874.00;0.00;14484
339;naval_base_spawn;2388.00;9.50;1875.00;0.00;15124
317;naval_base_spawn;1102.00;9.50;1874.00;0.00;14253
348;naval_base_spawn;1707.00;9.50;1874.00;0.00;15487
318;naval_base_spawn;2650.00;9.50;1874.00;0.00;9661
17;naval_base_spawn;994.00;9.50;1873.00;0.00;14036
317;naval_base_spawn;1074.00;9.50;1873.00;0.00;14484
24;naval_base_spawn;1316.00;9.50;1870.00;0.00;11930
326;naval_base_spawn;2451.00;9.50;1873.00;0.00;14507
317;naval_base_spawn;1146.00;9.50;1865.00;0.00;12802
24;naval_base_spawn;1259.00;9.50;1865.00;0.00;13114
24;naval_base_spawn;1324.00;9.50;1871.00;0.00;11930
318;naval_base_spawn;2626.00;9.50;1869.00;0.00;15496
317;naval_base_spawn;1129.00;9.50;1868.00;0.00;11784
17;naval_base_spawn;985.00;9.50;1861.00;0.00;15517
317;naval_base_spawn;1093.00;9.50;1866.00;0.00;10506
317;naval_base_spawn;1106.00;9.50;1863.00;0.00;15515
24;naval_base_spawn;1280.00;9.50;1862.00;0.00;15518
17;naval_base_spawn;1010.00;9.50;1861.00;0.00;15517
317;naval_base_spawn;1080.00;9.50;1865.00;0.00;10506
317;naval_base_spawn;1138.00;9.50;1861.00;0.00;14139
24;naval_base_spawn;1200.00;9.50;1859.00;0.00;15507
24;naval_base_spawn;1213.00;9.50;1863.00;0.00;15507
24;naval_base_spawn;1311.00;9.50;1862.00;0.00;15098
339;naval_base_spawn;2308.00;9.50;1861.00;0.00;15504
301;naval_base_spawn;3289.00;9.50;1863.00;0.00;15505
24;naval_base_spawn;1268.00;9.50;1858.00;0.00;15518
24;naval_base_spawn;1330.00;9.50;1860.00;0.00;9399
318;naval_base_spawn;2556.00;9.50;1861.00;0.00;13614
24;naval_base_spawn;1224.00;9.50;1860.00;0.00;9875
323;naval_base_spawn;2182.00;9.50;1860.00;0.00;10711
318;naval_base_spawn;2705.00;9.50;1859.00;0.00;13061
324;naval_base_spawn;1520.00;9.50;1859.00;0.00;13926
16;naval_base_spawn;5032.00;9.50;1860.00;0.00;14453
24;naval_base_spawn;1240.00;9.50;1856.00;0.00;13114
339;naval_base_spawn;2204.00;9.50;1857.00;0.00;14758
339;naval_base_spawn;2247.00;9.50;1857.00;0.00;14836
318;naval_base_spawn;2748.00;9.50;1856.00;0.00;13050
301;naval_base_spawn;3281.00;9.50;1855.00;0.00;15520
24;naval_base_spawn;1205.00;9.50;1854.00;0.00;12281
24;naval_base_spawn;1249.00;9.50;1851.00;0.00;13114
345;naval_base_spawn;3244.00;9.50;1850.00;0.00;15526
24;naval_base_spawn;1218.00;9.50;1850.00;0.00;15530
301;naval_base_spawn;3266.00;9.50;1854.00;0.00;15520
324;naval_base_spawn;1550.00;9.50;1848.00;0.00;11976
322;naval_base_spawn;4580.00;9.50;1850.00;0.00;10993
318;naval_base_spawn;2744.00;9.50;1843.00;0.00;8879
301;naval_base_spawn;3259.00;9.50;1844.00;0.00;15520
324;naval_base_spawn;1558.00;9.50;1842.00;0.00;15513
25;naval_base_spawn;1596.00;9.50;1842.00;0.00;12813
345;naval_base_spawn;3235.00;9.50;1843.00;0.00;15526
25;naval_base_spawn;1585.00;9.50;1841.00;0.00;12567
338;naval_base_spawn;3138.00;9.50;1841.00;0.00;9955
345;naval_base_spawn;3224.00;9.50;1842.00;0.00;15526
172;naval_base_spawn;3200.00;9.50;1839.00;0.00;15524
336;naval_base_spawn;5135.00;9.50;1840.00;0.00;12844
345;naval_base_spawn;3213.00;9.50;1838.00;0.00;13888
25;naval_base_spawn;1608.00;9.50;1834.00;0.00;12813
343;naval_base_spawn;3025.00;9.50;1837.00;0.00;15540
338;naval_base_spawn;3119.00;9.50;1837.00;0.00;9955
343;naval_base_spawn;3042.00;9.50;1837.00;0.00;10525
338;naval_base_spawn;3130.00;9.50;1837.00;0.00;9955
324;naval_base_spawn;1574.00;9.50;1834.00;0.00;12567
341;naval_base_spawn;3003.00;9.50;1835.00;0.00;11735
338;naval_base_spawn;3147.00;9.50;1835.00;0.00;8999
336;naval_base_spawn;5124.00;9.50;1834.00;0.00;12844
343;naval_base_spawn;3053.00;9.50;1834.00;0.00;9711
25;naval_base_spawn;1592.00;9.50;1831.00;0.00;11407
172;naval_base_spawn;3182.00;9.50;1832.00;0.00;10434
25;naval_base_spawn;1636.00;9.50;1831.00;0.00;11175
172;naval_base_spawn;3192.00;9.50;1834.00;0.00;10434
338;naval_base_spawn;3086.00;9.50;1831.00;0.00;11620
338;naval_base_spawn;3156.00;9.50;1831.00;0.00;8999
336;naval_base_spawn;5156.00;9.50;1832.00;0.00;15543
324;naval_base_spawn;1550.00;9.50;1830.00;0.00;13519
25;naval_base_spawn;1626.00;9.50;1829.00;0.00;11175
343;naval_base_spawn;3073.00;9.50;1829.00;0.00;9711
338;naval_base_spawn;3100.00;9.50;1829.00;0.00;15542
338;naval_base_spawn;3112.00;9.50;1830.00;0.00;15542
319;naval_base_spawn;4541.00;9.50;1828.00;0.00;15553
25;naval_base_spawn;1644.00;9.50;1826.00;0.00;10004
319;naval_base_spawn;4501.00;9.50;1814.00;0.00;14885
324;naval_base_spawn;1571.00;9.50;1824.00;0.00;13039
341;naval_base_spawn;2982.00;9.50;1825.00;0.00;13149
336;naval_base_spawn;5165.00;9.50;1824.00;0.00;14761
324;naval_base_spawn;1560.00;9.50;1823.00;0.00;13039
318;naval_base_spawn;2758.00;9.50;1818.00;0.00;14422
341;naval_base_spawn;2961.00;9.50;1817.00;0.00;15556
336;naval_base_spawn;5116.00;9.50;1817.00;0.00;12054
336;naval_base_spawn;5174.00;9.50;1815.00;0.00;14761
348;naval_base_spawn;1702.00;9.50;1807.00;0.00;10465
341;naval_base_spawn;2949.00;9.50;1813.00;0.00;15556
353;naval_base_spawn;2933.00;9.50;1811.00;0.00;13507
319;naval_base_spawn;4483.00;9.50;1810.00;0.00;14885
27;naval_base_spawn;1619.00;9.50;1809.00;0.00;15561
349;naval_base_spawn;2769.00;9.50;1808.00;0.00;15567
354;naval_base_spawn;4976.00;9.50;1810.00;0.00;11431
336;naval_base_spawn;5116.00;9.50;1804.00;0.00;12054
353;naval_base_spawn;2923.00;9.50;1807.00;0.00;13507
27;naval_base_spawn;1599.00;9.50;1805.00;0.00;15561
354;naval_base_spawn;4999.00;9.50;1805.00;0.00;15568
336;naval_base_spawn;5177.00;9.50;1806.00;0.00;15569
349;naval_base_spawn;2781.00;9.50;1802.00;0.00;15567
353;naval_base_spawn;2902.00;9.50;1800.00;0.00;11028
353;naval_base_spawn;2914.00;9.50;1801.00;0.00;15559
357;naval_base_spawn;5189.00;9.50;1798.00;0.00;15569
27;naval_base_spawn;1620.00;9.50;1791.00;0.00;14692
354;naval_base_spawn;5082.00;9.50;1795.00;0.00;9845
27;naval_base_spawn;1638.00;9.50;1795.00;0.00;15563
354;naval_base_spawn;5066.00;9.50;1794.00;0.00;11781
353;naval_base_spawn;2893.00;9.50;1792.00;0.00;11028
354;naval_base_spawn;4964.00;9.50;1793.00;0.00;14529
357;naval_base_spawn;5198.00;9.50;1795.00;0.00;12386
31;naval_base_spawn;5338.00;9.50;1789.00;0.00;13740
27;naval_base_spawn;1645.00;9.50;1786.00;0.00;14520
366;naval_base_spawn;4953.00;9.50;1787.00;0.00;14529
357;naval_base_spawn;5217.00;9.50;1782.00;0.00;15061
383;naval_base_spawn;4451.00;9.50;1776.00;0.00;15584
366;naval_base_spawn;4910.00;9.50;1777.00;0.00;12915
366;naval_base_spawn;4931.00;9.50;1784.00;0.00;13708
363;naval_base_spawn;5105.00;9.50;1784.00;0.00;9845
363;naval_base_spawn;5128.00;9.50;1786.00;0.00;12187
27;naval_base_spawn;1639.00;9.50;1775.00;0.00;15581
365;naval_base_spawn;3484.00;9.50;1765.00;0.00;13934
383;naval_base_spawn;4438.00;9.50;1773.00;0.00;11854
30;naval_base_spawn;1624.00;9.50;1767.00;0.00;12923
383;naval_base_spawn;4408.00;9.50;1769.00;0.00;15187
366;naval_base_spawn;4910.00;9.50;1768.00;0.00;12915
27;naval_base_spawn;1648.00;9.50;1769.00;0.00;12233
349;naval_base_spawn;2813.00;9.50;1762.00;0.00;15586
353;naval_base_spawn;2896.00;9.50;1763.00;0.00;11895
369;naval_base_spawn;3442.00;9.50;1761.00;0.00;13281
348;naval_base_spawn;1692.00;9.50;1761.00;0.00;12249
380;naval_base_spawn;2903.00;9.50;1758.00;0.00;11895
127;naval_base_spawn;3399.00;9.50;1764.00;0.00;15197
375;naval_base_spawn;5239.00;9.50;1762.00;0.00;14259
368;naval_base_spawn;3332.00;9.50;1756.00;0.00;14105
383;naval_base_spawn;4376.00;9.50;1758.00;0.00;14409
366;naval_base_spawn;4897.00;9.50;1759.00;0.00;15585
30;naval_base_spawn;1630.00;9.50;1759.00;0.00;15594
30;naval_base_spawn;1654.00;9.50;1757.00;0.00;12233
369;naval_base_spawn;3470.00;9.50;1758.00;0.00;13934
30;naval_base_spawn;1647.00;9.50;1761.00;0.00;12233
365;naval_base_spawn;3511.00;9.50;1749.00;0.00;15601
368;naval_base_spawn;3319.00;9.50;1756.00;0.00;14295
127;naval_base_spawn;3384.00;9.50;1754.00;0.00;15197
365;naval_base_spawn;3516.00;9.50;1748.00;0.00;15601
375;naval_base_spawn;5208.00;9.50;1753.00;0.00;15595
358;naval_base_spawn;3307.00;9.50;1753.00;0.00;14295
368;naval_base_spawn;3351.00;9.50;1751.00;0.00;14523
30;naval_base_spawn;1635.00;9.50;1753.00;0.00;15594
383;naval_base_spawn;4361.00;9.50;1751.00;0.00;15603
375;naval_base_spawn;5217.00;9.50;1748.00;0.00;15595
84;naval_base_spawn;3294.00;9.50;1738.00;0.00;15616
389;naval_base_spawn;3509.00;9.50;1744.00;0.00;15601
383;naval_base_spawn;4349.00;9.50;1744.00;0.00;15603
30;naval_base_spawn;1646.00;9.50;1739.00;0.00;12075
84;naval_base_spawn;3300.00;9.50;1743.00;0.00;15616
382;naval_base_spawn;4878.00;9.50;1740.00;0.00;14136
30;naval_base_spawn;1613.00;9.50;1736.00;0.00;9772
32;naval_base_spawn;1660.00;9.50;1737.00;0.00;12075
30;naval_base_spawn;1622.00;9.50;1742.00;0.00;9772
389;naval_base_spawn;3505.00;9.50;1737.00;0.00;12994
389;naval_base_spawn;3512.00;9.50;1734.00;0.00;12994
382;naval_base_spawn;4842.00;9.50;1735.00;0.00;12554
30;naval_base_spawn;1641.00;9.50;1732.00;0.00;12075
32;naval_base_spawn;1670.00;9.50;1730.00;0.00;11113
389;naval_base_spawn;3528.00;9.50;1729.00;0.00;12994
375;naval_base_spawn;5253.00;9.50;1731.00;0.00;15613
380;naval_base_spawn;2881.00;9.50;1732.00;0.00;13179
386;naval_base_spawn;4825.00;9.50;1726.00;0.00;15624
64;naval_base_spawn;1694.00;9.50;1727.00;0.00;13479
398;naval_base_spawn;3530.00;9.50;1727.00;0.00;12994
382;naval_base_spawn;4838.00;9.50;1725.00;0.00;15624
653;naval_base_spawn;2773.00;9.50;1723.00;0.00;14653
398;naval_base_spawn;3524.00;9.50;1720.00;0.00;12994
386;naval_base_spawn;4831.00;9.50;1717.00;0.00;15624
64;naval_base_spawn;1702.00;9.50;1714.00;0.00;13479
121;naval_base_spawn;3264.00;9.50;1712.00;0.00;10405
398;naval_base_spawn;3515.00;9.50;1715.00;0.00;12994
402;naval_base_spawn;5268.00;9.50;1712.00;0.00;14793
386;naval_base_spawn;4785.00;9.50;1712.00;0.00;9547
30;naval_base_spawn;1616.00;9.50;1708.00;0.00;11050
386;naval_base_spawn;4808.00;9.50;1713.00;0.00;13246
34;naval_base_spawn;2822.00;9.50;1706.00;0.00;13493
673;naval_base_spawn;1767.00;9.50;1707.00;0.00;15000
380;naval_base_spawn;2859.00;9.50;1707.00;0.00;11076
398;naval_base_spawn;3523.00;9.50;1713.00;0.00;12994
316;naval_base_spawn;2725.00;9.50;1704.00;0.00;15632
35;naval_base_spawn;1614.00;9.50;1702.00;0.00;11050
32;naval_base_spawn;1650.00;9.50;1703.00;0.00;12782
386;naval_base_spawn;4777.00;9.50;1704.00;0.00;9547
46;naval_base_spawn;1791.00;9.50;1701.00;0.00;15643
34;naval_base_spawn;2811.00;9.50;1702.00;0.00;15638
409;naval_base_spawn;3569.00;9.50;1691.00;0.00;13547
402;naval_base_spawn;5309.00;9.50;1695.00;0.00;14398
386;naval_base_spawn;4762.00;9.50;1698.00;0.00;13876
35;naval_base_spawn;1622.00;9.50;1693.00;0.00;14183
46;naval_base_spawn;1803.00;9.50;1696.00;0.00;15643
388;naval_base_spawn;4402.00;9.50;1697.00;0.00;9740
398;naval_base_spawn;3526.00;9.50;1692.00;0.00;15645
398;naval_base_spawn;3568.00;9.50;1688.00;0.00;13547
388;naval_base_spawn;4387.00;9.50;1696.00;0.00;9740
413;naval_base_spawn;4751.00;9.50;1691.00;0.00;13876
64;naval_base_spawn;1739.00;9.50;1693.00;0.00;9487
398;naval_base_spawn;3546.00;9.50;1688.00;0.00;13547
35;naval_base_spawn;1598.00;9.50;1694.00;0.00;15147
388;naval_base_spawn;4412.00;9.50;1693.00;0.00;14778
37;naval_base_spawn;1651.00;9.50;1687.00;0.00;12782
69;naval_base_spawn;1855.00;9.50;1679.00;0.00;11239
398;naval_base_spawn;3537.00;9.50;1690.00;0.00;15645
380;naval_base_spawn;2863.00;9.50;1685.00;0.00;12393
413;naval_base_spawn;4739.00;9.50;1687.00;0.00;14336
39;naval_base_spawn;2632.00;9.50;1680.00;0.00;11041
405;naval_base_spawn;1695.00;9.50;1682.00;0.00;10431
380;naval_base_spawn;2871.00;9.50;1681.00;0.00;12393
35;naval_base_spawn;1596.00;9.50;1688.00;0.00;15147
426;naval_base_spawn;1737.00;9.50;1684.00;0.00;9487
106;naval_base_spawn;2810.00;9.50;1683.00;0.00;11732
69;naval_base_spawn;1863.00;9.50;1678.00;0.00;11239
139;naval_base_spawn;4477.00;9.50;1682.00;0.00;13261
35;naval_base_spawn;1607.00;9.50;1681.00;0.00;14183
413;naval_base_spawn;4713.00;9.50;1681.00;0.00;15648
37;naval_base_spawn;1663.00;9.50;1677.00;0.00;15655
405;naval_base_spawn;1705.00;9.50;1680.00;0.00;9487
46;naval_base_spawn;1844.00;9.50;1681.00;0.00;15652
38;naval_base_spawn;2832.00;9.50;1680.00;0.00;12698
413;naval_base_spawn;4729.00;9.50;1680.00;0.00;14336
402;naval_base_spawn;5285.00;9.50;1679.00;0.00;14731
405;naval_base_spawn;1715.00;9.50;1678.00;0.00;9487
35;naval_base_spawn;1625.00;9.50;1675.00;0.00;14183
69;naval_base_spawn;1899.00;9.50;1674.00;0.00;15658
316;naval_base_spawn;2647.00;9.50;1668.00;0.00;11041
38;naval_base_spawn;2838.00;9.50;1674.00;0.00;12799
35;naval_base_spawn;1633.00;9.50;1671.00;0.00;12495
414;naval_base_spawn;2930.00;9.50;1665.00;0.00;11231
419;naval_base_spawn;4668.00;9.50;1672.00;0.00;11875
405;naval_base_spawn;1723.00;9.50;1672.00;0.00;9487
69;naval_base_spawn;1874.00;9.50;1671.00;0.00;11239
35;naval_base_spawn;1607.00;9.50;1670.00;0.00;15659
69;naval_base_spawn;1890.00;9.50;1666.00;0.00;15658
106;naval_base_spawn;2809.00;9.50;1671.00;0.00;12698
406;naval_base_spawn;3615.00;9.50;1664.00;0.00;13900
47;naval_base_spawn;5416.00;9.50;1670.00;0.00;11417
405;naval_base_spawn;1710.00;9.50;1675.00;0.00;9487
403;naval_base_spawn;2954.00;9.50;1665.00;0.00;15663
426;naval_base_spawn;1772.00;9.50;1668.00;0.00;13229
403;naval_base_spawn;2942.00;9.50;1667.00;0.00;11231
418;naval_base_spawn;3252.00;9.50;1664.00;0.00;9543
409;naval_base_spawn;3603.00;9.50;1668.00;0.00;14207
419;naval_base_spawn;4656.00;9.50;1667.00;0.00;11875
414;naval_base_spawn;2923.00;9.50;1665.00;0.00;11231
39;naval_base_spawn;2639.00;9.50;1665.00;0.00;11041
347;naval_base_spawn;2879.00;9.50;1661.00;0.00;13117
395;naval_base_spawn;3118.00;9.50;1657.00;0.00;15668
47;naval_base_spawn;5425.00;9.50;1662.00;0.00;11417
419;naval_base_spawn;4693.00;9.50;1673.00;0.00;13086
426;naval_base_spawn;1779.00;9.50;1661.00;0.00;15009
443;naval_base_spawn;1909.00;9.50;1665.00;0.00;13641
395;naval_base_spawn;3127.00;9.50;1658.00;0.00;9489
406;naval_base_spawn;3623.00;9.50;1658.00;0.00;13900
47;naval_base_spawn;5411.00;9.50;1659.00;0.00;11701
419;naval_base_spawn;4557.00;9.50;1661.00;0.00;14125
425;naval_base_spawn;2747.00;9.50;1659.00;0.00;13228
38;naval_base_spawn;2816.00;9.50;1660.00;0.00;12698
419;naval_base_spawn;4572.00;9.50;1659.00;0.00;14125
405;naval_base_spawn;1688.00;9.50;1655.00;0.00;13794
347;naval_base_spawn;2918.00;9.50;1656.00;0.00;15677
652;naval_base_spawn;2556.00;9.50;1655.00;0.00;14557
258;naval_base_spawn;2763.00;9.50;1665.00;0.00;14977
43;naval_base_spawn;2715.00;9.50;1657.00;0.00;12389
419;naval_base_spawn;4607.00;9.50;1655.00;0.00;12740
47;naval_base_spawn;5423.00;9.50;1653.00;0.00;15683
403;naval_base_spawn;2971.00;9.50;1652.00;0.00;15682
395;naval_base_spawn;3134.00;9.50;1653.00;0.00;9489
395;naval_base_spawn;3145.00;9.50;1652.00;0.00;9489
42;naval_base_spawn;1607.00;9.50;1651.00;0.00;15659
347;naval_base_spawn;2886.00;9.50;1653.00;0.00;15679
347;naval_base_spawn;2901.00;9.50;1648.00;0.00;15677
335;naval_base_spawn;3017.00;9.50;1646.00;0.00;13219
205;naval_base_spawn;3149.00;9.50;1647.00;0.00;9489
38;naval_base_spawn;2809.00;9.50;1656.00;0.00;12698
38;naval_base_spawn;2857.00;9.50;1651.00;0.00;13117
406;naval_base_spawn;3632.00;9.50;1652.00;0.00;13900
45;naval_base_spawn;1631.00;9.50;1649.00;0.00;12495
331;naval_base_spawn;2543.00;9.50;1652.00;0.00;14557
425;naval_base_spawn;2742.00;9.50;1651.00;0.00;13228
403;naval_base_spawn;2982.00;9.50;1647.00;0.00;15682
347;naval_base_spawn;2908.00;9.50;1650.00;0.00;15677
39;naval_base_spawn;2638.00;9.50;1646.00;0.00;9714
43;naval_base_spawn;2718.00;9.50;1644.00;0.00;15687
41;naval_base_spawn;5262.00;9.50;1640.00;0.00;15692
47;naval_base_spawn;5418.00;9.50;1645.00;0.00;15683
67;naval_base_spawn;1738.00;9.50;1653.00;0.00;11666
38;naval_base_spawn;2865.00;9.50;1644.00;0.00;13117
42;naval_base_spawn;1616.00;9.50;1643.00;0.00;15252
652;naval_base_spawn;2560.00;9.50;1646.00;0.00;14557
43;naval_base_spawn;2698.00;9.50;1644.00;0.00;15684
418;naval_base_spawn;3264.00;9.50;1645.00;0.00;15690
335;naval_base_spawn;2993.00;9.50;1644.00;0.00;9860
425;naval_base_spawn;2755.00;9.50;1638.00;0.00;14825
347;naval_base_spawn;2897.00;9.50;1642.00;0.00;11679
437;naval_base_spawn;2947.00;9.50;1643.00;0.00;11231
41;naval_base_spawn;5271.00;9.50;1645.00;0.00;15692
42;naval_base_spawn;1602.00;9.50;1639.00;0.00;15268
437;naval_base_spawn;2956.00;9.50;1640.00;0.00;15682
441;naval_base_spawn;3646.00;9.50;1642.00;0.00;15258
45;naval_base_spawn;1628.00;9.50;1639.00;0.00;15252
205;naval_base_spawn;3153.00;9.50;1638.00;0.00;12351
437;naval_base_spawn;2964.00;9.50;1639.00;0.00;15682
41;naval_base_spawn;5255.00;9.50;1634.00;0.00;13673
431;naval_base_spawn;1683.00;9.50;1635.00;0.00;15693
651;naval_base_spawn;2639.00;9.50;1636.00;0.00;9714
43;naval_base_spawn;2688.00;9.50;1635.00;0.00;12457
309;naval_base_spawn;2921.00;9.50;1637.00;0.00;11952
642;naval_base_spawn;5181.00;9.50;1632.00;0.00;14217
42;naval_base_spawn;1613.00;9.50;1635.00;0.00;15268
642;naval_base_spawn;5206.00;9.50;1627.00;0.00;14951
43;naval_base_spawn;2701.00;9.50;1631.00;0.00;12457
425;naval_base_spawn;2751.00;9.50;1631.00;0.00;14825
437;naval_base_spawn;2973.00;9.50;1634.00;0.00;9860
205;naval_base_spawn;3175.00;9.50;1632.00;0.00;15699
418;naval_base_spawn;3270.00;9.50;1637.00;0.00;15690
205;naval_base_spawn;3186.00;9.50;1625.00;0.00;15699
441;naval_base_spawn;3653.00;9.50;1634.00;0.00;15258
45;naval_base_spawn;1630.00;9.50;1630.00;0.00;12333
45;naval_base_spawn;1645.00;9.50;1632.00;0.00;15691
47;naval_base_spawn;5399.00;9.50;1630.00;0.00;11577
331;naval_base_spawn;2554.00;9.50;1627.00;0.00;15133
49;naval_base_spawn;2673.00;9.50;1631.00;0.00;13391
642;naval_base_spawn;5194.00;9.50;1628.00;0.00;14217
651;naval_base_spawn;2589.00;9.50;1629.00;0.00;11243
433;naval_base_spawn;2888.00;9.50;1627.00;0.00;11679
441;naval_base_spawn;3701.00;9.50;1619.00;0.00;12656
437;naval_base_spawn;2953.00;9.50;1619.00;0.00;15704
651;naval_base_spawn;2632.00;9.50;1624.00;0.00;12944
433;naval_base_spawn;2878.00;9.50;1626.00;0.00;11679
36;naval_base_spawn;3061.00;9.50;1624.00;0.00;13121
41;naval_base_spawn;5233.00;9.50;1620.00;0.00;15081
47;naval_base_spawn;5411.00;9.50;1624.00;0.00;11577
60;naval_base_spawn;1490.00;9.50;1624.00;0.00;15694
36;naval_base_spawn;3073.00;9.50;1623.00;0.00;14928
51;naval_base_spawn;2749.00;9.50;1620.00;0.00;13303
328;naval_base_spawn;3193.00;9.50;1615.00;0.00;14570
270;naval_base_spawn;5180.00;9.50;1623.00;0.00;14217
437;naval_base_spawn;2984.00;9.50;1621.00;0.00;9860
36;naval_base_spawn;3051.00;9.50;1620.00;0.00;11974
76;naval_base_spawn;3321.00;9.50;1620.00;0.00;12202
438;naval_base_spawn;3286.00;9.50;1622.00;0.00;11240
82;naval_base_spawn;2718.00;9.50;1623.00;0.00;14577
82;naval_base_spawn;2724.00;9.50;1622.00;0.00;14577
36;naval_base_spawn;3097.00;9.50;1619.00;0.00;13989
441;naval_base_spawn;3705.00;9.50;1616.00;0.00;12656
49;naval_base_spawn;2670.00;9.50;1626.00;0.00;13391
60;naval_base_spawn;1498.00;9.50;1617.00;0.00;9338
437;naval_base_spawn;2961.00;9.50;1619.00;0.00;15704
36;naval_base_spawn;3107.00;9.50;1617.00;0.00;13989
450;naval_base_spawn;1379.00;9.50;1615.00;0.00;15702
651;naval_base_spawn;2601.00;9.50;1615.00;0.00;11243
131;naval_base_spawn;2771.00;9.50;1613.00;0.00;13303
36;naval_base_spawn;3118.00;9.50;1615.00;0.00;13989
76;naval_base_spawn;3348.00;9.50;1616.00;0.00;11085
651;naval_base_spawn;2613.00;9.50;1609.00;0.00;15143
76;naval_base_spawn;3362.00;9.50;1611.00;0.00;13027
70;naval_base_spawn;2816.00;9.50;1609.00;0.00;13423
51;naval_base_spawn;2761.00;9.50;1615.00;0.00;13303
450;naval_base_spawn;1365.00;9.50;1610.00;0.00;13840
309;naval_base_spawn;2933.00;9.50;1607.00;0.00;14669
50;naval_base_spawn;3049.00;9.50;1610.00;0.00;15711
328;naval_base_spawn;3200.00;9.50;1607.00;0.00;14570
359;naval_base_spawn;2569.00;9.50;1609.00;0.00;15712
82;naval_base_spawn;2732.00;9.50;1620.00;0.00;14825
270;naval_base_spawn;5199.00;9.50;1610.00;0.00;14951
57;naval_base_spawn;1612.00;9.50;1606.00;0.00;9671
58;naval_base_spawn;3664.00;9.50;1606.00;0.00;11829
443;naval_base_spawn;1944.00;9.50;1616.00;0.00;13432
131;naval_base_spawn;2793.00;9.50;1606.00;0.00;15728
36;naval_base_spawn;3102.00;9.50;1602.00;0.00;15717
309;naval_base_spawn;2923.00;9.50;1605.00;0.00;14669
451;naval_base_spawn;3595.00;9.50;1603.00;0.00;12301
58;naval_base_spawn;3655.00;9.50;1603.00;0.00;11829
58;naval_base_spawn;3700.00;9.50;1603.00;0.00;12656
47;naval_base_spawn;5395.00;9.50;1604.00;0.00;15726
50;naval_base_spawn;3034.00;9.50;1605.00;0.00;15711
36;naval_base_spawn;3158.00;9.50;1605.00;0.00;12351
57;naval_base_spawn;1620.00;9.50;1602.00;0.00;11419
57;naval_base_spawn;1633.00;9.50;1600.00;0.00;11419
671;naval_base_spawn;1907.00;9.50;1602.00;0.00;15710
450;naval_base_spawn;1359.00;9.50;1603.00;0.00;13840
450;naval_base_spawn;1383.00;9.50;1603.00;0.00;15156
131;naval_base_spawn;2813.00;9.50;1600.00;0.00;15728
36;naval_base_spawn;3081.00;9.50;1598.00;0.00;11177
76;naval_base_spawn;3361.00;9.50;1600.00;0.00;13027
359;naval_base_spawn;2579.00;9.50;1601.00;0.00;15712
50;naval_base_spawn;3023.00;9.50;1602.00;0.00;8807
50;naval_base_spawn;3043.00;9.50;1605.00;0.00;15711
451;naval_base_spawn;3584.00;9.50;1598.00;0.00;15724
47;naval_base_spawn;5413.00;9.50;1600.00;0.00;13813
60;naval_base_spawn;1557.00;9.50;1596.00;0.00;14304
49;naval_base_spawn;2649.00;9.50;1606.00;0.00;12944
26;naval_base_spawn;3010.00;9.50;1599.00;0.00;8807
36;naval_base_spawn;3092.00;9.50;1600.00;0.00;11177
270;naval_base_spawn;5199.00;9.50;1601.00;0.00;15722
52;naval_base_spawn;2723.00;9.50;1600.00;0.00;10231
50;naval_base_spawn;3069.00;9.50;1596.00;0.00;11177
135;naval_base_spawn;3242.00;9.50;1595.00;0.00;15733
450;naval_base_spawn;1393.00;9.50;1593.00;0.00;15156
49;naval_base_spawn;2631.00;9.50;1593.00;0.00;15736
26;naval_base_spawn;3001.00;9.50;1595.00;0.00;12739
452;naval_base_spawn;5162.00;9.50;1589.00;0.00;11398
270;naval_base_spawn;5180.00;9.50;1591.00;0.00;15722
50;naval_base_spawn;3076.00;9.50;1590.00;0.00;11177
671;naval_base_spawn;1902.00;9.50;1590.00;0.00;12487
359;naval_base_spawn;2602.00;9.50;1591.00;0.00;12540
434;naval_base_spawn;2859.00;9.50;1591.00;0.00;14831
76;naval_base_spawn;3348.00;9.50;1591.00;0.00;14031
8;naval_base_spawn;3538.00;9.50;1585.00;0.00;15168
446;naval_base_spawn;2909.00;9.50;1586.00;0.00;14669
359;naval_base_spawn;2614.00;9.50;1585.00;0.00;15736
252;naval_base_spawn;2714.00;9.50;1588.00;0.00;10231
50;naval_base_spawn;3067.00;9.50;1589.00;0.00;15742
60;naval_base_spawn;1474.00;9.50;1585.00;0.00;10723
67;naval_base_spawn;1779.00;9.50;1583.00;0.00;11383
50;naval_base_spawn;3042.00;9.50;1587.00;0.00;15742
8;naval_base_spawn;3559.00;9.50;1587.00;0.00;15168
8;naval_base_spawn;3582.00;9.50;1591.00;0.00;15724
60;naval_base_spawn;1595.00;9.50;1582.00;0.00;15727
135;naval_base_spawn;3239.00;9.50;1587.00;0.00;15075
450;naval_base_spawn;1379.00;9.50;1582.00;0.00;15160
168;naval_base_spawn;3463.00;9.50;1583.00;0.00;14218
452;naval_base_spawn;5163.00;9.50;1582.00;0.00;11398
57;naval_base_spawn;1624.00;9.50;1582.00;0.00;15749
440;naval_base_spawn;3361.00;9.50;1582.00;0.00;14031
448;naval_base_spawn;3424.00;9.50;1583.00;0.00;13619
60;naval_base_spawn;1605.00;9.50;1579.00;0.00;11404
168;naval_base_spawn;3488.00;9.50;1581.00;0.00;13893
451;naval_base_spawn;3630.00;9.50;1585.00;0.00;14492
448;naval_base_spawn;3442.00;9.50;1579.00;0.00;13320
8;naval_base_spawn;3548.00;9.50;1583.00;0.00;15168
60;naval_base_spawn;1584.00;9.50;1581.00;0.00;15727
359;naval_base_spawn;2614.00;9.50;1579.00;0.00;15736
26;naval_base_spawn;2974.00;9.50;1577.00;0.00;12574
462;naval_base_spawn;3039.00;9.50;1582.00;0.00;15742
671;naval_base_spawn;1911.00;9.50;1582.00;0.00;12487
252;naval_base_spawn;2694.00;9.50;1575.00;0.00;14337
446;naval_base_spawn;2895.00;9.50;1575.00;0.00;10649
438;naval_base_spawn;3290.00;9.50;1575.00;0.00;13964
462;naval_base_spawn;3045.00;9.50;1578.00;0.00;15742
440;naval_base_spawn;3375.00;9.50;1583.00;0.00;9882
450;naval_base_spawn;1416.00;9.50;1575.00;0.00;11729
250;naval_base_spawn;2660.00;9.50;1564.00;0.00;15743
473;naval_base_spawn;5177.00;9.50;1574.00;0.00;11398
60;naval_base_spawn;1576.00;9.50;1571.00;0.00;13581
60;naval_base_spawn;1594.00;9.50;1574.00;0.00;11404
446;naval_base_spawn;2879.00;9.50;1571.00;0.00;15744
462;naval_base_spawn;3056.00;9.50;1572.00;0.00;15742
438;naval_base_spawn;3273.00;9.50;1572.00;0.00;15739
448;naval_base_spawn;3399.00;9.50;1582.00;0.00;9882
461;naval_base_spawn;2804.00;9.50;1570.00;0.00;12086
71;naval_base_spawn;3240.00;9.50;1570.00;0.00;15075
450;naval_base_spawn;1399.00;9.50;1568.00;0.00;10596
440;naval_base_spawn;3309.00;9.50;1570.00;0.00;14810
68;naval_base_spawn;1183.00;9.50;1567.00;0.00;12559
359;naval_base_spawn;2624.00;9.50;1565.00;0.00;9608
72;naval_base_spawn;2848.00;9.50;1566.00;0.00;8821
71;naval_base_spawn;3219.00;9.50;1567.00;0.00;11388
473;naval_base_spawn;5184.00;9.50;1565.00;0.00;11398
461;naval_base_spawn;2779.00;9.50;1564.00;0.00;14753
450;naval_base_spawn;1408.00;9.50;1562.00;0.00;15748
461;naval_base_spawn;2792.00;9.50;1564.00;0.00;12086
473;naval_base_spawn;5171.00;9.50;1572.00;0.00;11398
457;naval_base_spawn;1834.00;9.50;1563.00;0.00;12158
461;naval_base_spawn;2813.00;9.50;1561.00;0.00;14197
26;naval_base_spawn;2978.00;9.50;1564.00;0.00;12903
359;naval_base_spawn;2616.00;9.50;1561.00;0.00;9608
68;naval_base_spawn;1212.00;9.50;1558.00;0.00;13202
450;naval_base_spawn;1429.00;9.50;1560.00;0.00;13848
440;naval_base_spawn;3321.00;9.50;1572.00;0.00;14810
457;naval_base_spawn;1819.00;9.50;1560.00;0.00;12158
72;naval_base_spawn;2856.00;9.50;1560.00;0.00;8821
462;naval_base_spawn;3041.00;9.50;1559.00;0.00;14265
60;naval_base_spawn;1549.00;9.50;1555.00;0.00;13008
78;naval_base_spawn;5381.00;9.50;1556.00;0.00;15752
68;naval_base_spawn;1221.00;9.50;1557.00;0.00;14230
359;naval_base_spawn;2610.00;9.50;1557.00;0.00;9608
260;naval_base_spawn;1444.00;9.50;1553.00;0.00;15139
79;naval_base_spawn;1763.00;9.50;1503.00;0.00;15775
461;naval_base_spawn;2760.00;9.50;1549.00;0.00;14753
80;naval_base_spawn;1156.00;9.50;1551.00;0.00;15759
260;naval_base_spawn;1476.00;9.50;1551.00;0.00;14579
455;naval_base_spawn;2613.00;9.50;1551.00;0.00;9608
260;naval_base_spawn;1452.00;9.50;1548.00;0.00;15139
72;naval_base_spawn;2860.00;9.50;1551.00;0.00;14917
260;naval_base_spawn;1486.00;9.50;1549.00;0.00;14579
75;naval_base_spawn;2671.00;9.50;1545.00;0.00;8898
75;naval_base_spawn;2690.00;9.50;1548.00;0.00;11327
78;naval_base_spawn;5389.00;9.50;1549.00;0.00;15752
80;naval_base_spawn;1170.00;9.50;1547.00;0.00;11697
440;naval_base_spawn;3278.00;9.50;1548.00;0.00;14660
260;naval_base_spawn;1496.00;9.50;1546.00;0.00;10732
81;naval_base_spawn;2831.00;9.50;1546.00;0.00;8963
440;naval_base_spawn;3362.00;9.50;1543.00;0.00;12088
461;naval_base_spawn;2770.00;9.50;1547.00;0.00;10990
71;naval_base_spawn;3228.00;9.50;1546.00;0.00;14664
455;naval_base_spawn;2619.00;9.50;1543.00;0.00;9608
440;naval_base_spawn;3296.00;9.50;1538.00;0.00;15764
60;naval_base_spawn;1544.00;9.50;1541.00;0.00;13008
81;naval_base_spawn;2812.00;9.50;1540.00;0.00;14252
260;naval_base_spawn;1464.00;9.50;1539.00;0.00;15770
440;naval_base_spawn;3269.00;9.50;1538.00;0.00;15779
440;naval_base_spawn;3310.00;9.50;1539.00;0.00;15764
448;naval_base_spawn;3412.00;9.50;1539.00;0.00;13453
260;naval_base_spawn;1502.00;9.50;1538.00;0.00;10732
75;naval_base_spawn;2685.00;9.50;1538.00;0.00;14609
71;naval_base_spawn;3238.00;9.50;1539.00;0.00;15762
78;naval_base_spawn;5388.00;9.50;1537.00;0.00;15773
81;naval_base_spawn;2801.00;9.50;1537.00;0.00;14252
80;naval_base_spawn;1140.00;9.50;1534.00;0.00;13063
80;naval_base_spawn;1151.00;9.50;1534.00;0.00;13274
87;naval_base_spawn;3057.00;9.50;1532.00;0.00;14725
440;naval_base_spawn;3276.00;9.50;1529.00;0.00;15779
684;naval_base_spawn;1782.00;9.50;1532.00;0.00;15775
477;naval_base_spawn;2851.00;9.50;1533.00;0.00;13551
457;naval_base_spawn;1830.00;9.50;1557.00;0.00;12158
81;naval_base_spawn;2781.00;9.50;1529.00;0.00;10990
473;naval_base_spawn;5212.00;9.50;1532.00;0.00;15227
260;naval_base_spawn;1468.00;9.50;1530.00;0.00;15770
260;naval_base_spawn;1510.00;9.50;1530.00;0.00;10732
60;naval_base_spawn;1546.00;9.50;1531.00;0.00;14301
455;naval_base_spawn;2637.00;9.50;1530.00;0.00;15776
455;naval_base_spawn;2651.00;9.50;1530.00;0.00;15776
90;naval_base_spawn;5301.00;9.50;1529.00;0.00;12850
477;naval_base_spawn;2864.00;9.50;1527.00;0.00;14917
87;naval_base_spawn;3047.00;9.50;1529.00;0.00;15771
89;naval_base_spawn;5245.00;9.50;1527.00;0.00;13031
260;naval_base_spawn;1447.00;9.50;1528.00;0.00;15139
88;naval_base_spawn;3265.00;9.50;1527.00;0.00;15779
173;naval_base_spawn;3445.00;9.50;1531.00;0.00;13592
81;naval_base_spawn;2803.00;9.50;1526.00;0.00;11870
90;naval_base_spawn;5311.00;9.50;1527.00;0.00;14536
455;naval_base_spawn;2610.00;9.50;1520.00;0.00;15040
89;naval_base_spawn;5232.00;9.50;1525.00;0.00;11885
455;naval_base_spawn;2599.00;9.50;1521.00;0.00;11235
455;naval_base_spawn;2660.00;9.50;1524.00;0.00;15782
260;naval_base_spawn;1517.00;9.50;1522.00;0.00;14301
88;naval_base_spawn;3255.00;9.50;1524.00;0.00;8826
90;naval_base_spawn;5323.00;9.50;1521.00;0.00;14536
90;naval_base_spawn;5335.00;9.50;1522.00;0.00;14536
87;naval_base_spawn;3042.00;9.50;1519.00;0.00;15771
477;naval_base_spawn;2859.00;9.50;1518.00;0.00;12822
88;naval_base_spawn;3271.00;9.50;1518.00;0.00;15779
455;naval_base_spawn;2668.00;9.50;1515.00;0.00;15782
89;naval_base_spawn;5235.00;9.50;1516.00;0.00;11885
273;naval_base_spawn;5222.00;9.50;1511.00;0.00;11885
90;naval_base_spawn;5342.00;9.50;1512.00;0.00;15020
88;naval_base_spawn;3278.00;9.50;1511.00;0.00;15795
455;naval_base_spawn;2569.00;9.50;1507.00;0.00;15789
455;naval_base_spawn;2660.00;9.50;1508.00;0.00;14711
478;naval_base_spawn;3043.00;9.50;1509.00;0.00;15786
465;naval_base_spawn;3378.00;9.50;1510.00;0.00;10472
173;naval_base_spawn;3430.00;9.50;1509.00;0.00;13592
477;naval_base_spawn;2857.00;9.50;1509.00;0.00;14292
465;naval_base_spawn;3360.00;9.50;1509.00;0.00;15790
273;naval_base_spawn;5216.00;9.50;1500.00;0.00;15802
89;naval_base_spawn;5246.00;9.50;1506.00;0.00;13031
173;naval_base_spawn;3414.00;9.50;1505.00;0.00;14363
679;naval_base_spawn;1677.00;9.50;1494.00;0.00;12492
90;naval_base_spawn;5345.00;9.50;1502.00;0.00;15020
260;naval_base_spawn;1486.00;9.50;1501.00;0.00;10191
92;naval_base_spawn;2595.00;9.50;1502.00;0.00;11235
477;naval_base_spawn;2847.00;9.50;1502.00;0.00;14292
90;naval_base_spawn;5327.00;9.50;1500.00;0.00;12329
482;naval_base_spawn;3848.00;9.50;1498.00;0.00;10511
273;naval_base_spawn;5205.00;9.50;1496.00;0.00;15802
92;naval_base_spawn;2619.00;9.50;1498.00;0.00;15040
465;naval_base_spawn;3388.00;9.50;1493.00;0.00;15805
89;naval_base_spawn;5249.00;9.50;1499.00;0.00;13031
95;naval_base_spawn;2780.00;9.50;1498.00;0.00;12474
404;naval_base_spawn;4243.00;9.50;1488.00;0.00;15816
89;naval_base_spawn;5222.00;9.50;1496.00;0.00;13197
482;naval_base_spawn;3809.00;9.50;1494.00;0.00;15803
89;naval_base_spawn;5261.00;9.50;1497.00;0.00;15817
404;naval_base_spawn;4181.00;9.50;1487.00;0.00;13066
404;naval_base_spawn;4293.00;9.50;1491.00;0.00;14846
89;naval_base_spawn;5235.00;9.50;1494.00;0.00;14700
321;naval_base_spawn;2401.00;9.50;1491.00;0.00;15811
92;naval_base_spawn;2603.00;9.50;1494.00;0.00;10020
478;naval_base_spawn;3020.00;9.50;1488.00;0.00;15818
478;naval_base_spawn;3026.00;9.50;1494.00;0.00;15818
465;naval_base_spawn;3337.00;9.50;1493.00;0.00;14522
260;naval_base_spawn;1557.00;9.50;1494.00;0.00;11384
480;naval_base_spawn;3777.00;9.50;1485.00;0.00;11423
482;naval_base_spawn;3881.00;9.50;1492.00;0.00;11089
90;naval_base_spawn;5336.00;9.50;1495.00;0.00;15807
260;naval_base_spawn;1506.00;9.50;1494.00;0.00;14488
467;naval_base_spawn;3471.00;9.50;1493.00;0.00;15815
467;naval_base_spawn;3502.00;9.50;1492.00;0.00;12948
282;naval_base_spawn;3962.00;9.50;1495.00;0.00;11783
95;naval_base_spawn;2772.00;9.50;1492.00;0.00;12474
332;naval_base_spawn;2540.00;9.50;1491.00;0.00;10178
404;naval_base_spawn;4210.00;9.50;1488.00;0.00;11552
449;naval_base_spawn;4555.00;9.50;1493.00;0.00;12570
89;naval_base_spawn;5217.00;9.50;1493.00;0.00;15802
92;naval_base_spawn;2613.00;9.50;1491.00;0.00;13372
95;naval_base_spawn;2790.00;9.50;1491.00;0.00;13602
404;naval_base_spawn;4264.00;9.50;1488.00;0.00;14025
79;naval_base_spawn;1769.00;9.50;1492.00;0.00;15775
474;naval_base_spawn;4483.00;9.50;1489.00;0.00;11282
273;naval_base_spawn;5179.00;9.50;1486.00;0.00;11149
465;naval_base_spawn;3371.00;9.50;1485.00;0.00;15829
178;naval_base_spawn;3989.00;9.50;1484.00;0.00;15833
449;naval_base_spawn;4609.00;9.50;1490.00;0.00;10703
260;naval_base_spawn;1566.00;9.50;1487.00;0.00;10746
321;naval_base_spawn;2407.00;9.50;1487.00;0.00;15811
173;naval_base_spawn;3422.00;9.50;1483.00;0.00;14407
89;naval_base_spawn;5259.00;9.50;1489.00;0.00;15817
118;naval_base_spawn;3216.00;9.50;1487.00;0.00;15809
260;naval_base_spawn;1511.00;9.50;1483.00;0.00;14488
379;naval_base_spawn;2763.00;9.50;1485.00;0.00;13598
470;naval_base_spawn;3568.00;9.50;1481.00;0.00;15823
321;naval_base_spawn;2397.00;9.50;1484.00;0.00;15811
96;naval_base_spawn;2933.00;9.50;1485.00;0.00;12468
173;naval_base_spawn;3433.00;9.50;1483.00;0.00;9553
100;naval_base_spawn;3460.00;9.50;1481.00;0.00;15815
154;naval_base_spawn;3821.00;9.50;1483.00;0.00;15803
330;naval_base_spawn;2466.00;9.50;1483.00;0.00;13467
480;naval_base_spawn;3755.00;9.50;1478.00;0.00;15836
96;naval_base_spawn;2965.00;9.50;1482.00;0.00;11853
95;naval_base_spawn;2791.00;9.50;1481.00;0.00;15845
96;naval_base_spawn;2978.00;9.50;1479.00;0.00;11853
129;naval_base_spawn;3332.00;9.50;1481.00;0.00;12262
260;naval_base_spawn;1543.00;9.50;1478.00;0.00;14582
178;naval_base_spawn;4114.00;9.50;1478.00;0.00;14627
490;naval_base_spawn;5174.00;9.50;1478.00;0.00;11149
330;naval_base_spawn;2501.00;9.50;1480.00;0.00;12083
453;naval_base_spawn;4668.00;9.50;1481.00;0.00;12108
321;naval_base_spawn;2403.00;9.50;1479.00;0.00;15811
260;naval_base_spawn;1564.00;9.50;1475.00;0.00;10746
321;naval_base_spawn;2437.00;9.50;1473.00;0.00;10242
379;naval_base_spawn;2746.00;9.50;1474.00;0.00;15843
129;naval_base_spawn;3367.00;9.50;1476.00;0.00;15829
100;naval_base_spawn;3442.00;9.50;1479.00;0.00;9553
100;naval_base_spawn;3466.00;9.50;1477.00;0.00;11452
178;naval_base_spawn;4059.00;9.50;1474.00;0.00;13489
178;naval_base_spawn;4092.00;9.50;1475.00;0.00;15225
474;naval_base_spawn;4439.00;9.50;1477.00;0.00;15100
492;naval_base_spawn;1577.00;9.50;1472.00;0.00;14179
379;naval_base_spawn;2756.00;9.50;1476.00;0.00;13598
472;naval_base_spawn;3609.00;9.50;1472.00;0.00;15835
472;naval_base_spawn;3592.00;9.50;1476.00;0.00;15823
129;naval_base_spawn;3356.00;9.50;1469.00;0.00;10147
472;naval_base_spawn;3623.00;9.50;1470.00;0.00;12401
479;naval_base_spawn;2379.00;9.50;1470.00;0.00;9735
96;naval_base_spawn;2969.00;9.50;1472.00;0.00;13192
321;naval_base_spawn;2412.00;9.50;1471.00;0.00;13173
321;naval_base_spawn;2428.00;9.50;1471.00;0.00;10242
95;naval_base_spawn;2789.00;9.50;1470.00;0.00;15845
472;naval_base_spawn;3636.00;9.50;1468.00;0.00;12401
154;naval_base_spawn;3739.00;9.50;1471.00;0.00;15836
126;naval_base_spawn;5106.00;9.50;1467.00;0.00;15870
490;naval_base_spawn;5175.00;9.50;1470.00;0.00;14900
255;naval_base_spawn;3262.00;9.50;1468.00;0.00;10252
129;naval_base_spawn;3312.00;9.50;1469.00;0.00;14282
286;naval_base_spawn;4696.00;9.50;1466.00;0.00;12022
295;naval_base_spawn;2729.00;9.50;1463.00;0.00;10569
255;naval_base_spawn;3286.00;9.50;1464.00;0.00;14282
255;naval_base_spawn;3298.00;9.50;1464.00;0.00;14282
154;naval_base_spawn;3793.00;9.50;1463.00;0.00;15842
255;naval_base_spawn;3245.00;9.50;1463.00;0.00;14174
479;naval_base_spawn;2362.00;9.50;1461.00;0.00;15850
486;naval_base_spawn;1690.00;9.50;1460.00;0.00;15858
255;naval_base_spawn;3255.00;9.50;1459.00;0.00;14174
255;naval_base_spawn;3268.00;9.50;1458.00;0.00;14861
490;naval_base_spawn;5171.00;9.50;1459.00;0.00;14900
95;naval_base_spawn;2781.00;9.50;1457.00;0.00;15845
129;naval_base_spawn;3334.00;9.50;1452.00;0.00;15880
126;naval_base_spawn;5109.00;9.50;1459.00;0.00;15863
492;naval_base_spawn;1561.00;9.50;1458.00;0.00;15849
154;naval_base_spawn;3780.00;9.50;1453.00;0.00;11743
286;naval_base_spawn;4719.00;9.50;1453.00;0.00;15857
255;naval_base_spawn;3288.00;9.50;1448.00;0.00;15871
492;naval_base_spawn;1600.00;9.50;1454.00;0.00;13244
104;naval_base_spawn;2956.00;9.50;1452.00;0.00;14864
129;naval_base_spawn;3319.00;9.50;1453.00;0.00;15880
492;naval_base_spawn;1582.00;9.50;1463.00;0.00;14179
490;naval_base_spawn;5148.00;9.50;1453.00;0.00;14898
255;naval_base_spawn;3269.00;9.50;1452.00;0.00;14861
255;naval_base_spawn;3299.00;9.50;1450.00;0.00;15871
154;naval_base_spawn;3755.00;9.50;1444.00;0.00;13966
492;naval_base_spawn;1563.00;9.50;1448.00;0.00;12918
200;naval_base_spawn;4239.00;9.50;1447.00;0.00;15859
200;naval_base_spawn;4253.00;9.50;1448.00;0.00;15859
105;naval_base_spawn;3156.00;9.50;1448.00;0.00;12190
492;naval_base_spawn;1607.00;9.50;1447.00;0.00;13244
295;naval_base_spawn;2722.00;9.50;1444.00;0.00;15864
497;naval_base_spawn;2917.00;9.50;1445.00;0.00;13942
678;naval_base_spawn;2329.00;9.50;1445.00;0.00;10599
196;naval_base_spawn;4297.00;9.50;1445.00;0.00;13087
492;naval_base_spawn;1573.00;9.50;1441.00;0.00;12918
497;naval_base_spawn;2929.00;9.50;1444.00;0.00;13942
200;naval_base_spawn;4263.00;9.50;1444.00;0.00;11682
498;naval_base_spawn;3657.00;9.50;1443.00;0.00;15091
200;naval_base_spawn;4272.00;9.50;1442.00;0.00;11682
196;naval_base_spawn;4338.00;9.50;1441.00;0.00;15862
196;naval_base_spawn;4309.00;9.50;1440.00;0.00;14984
676;naval_base_spawn;2306.00;9.50;1415.00;0.00;13646
295;naval_base_spawn;2719.00;9.50;1436.00;0.00;12206
491;naval_base_spawn;2781.00;9.50;1436.00;0.00;15891
492;naval_base_spawn;1586.00;9.50;1435.00;0.00;12868
497;naval_base_spawn;2932.00;9.50;1434.00;0.00;13026
497;naval_base_spawn;2905.00;9.50;1435.00;0.00;15882
499;naval_base_spawn;4372.00;9.50;1441.00;0.00;12409
678;naval_base_spawn;2324.00;9.50;1436.00;0.00;15888
491;naval_base_spawn;2768.00;9.50;1427.00;0.00;13608
491;naval_base_spawn;2745.00;9.50;1430.00;0.00;15897
497;naval_base_spawn;2888.00;9.50;1433.00;0.00;10565
107;naval_base_spawn;3266.00;9.50;1432.00;0.00;14861
499;naval_base_spawn;4436.00;9.50;1433.00;0.00;13016
490;naval_base_spawn;5150.00;9.50;1432.00;0.00;13315
491;naval_base_spawn;2757.00;9.50;1429.00;0.00;15897
200;naval_base_spawn;4281.00;9.50;1428.00;0.00;14893
108;naval_base_spawn;5258.00;9.50;1430.00;0.00;11191
491;naval_base_spawn;2790.00;9.50;1431.00;0.00;15891
646;naval_base_spawn;5084.00;9.50;1432.00;0.00;15896
492;naval_base_spawn;1620.00;9.50;1429.00;0.00;15887
107;naval_base_spawn;3277.00;9.50;1427.00;0.00;9974
109;naval_base_spawn;2824.00;9.50;1427.00;0.00;15892
497;naval_base_spawn;2877.00;9.50;1424.00;0.00;14106
499;naval_base_spawn;4411.00;9.50;1439.00;0.00;10352
499;naval_base_spawn;4448.00;9.50;1428.00;0.00;13703
491;naval_base_spawn;2774.00;9.50;1422.00;0.00;13608
497;naval_base_spawn;2913.00;9.50;1427.00;0.00;15179
498;naval_base_spawn;3706.00;9.50;1422.00;0.00;13258
109;naval_base_spawn;2834.00;9.50;1425.00;0.00;14516
497;naval_base_spawn;2925.00;9.50;1426.00;0.00;15179
107;naval_base_spawn;3229.00;9.50;1424.00;0.00;11681
134;naval_base_spawn;3361.00;9.50;1428.00;0.00;11355
491;naval_base_spawn;2798.00;9.50;1422.00;0.00;11101
108;naval_base_spawn;5248.00;9.50;1424.00;0.00;13349
675;naval_base_spawn;2319.00;9.50;1431.00;0.00;15888
493;naval_base_spawn;4341.00;9.50;1416.00;0.00;15915
506;naval_base_spawn;1761.00;9.50;1420.00;0.00;9505
497;naval_base_spawn;2889.00;9.50;1424.00;0.00;10853
108;naval_base_spawn;5265.00;9.50;1423.00;0.00;15907
491;naval_base_spawn;2785.00;9.50;1419.00;0.00;11101
111;naval_base_spawn;3289.00;9.50;1416.00;0.00;9974
499;naval_base_spawn;4372.00;9.50;1411.00;0.00;12168
492;naval_base_spawn;1612.00;9.50;1417.00;0.00;12868
107;naval_base_spawn;3238.00;9.50;1417.00;0.00;12905
660;naval_base_spawn;2037.00;9.50;1404.00;0.00;14400
109;naval_base_spawn;2840.00;9.50;1417.00;0.00;14516
486;naval_base_spawn;1731.00;9.50;1418.00;0.00;15908
492;naval_base_spawn;1623.00;9.50;1417.00;0.00;13671
506;naval_base_spawn;1780.00;9.50;1414.00;0.00;15922
493;naval_base_spawn;4304.00;9.50;1418.00;0.00;10442
108;naval_base_spawn;5257.00;9.50;1413.00;0.00;15907
109;naval_base_spawn;2809.00;9.50;1415.00;0.00;11101
493;naval_base_spawn;4318.00;9.50;1415.00;0.00;15912
498;naval_base_spawn;3651.00;9.50;1409.00;0.00;15918
498;naval_base_spawn;3686.00;9.50;1414.00;0.00;11851
108;naval_base_spawn;5243.00;9.50;1415.00;0.00;13349
134;naval_base_spawn;3368.00;9.50;1414.00;0.00;13956
163;naval_base_spawn;5057.00;9.50;1404.00;0.00;14269
107;naval_base_spawn;3247.00;9.50;1411.00;0.00;12905
503;naval_base_spawn;4496.00;9.50;1412.00;0.00;13837
511;naval_base_spawn;4755.00;9.50;1412.00;0.00;9428
492;naval_base_spawn;1630.00;9.50;1409.00;0.00;13671
517;naval_base_spawn;2528.00;9.50;1401.00;0.00;10173
111;naval_base_spawn;3269.00;9.50;1402.00;0.00;15930
110;naval_base_spawn;3338.00;9.50;1402.00;0.00;13268
499;naval_base_spawn;4370.00;9.50;1404.00;0.00;12168
504;naval_base_spawn;4505.00;9.50;1408.00;0.00;10756
108;naval_base_spawn;5236.00;9.50;1407.00;0.00;13349
506;naval_base_spawn;1803.00;9.50;1401.00;0.00;8895
504;naval_base_spawn;4516.00;9.50;1404.00;0.00;10756
108;naval_base_spawn;5246.00;9.50;1404.00;0.00;15932
116;naval_base_spawn;2845.00;9.50;1403.00;0.00;14516
134;naval_base_spawn;3367.00;9.50;1403.00;0.00;13956
134;naval_base_spawn;3394.00;9.50;1401.00;0.00;14636
517;naval_base_spawn;2544.00;9.50;1393.00;0.00;15134
509;naval_base_spawn;3259.00;9.50;1393.00;0.00;15930
492;naval_base_spawn;1634.00;9.50;1398.00;0.00;9261
116;naval_base_spawn;2855.00;9.50;1398.00;0.00;9985
513;naval_base_spawn;4705.00;9.50;1397.00;0.00;15927
116;naval_base_spawn;2875.00;9.50;1392.00;0.00;10325
513;naval_base_spawn;4686.00;9.50;1395.00;0.00;15278
110;naval_base_spawn;3365.00;9.50;1388.00;0.00;13297
509;naval_base_spawn;3250.00;9.50;1388.00;0.00;15936
508;naval_base_spawn;4666.00;9.50;1392.00;0.00;13850
660;naval_base_spawn;2060.00;9.50;1391.00;0.00;14454
662;naval_base_spawn;2099.00;9.50;1391.00;0.00;15939
110;naval_base_spawn;3316.00;9.50;1390.00;0.00;14254
115;naval_base_spawn;4403.00;9.50;1387.00;0.00;12220
496;naval_base_spawn;2298.00;9.50;1389.00;0.00;13646
122;naval_base_spawn;2988.00;9.50;1400.00;0.00;9050
509;naval_base_spawn;3259.00;9.50;1386.00;0.00;13242
110;naval_base_spawn;3347.00;9.50;1386.00;0.00;12912
116;naval_base_spawn;2858.00;9.50;1392.00;0.00;9985
115;naval_base_spawn;4393.00;9.50;1389.00;0.00;15931
516;naval_base_spawn;1965.00;9.50;1383.00;0.00;14268
503;naval_base_spawn;4460.00;9.50;1379.00;0.00;15954
507;naval_base_spawn;4584.00;9.50;1388.00;0.00;15928
503;naval_base_spawn;4470.00;9.50;1379.00;0.00;14878
182;naval_base_spawn;4560.00;9.50;1394.00;0.00;11700
509;naval_base_spawn;3216.00;9.50;1377.00;0.00;13906
508;naval_base_spawn;4651.00;9.50;1385.00;0.00;15085
110;naval_base_spawn;3365.00;9.50;1382.00;0.00;15958
117;naval_base_spawn;4416.00;9.50;1378.00;0.00;8957
513;naval_base_spawn;4674.00;9.50;1386.00;0.00;13850
108;naval_base_spawn;5191.00;9.50;1378.00;0.00;15974
124;naval_base_spawn;2018.00;9.50;1387.00;0.00;9085
117;naval_base_spawn;4411.00;9.50;1382.00;0.00;8957
496;naval_base_spawn;2287.00;9.50;1380.00;0.00;8796
117;naval_base_spawn;4435.00;9.50;1375.00;0.00;15954
122;naval_base_spawn;3022.00;9.50;1385.00;0.00;12544
517;naval_base_spawn;2494.00;9.50;1378.00;0.00;13068
123;naval_base_spawn;5249.00;9.50;1374.00;0.00;10359
496;naval_base_spawn;2269.00;9.50;1374.00;0.00;11017
122;naval_base_spawn;3037.00;9.50;1377.00;0.00;15952
660;naval_base_spawn;2055.00;9.50;1374.00;0.00;11465
516;naval_base_spawn;1943.00;9.50;1371.00;0.00;14268
117;naval_base_spawn;4422.00;9.50;1374.00;0.00;8957
508;naval_base_spawn;4645.00;9.50;1371.00;0.00;15085
503;naval_base_spawn;4484.00;9.50;1370.00;0.00;14878
132;naval_base_spawn;3068.00;9.50;1370.00;0.00;9571
266;naval_base_spawn;1811.00;9.50;1367.00;0.00;12854
132;naval_base_spawn;3079.00;9.50;1366.00;0.00;15962
661;naval_base_spawn;2116.00;9.50;1367.00;0.00;11527
130;naval_base_spawn;793.00;9.50;1363.00;0.00;15242
496;naval_base_spawn;2256.00;9.50;1364.00;0.00;11017
505;naval_base_spawn;5022.00;9.50;1360.00;0.00;15995
133;naval_base_spawn;3388.00;9.50;1364.00;0.00;10418
504;naval_base_spawn;4518.00;9.50;1358.00;0.00;12267
136;naval_base_spawn;3105.00;9.50;1357.00;0.00;10897
132;naval_base_spawn;3074.00;9.50;1346.00;0.00;11831
504;naval_base_spawn;4528.00;9.50;1354.00;0.00;11007
132;naval_base_spawn;3086.00;9.50;1352.00;0.00;8972
130;naval_base_spawn;791.00;9.50;1355.00;0.00;15242
137;naval_base_spawn;3183.00;9.50;1356.00;0.00;15994
137;naval_base_spawn;3196.00;9.50;1360.00;0.00;10079
527;naval_base_spawn;2686.00;9.50;1354.00;0.00;15986
136;naval_base_spawn;3121.00;9.50;1351.00;0.00;15990
136;naval_base_spawn;3151.00;9.50;1350.00;0.00;15994
182;naval_base_spawn;4550.00;9.50;1351.00;0.00;16000
133;naval_base_spawn;3382.00;9.50;1353.00;0.00;10418
516;naval_base_spawn;1930.00;9.50;1351.00;0.00;14931
137;naval_base_spawn;3206.00;9.50;1355.00;0.00;10079
136;naval_base_spawn;3105.00;9.50;1343.00;0.00;8972
137;naval_base_spawn;3230.00;9.50;1353.00;0.00;9454
527;naval_base_spawn;2709.00;9.50;1349.00;0.00;14002
136;naval_base_spawn;3124.00;9.50;1338.00;0.00;16010
136;naval_base_spawn;3153.00;9.50;1342.00;0.00;16010
133;naval_base_spawn;3376.00;9.50;1345.00;0.00;15119
182;naval_base_spawn;4576.00;9.50;1340.00;0.00;14773
123;naval_base_spawn;5205.00;9.50;1340.00;0.00;16024
521;naval_base_spawn;2246.00;9.50;1338.00;0.00;14892
148;naval_base_spawn;1572.00;9.50;1338.00;0.00;10965
527;naval_base_spawn;2732.00;9.50;1341.00;0.00;14838
266;naval_base_spawn;1801.00;9.50;1339.00;0.00;12981
520;naval_base_spawn;4997.00;9.50;1346.00;0.00;9143
133;naval_base_spawn;3360.00;9.50;1333.00;0.00;14518
133;naval_base_spawn;3367.00;9.50;1337.00;0.00;14518
508;naval_base_spawn;4610.00;9.50;1330.00;0.00;12580
521;naval_base_spawn;2189.00;9.50;1325.00;0.00;16017
520;naval_base_spawn;4988.00;9.50;1326.00;0.00;9143
521;naval_base_spawn;2241.00;9.50;1328.00;0.00;11772
525;naval_base_spawn;3346.00;9.50;1327.00;0.00;14518
525;naval_base_spawn;3310.00;9.50;1321.00;0.00;13160
284;naval_base_spawn;1794.00;9.50;1324.00;0.00;12981
521;naval_base_spawn;2200.00;9.50;1317.00;0.00;16017
142;naval_base_spawn;3294.00;9.50;1321.00;0.00;14854
284;naval_base_spawn;1765.00;9.50;1318.00;0.00;13265
521;naval_base_spawn;2244.00;9.50;1316.00;0.00;11772
146;naval_base_spawn;5175.00;9.50;1333.00;0.00;10435
284;naval_base_spawn;1779.00;9.50;1316.00;0.00;13265
520;naval_base_spawn;4979.00;9.50;1301.00;0.00;16032
147;naval_base_spawn;5079.00;9.50;1322.00;0.00;16040
142;naval_base_spawn;3271.00;9.50;1310.00;0.00;14070
141;naval_base_spawn;3169.00;9.50;1307.00;0.00;16037
521;naval_base_spawn;2231.00;9.50;1311.00;0.00;16041
143;naval_base_spawn;3217.00;9.50;1315.00;0.00;15051
147;naval_base_spawn;5086.00;9.50;1319.00;0.00;16040
521;naval_base_spawn;2214.00;9.50;1307.00;0.00;12018
143;naval_base_spawn;3239.00;9.50;1310.00;0.00;16021
147;naval_base_spawn;5075.00;9.50;1314.00;0.00;16040
147;naval_base_spawn;5099.00;9.50;1316.00;0.00;16040
147;naval_base_spawn;5112.00;9.50;1317.00;0.00;13169
146;naval_base_spawn;5197.00;9.50;1316.00;0.00;16024
501;naval_base_spawn;4633.00;9.50;1305.00;0.00;14403
501;naval_base_spawn;4649.00;9.50;1294.00;0.00;13857
143;naval_base_spawn;3223.00;9.50;1301.00;0.00;15051
143;naval_base_spawn;3207.00;9.50;1304.00;0.00;14959
527;naval_base_spawn;2835.00;9.50;1287.00;0.00;14727
520;naval_base_spawn;4979.00;9.50;1315.00;0.00;16032
146;naval_base_spawn;5188.00;9.50;1309.00;0.00;9956
146;naval_base_spawn;5201.00;9.50;1306.00;0.00;16050
501;naval_base_spawn;4629.00;9.50;1295.00;0.00;15253
501;naval_base_spawn;4641.00;9.50;1291.00;0.00;15253
143;naval_base_spawn;3218.00;9.50;1294.00;0.00;14959
148;naval_base_spawn;1582.00;9.50;1296.00;0.00;9633
529;naval_base_spawn;4291.00;9.50;1292.00;0.00;14508
147;naval_base_spawn;5129.00;9.50;1298.00;0.00;15158
531;naval_base_spawn;2400.00;9.50;1291.00;0.00;9632
147;naval_base_spawn;5084.00;9.50;1299.00;0.00;16040
153;naval_base_spawn;5049.00;9.50;1254.00;0.00;16093
148;naval_base_spawn;1574.00;9.50;1286.00;0.00;16063
529;naval_base_spawn;4299.00;9.50;1285.00;0.00;8942
146;naval_base_spawn;5202.00;9.50;1296.00;0.00;16050
529;naval_base_spawn;4316.00;9.50;1282.00;0.00;13404
520;naval_base_spawn;4970.00;9.50;1286.00;0.00;16065
529;naval_base_spawn;4294.00;9.50;1281.00;0.00;8942
147;naval_base_spawn;5066.00;9.50;1280.00;0.00;11406
146;naval_base_spawn;5184.00;9.50;1286.00;0.00;16058
529;naval_base_spawn;4327.00;9.50;1279.00;0.00;13404
146;naval_base_spawn;5198.00;9.50;1288.00;0.00;16050
529;naval_base_spawn;4336.00;9.50;1276.00;0.00;16075
284;naval_base_spawn;1797.00;9.50;1273.00;0.00;16083
529;naval_base_spawn;4318.00;9.50;1274.00;0.00;8942
529;naval_base_spawn;4345.00;9.50;1272.00;0.00;16075
536;naval_base_spawn;4973.00;9.50;1271.00;0.00;16065
536;naval_base_spawn;4962.00;9.50;1272.00;0.00;16065
528;naval_base_spawn;2002.00;9.50;1270.00;0.00;15095
537;naval_base_spawn;1901.00;9.50;1273.00;0.00;10892
529;naval_base_spawn;4324.00;9.50;1266.00;0.00;13949
528;naval_base_spawn;2043.00;9.50;1267.00;0.00;16087
535;naval_base_spawn;5147.00;9.50;1242.00;0.00;16103
285;naval_base_spawn;2074.00;9.50;1263.00;0.00;14157
285;naval_base_spawn;2055.00;9.50;1263.00;0.00;16087
153;naval_base_spawn;5068.00;9.50;1264.00;0.00;11406
284;naval_base_spawn;1804.00;9.50;1260.00;0.00;16083
528;naval_base_spawn;1993.00;9.50;1259.00;0.00;15095
536;naval_base_spawn;4972.00;9.50;1255.00;0.00;16098
285;naval_base_spawn;2084.00;9.50;1258.00;0.00;14157
153;naval_base_spawn;5079.00;9.50;1258.00;0.00;11406
285;naval_base_spawn;2093.00;9.50;1251.00;0.00;14452
537;naval_base_spawn;1929.00;9.50;1249.00;0.00;9236
529;naval_base_spawn;4349.00;9.50;1248.00;0.00;14472
529;naval_base_spawn;4359.00;9.50;1242.00;0.00;16113
710;naval_base_spawn;2891.00;9.50;1245.00;0.00;14712
153;naval_base_spawn;5078.00;9.50;1245.00;0.00;12818
529;naval_base_spawn;4366.00;9.50;1240.00;0.00;16113
158;naval_base_spawn;1566.00;9.50;1241.00;0.00;10930
229;naval_base_spawn;4686.00;9.50;1243.00;0.00;16108
152;naval_base_spawn;5164.00;9.50;1253.00;0.00;12325
152;naval_base_spawn;5192.00;9.50;1239.00;0.00;14564
537;naval_base_spawn;1937.00;9.50;1236.00;0.00;16127
158;naval_base_spawn;1575.00;9.50;1237.00;0.00;14847
152;naval_base_spawn;5181.00;9.50;1232.00;0.00;10234
229;naval_base_spawn;4640.00;9.50;1235.00;0.00;16115
529;naval_base_spawn;4371.00;9.50;1234.00;0.00;16113
158;naval_base_spawn;1581.00;9.50;1230.00;0.00;14052
284;naval_base_spawn;1816.00;9.50;1231.00;0.00;12414
721;naval_base_spawn;2957.00;9.50;1228.00;0.00;10728
535;naval_base_spawn;5133.00;9.50;1232.00;0.00;13401
157;naval_base_spawn;3682.00;9.50;1227.00;0.00;11030
535;naval_base_spawn;5123.00;9.50;1223.00;0.00;14553
157;naval_base_spawn;3656.00;9.50;1223.00;0.00;16122
140;naval_base_spawn;4980.00;9.50;1225.00;0.00;16126
158;naval_base_spawn;1573.00;9.50;1224.00;0.00;14052
529;naval_base_spawn;4386.00;9.50;1224.00;0.00;15048
229;naval_base_spawn;4649.00;9.50;1224.00;0.00;16133
157;naval_base_spawn;3673.00;9.50;1223.00;0.00;11030
157;naval_base_spawn;3689.00;9.50;1218.00;0.00;16137
535;naval_base_spawn;5124.00;9.50;1215.00;0.00;14553
229;naval_base_spawn;4659.00;9.50;1220.00;0.00;16133
535;naval_base_spawn;5151.00;9.50;1210.00;0.00;16145
158;naval_base_spawn;1573.00;9.50;1214.00;0.00;16146
157;naval_base_spawn;3681.00;9.50;1212.00;0.00;15023
140;naval_base_spawn;4983.00;9.50;1212.00;0.00;16150
277;naval_base_spawn;1961.00;9.50;1208.00;0.00;11107
728;naval_base_spawn;3018.00;9.50;1203.00;0.00;16164
529;naval_base_spawn;4416.00;9.50;1205.00;0.00;13306
138;naval_base_spawn;4993.00;9.50;1204.00;0.00;16150
551;naval_base_spawn;2153.00;9.50;1199.00;0.00;16158
537;naval_base_spawn;1928.00;9.50;1199.00;0.00;11704
551;naval_base_spawn;2127.00;9.50;1195.00;0.00;14009
531;naval_base_spawn;2365.00;9.50;1197.00;0.00;14374
533;naval_base_spawn;1779.00;9.50;1199.00;0.00;11858
277;naval_base_spawn;2016.00;9.50;1198.00;0.00;13915
541;naval_base_spawn;1945.00;9.50;1194.00;0.00;11704
138;naval_base_spawn;5009.00;9.50;1192.00;0.00;13508
551;naval_base_spawn;2196.00;9.50;1186.00;0.00;16169
532;naval_base_spawn;4744.00;9.50;1182.00;0.00;15110
533;naval_base_spawn;1769.00;9.50;1187.00;0.00;16182
533;naval_base_spawn;1791.00;9.50;1198.00;0.00;12318
551;naval_base_spawn;2174.00;9.50;1189.00;0.00;12057
158;naval_base_spawn;1583.00;9.50;1186.00;0.00;13937
539;naval_base_spawn;2064.00;9.50;1177.00;0.00;14604
532;naval_base_spawn;4727.00;9.50;1181.00;0.00;15110
277;naval_base_spawn;2012.00;9.50;1185.00;0.00;9905
181;naval_base_spawn;3692.00;9.50;1180.00;0.00;9214
543;naval_base_spawn;4810.00;9.50;1181.00;0.00;10116
158;naval_base_spawn;1594.00;9.50;1181.00;0.00;16176
551;naval_base_spawn;2204.00;9.50;1178.00;0.00;12830
158;naval_base_spawn;1603.00;9.50;1174.00;0.00;16193
556;naval_base_spawn;2014.00;9.50;1120.00;0.00;14709
551;naval_base_spawn;2230.00;9.50;1173.00;0.00;14728
532;naval_base_spawn;4761.00;9.50;1176.00;0.00;15110
167;naval_base_spawn;4499.00;9.50;1173.00;0.00;16184
180;naval_base_spawn;5048.00;9.50;1173.00;0.00;16188
728;naval_base_spawn;3062.00;9.50;1168.00;0.00;10256
158;naval_base_spawn;1595.00;9.50;1171.00;0.00;11644
167;naval_base_spawn;4509.00;9.50;1170.00;0.00;16184
201;naval_base_spawn;4825.00;9.50;1164.00;0.00;10752
167;naval_base_spawn;4487.00;9.50;1163.00;0.00;9587
180;naval_base_spawn;5031.00;9.50;1168.00;0.00;14869
533;naval_base_spawn;1782.00;9.50;1163.00;0.00;10786
432;naval_base_spawn;2387.00;9.50;1170.00;0.00;13305
167;naval_base_spawn;4519.00;9.50;1165.00;0.00;10111
180;naval_base_spawn;5043.00;9.50;1166.00;0.00;16188
180;naval_base_spawn;5087.00;9.50;1157.00;0.00;12956
552;naval_base_spawn;5007.00;9.50;1162.00;0.00;14869
167;naval_base_spawn;4507.00;9.50;1151.00;0.00;11320
201;naval_base_spawn;4844.00;9.50;1154.00;0.00;11425
729;naval_base_spawn;3107.00;9.50;1152.00;0.00;10550
160;naval_base_spawn;4865.00;9.50;1146.00;0.00;13360
218;naval_base_spawn;4923.00;9.50;1145.00;0.00;11940
541;naval_base_spawn;2015.00;9.50;1166.00;0.00;9905
169;naval_base_spawn;1592.00;9.50;1151.00;0.00;11644
167;naval_base_spawn;4519.00;9.50;1148.00;0.00;16218
218;naval_base_spawn;4902.00;9.50;1149.00;0.00;11940
548;naval_base_spawn;1847.00;9.50;1146.00;0.00;14231
218;naval_base_spawn;4914.00;9.50;1149.00;0.00;11940
167;naval_base_spawn;4540.00;9.50;1146.00;0.00;16219
181;naval_base_spawn;3710.00;9.50;1142.00;0.00;9211
167;naval_base_spawn;4555.00;9.50;1142.00;0.00;12211
548;naval_base_spawn;1861.00;9.50;1135.00;0.00;14128
547;naval_base_spawn;2357.00;9.50;1140.00;0.00;9018
167;naval_base_spawn;4529.00;9.50;1143.00;0.00;13727
170;naval_base_spawn;5156.00;9.50;1142.00;0.00;11598
218;naval_base_spawn;4908.00;9.50;1143.00;0.00;11940
220;naval_base_spawn;4927.00;9.50;1137.00;0.00;11940
169;naval_base_spawn;1610.00;9.50;1137.00;0.00;13917
552;naval_base_spawn;5028.00;9.50;1131.00;0.00;14366
181;naval_base_spawn;3719.00;9.50;1138.00;0.00;9211
180;naval_base_spawn;5053.00;9.50;1139.00;0.00;16228
169;naval_base_spawn;1601.00;9.50;1135.00;0.00;10520
160;naval_base_spawn;4876.00;9.50;1137.00;0.00;13360
170;naval_base_spawn;5164.00;9.50;1133.00;0.00;9055
160;naval_base_spawn;4885.00;9.50;1131.00;0.00;13003
181;naval_base_spawn;3711.00;9.50;1132.00;0.00;16234
180;naval_base_spawn;5038.00;9.50;1132.00;0.00;16228
193;naval_base_spawn;1617.00;9.50;1128.00;0.00;13917
207;naval_base_spawn;4914.00;9.50;1130.00;0.00;11940
552;naval_base_spawn;5019.00;9.50;1127.00;0.00;14366
193;naval_base_spawn;1603.00;9.50;1125.00;0.00;10520
432;naval_base_spawn;2405.00;9.50;1123.00;0.00;11215
557;naval_base_spawn;1818.00;9.50;1123.00;0.00;14324
548;naval_base_spawn;1877.00;9.50;1124.00;0.00;14128
207;naval_base_spawn;4923.00;9.50;1123.00;0.00;11940
556;naval_base_spawn;1992.00;9.50;1133.00;0.00;16008
160;naval_base_spawn;4892.00;9.50;1123.00;0.00;13003
220;naval_base_spawn;4971.00;9.50;1113.00;0.00;16245
162;naval_base_spawn;2378.00;9.50;1129.00;0.00;14648
220;naval_base_spawn;4948.00;9.50;1121.00;0.00;16232
193;naval_base_spawn;1609.00;9.50;1118.00;0.00;10520
207;naval_base_spawn;4913.00;9.50;1119.00;0.00;14876
170;naval_base_spawn;5139.00;9.50;1117.00;0.00;16241
557;naval_base_spawn;1826.00;9.50;1115.00;0.00;14324
207;naval_base_spawn;4926.00;9.50;1113.00;0.00;14876
220;naval_base_spawn;4960.00;9.50;1113.00;0.00;13882
552;naval_base_spawn;4996.00;9.50;1111.00;0.00;16249
193;naval_base_spawn;1603.00;9.50;1108.00;0.00;12990
170;naval_base_spawn;5148.00;9.50;1110.00;0.00;14706
193;naval_base_spawn;1613.00;9.50;1108.00;0.00;16265
184;naval_base_spawn;4609.00;9.50;1107.00;0.00;10190
184;naval_base_spawn;4619.00;9.50;1101.00;0.00;10190
162;naval_base_spawn;2425.00;9.50;1099.00;0.00;15277
162;naval_base_spawn;2408.00;9.50;1103.00;0.00;11215
193;naval_base_spawn;1625.00;9.50;1095.00;0.00;10725
184;naval_base_spawn;4600.00;9.50;1096.00;0.00;14264
184;naval_base_spawn;4625.00;9.50;1093.00;0.00;16269
267;naval_base_spawn;2472.00;9.50;1091.00;0.00;15277
560;naval_base_spawn;5146.00;9.50;1094.00;0.00;14033
557;naval_base_spawn;1828.00;9.50;1093.00;0.00;13829
181;naval_base_spawn;3704.00;9.50;1090.00;0.00;16268
193;naval_base_spawn;1619.00;9.50;1090.00;0.00;16265
162;naval_base_spawn;2438.00;9.50;1089.00;0.00;15277
267;naval_base_spawn;2480.00;9.50;1087.00;0.00;15277
571;naval_base_spawn;3170.00;9.50;1088.00;0.00;14696
184;naval_base_spawn;4619.00;9.50;1084.00;0.00;16269
560;naval_base_spawn;5149.00;9.50;1083.00;0.00;14033
181;naval_base_spawn;3699.00;9.50;1083.00;0.00;11126
181;naval_base_spawn;3711.00;9.50;1082.00;0.00;16268
557;naval_base_spawn;1861.00;9.50;1079.00;0.00;16275
193;naval_base_spawn;1617.00;9.50;1076.00;0.00;16265
162;naval_base_spawn;2452.00;9.50;1080.00;0.00;15277
267;naval_base_spawn;2486.00;9.50;1077.00;0.00;15238
283;naval_base_spawn;2472.00;9.50;1074.00;0.00;14240
560;naval_base_spawn;5132.00;9.50;1076.00;0.00;12354
556;naval_base_spawn;1963.00;9.50;1073.00;0.00;16270
181;naval_base_spawn;3702.00;9.50;1075.00;0.00;16268
181;naval_base_spawn;3717.00;9.50;1071.00;0.00;10699
725;naval_base_spawn;3168.00;9.50;1071.00;0.00;9320
184;naval_base_spawn;4659.00;9.50;1070.00;0.00;16284
560;naval_base_spawn;5120.00;9.50;1071.00;0.00;16291
320;naval_base_spawn;2457.00;9.50;1070.00;0.00;14240
267;naval_base_spawn;2490.00;9.50;1071.00;0.00;15238
193;naval_base_spawn;1613.00;9.50;1060.00;0.00;12860
184;naval_base_spawn;4646.00;9.50;1063.00;0.00;13903
560;naval_base_spawn;5112.00;9.50;1062.00;0.00;16291
725;naval_base_spawn;3164.00;9.50;1053.00;0.00;9320
408;naval_base_spawn;1956.00;9.50;1063.00;0.00;11992
283;naval_base_spawn;2488.00;9.50;1068.00;0.00;15238
186;naval_base_spawn;5176.00;9.50;1059.00;0.00;12240
560;naval_base_spawn;5123.00;9.50;1050.00;0.00;10499
560;naval_base_spawn;5134.00;9.50;1058.00;0.00;10499
184;naval_base_spawn;4670.00;9.50;1054.00;0.00;11746
560;naval_base_spawn;5106.00;9.50;1054.00;0.00;11055
560;naval_base_spawn;5095.00;9.50;1052.00;0.00;11055
623;naval_base_spawn;3358.00;9.50;546.00;0.00;13367
563;naval_base_spawn;5084.00;9.50;1046.00;0.00;11055
560;naval_base_spawn;5117.00;9.50;1045.00;0.00;10499
186;naval_base_spawn;5174.00;9.50;1051.00;0.00;12240
190;naval_base_spawn;4658.00;9.50;1043.00;0.00;16303
408;naval_base_spawn;1944.00;9.50;1048.00;0.00;11992
560;naval_base_spawn;5108.00;9.50;1038.00;0.00;11951
192;naval_base_spawn;3790.00;9.50;1038.00;0.00;16302
190;naval_base_spawn;4672.00;9.50;1031.00;0.00;11746
320;naval_base_spawn;2474.00;9.50;1033.00;0.00;14240
192;naval_base_spawn;3735.00;9.50;1025.00;0.00;16321
563;naval_base_spawn;5074.00;9.50;1025.00;0.00;13555
190;naval_base_spawn;4662.00;9.50;1023.00;0.00;13825
192;naval_base_spawn;3743.00;9.50;1019.00;0.00;16321
192;naval_base_spawn;3785.00;9.50;1017.00;0.00;10671
190;naval_base_spawn;4670.00;9.50;1016.00;0.00;13825
190;naval_base_spawn;4646.00;9.50;1013.00;0.00;11403
192;naval_base_spawn;3780.00;9.50;1011.00;0.00;13793
197;naval_base_spawn;1639.00;9.50;1009.00;0.00;11627
198;naval_base_spawn;5216.00;9.50;1006.00;0.00;13979
725;naval_base_spawn;3157.00;9.50;1007.00;0.00;12773
192;naval_base_spawn;3756.00;9.50;1005.00;0.00;16336
197;naval_base_spawn;1647.00;9.50;1003.00;0.00;12294
199;naval_base_spawn;4698.00;9.50;1000.00;0.00;12712
197;naval_base_spawn;1628.00;9.50;1001.00;0.00;11627
424;naval_base_spawn;3134.00;9.50;987.00;0.00;12773
198;naval_base_spawn;5223.00;9.50;999.00;0.00;16342
197;naval_base_spawn;1650.00;9.50;994.00;0.00;12294
424;naval_base_spawn;3151.00;9.50;995.00;0.00;12773
198;naval_base_spawn;5215.00;9.50;990.00;0.00;15164
198;naval_base_spawn;5229.00;9.50;989.00;0.00;16342
199;naval_base_spawn;4709.00;9.50;989.00;0.00;13024
372;naval_base_spawn;3168.00;9.50;993.00;0.00;11587
198;naval_base_spawn;5219.00;9.50;979.00;0.00;9107
199;naval_base_spawn;4713.00;9.50;980.00;0.00;14644
199;naval_base_spawn;4701.00;9.50;972.00;0.00;11804
199;naval_base_spawn;4725.00;9.50;973.00;0.00;12814
199;naval_base_spawn;4692.00;9.50;975.00;0.00;11139
199;naval_base_spawn;4719.00;9.50;969.00;0.00;14644
209;naval_base_spawn;4904.00;9.50;961.00;0.00;15087
372;naval_base_spawn;3170.00;9.50;960.00;0.00;10858
202;naval_base_spawn;5231.00;9.50;961.00;0.00;9107
422;naval_base_spawn;1918.00;9.50;950.00;0.00;16386
730;naval_base_spawn;3068.00;9.50;884.00;0.00;15206
204;naval_base_spawn;4740.00;9.50;957.00;0.00;12814
204;naval_base_spawn;4749.00;9.50;957.00;0.00;16380
199;naval_base_spawn;4719.00;9.50;958.00;0.00;14644
210;naval_base_spawn;1655.00;9.50;950.00;0.00;13206
726;naval_base_spawn;3006.00;9.50;1198.00;0.00;16183
372;naval_base_spawn;3169.00;9.50;951.00;0.00;10858
215;naval_base_spawn;5299.00;9.50;947.00;0.00;11964
209;naval_base_spawn;4907.00;9.50;947.00;0.00;16392
204;naval_base_spawn;4764.00;9.50;949.00;0.00;16380
209;naval_base_spawn;4872.00;9.50;946.00;0.00;14241
209;naval_base_spawn;4892.00;9.50;945.00;0.00;14241
210;naval_base_spawn;1679.00;9.50;944.00;0.00;13206
204;naval_base_spawn;4772.00;9.50;939.00;0.00;11456
10;naval_base_spawn;2849.00;9.50;932.00;0.00;16427
211;naval_base_spawn;4801.00;9.50;939.00;0.00;16402
422;naval_base_spawn;1931.00;9.50;935.00;0.00;14005
204;naval_base_spawn;4743.00;9.50;937.00;0.00;13950
209;naval_base_spawn;4869.00;9.50;937.00;0.00;14209
209;naval_base_spawn;4897.00;9.50;930.00;0.00;13736
209;naval_base_spawn;4881.00;9.50;928.00;0.00;13736
209;naval_base_spawn;4845.00;9.50;929.00;0.00;16409
223;naval_base_spawn;2851.00;9.50;927.00;0.00;16427
213;naval_base_spawn;3878.00;9.50;927.00;0.00;13056
209;naval_base_spawn;4913.00;9.50;931.00;0.00;13736
204;naval_base_spawn;4747.00;9.50;925.00;0.00;15070
209;naval_base_spawn;4851.00;9.50;923.00;0.00;16409
211;naval_base_spawn;4799.00;9.50;923.00;0.00;13033
215;naval_base_spawn;5298.00;9.50;922.00;0.00;14530
213;naval_base_spawn;3851.00;9.50;924.00;0.00;10635
204;naval_base_spawn;4781.00;9.50;922.00;0.00;11456
211;naval_base_spawn;4816.00;9.50;918.00;0.00;13033
579;naval_base_spawn;3157.00;9.50;925.00;0.00;11761
213;naval_base_spawn;3887.00;9.50;922.00;0.00;14780
204;naval_base_spawn;4757.00;9.50;920.00;0.00;15070
209;naval_base_spawn;4872.00;9.50;916.00;0.00;16424
209;naval_base_spawn;4884.00;9.50;921.00;0.00;13736
204;naval_base_spawn;4768.00;9.50;921.00;0.00;10700
211;naval_base_spawn;4828.00;9.50;916.00;0.00;16429
579;naval_base_spawn;3148.00;9.50;910.00;0.00;14417
213;naval_base_spawn;3884.00;9.50;912.00;0.00;10564
213;naval_base_spawn;3861.00;9.50;912.00;0.00;10564
579;naval_base_spawn;3108.00;9.50;894.00;0.00;16463
209;naval_base_spawn;4885.00;9.50;907.00;0.00;13919
223;naval_base_spawn;2844.00;9.50;901.00;0.00;13982
223;naval_base_spawn;2864.00;9.50;913.00;0.00;16427
579;naval_base_spawn;3128.00;9.50;903.00;0.00;13353
573;naval_base_spawn;2912.00;9.50;898.00;0.00;12622
573;naval_base_spawn;2886.00;9.50;895.00;0.00;14926
231;naval_base_spawn;5313.00;9.50;896.00;0.00;12963
223;naval_base_spawn;2838.00;9.50;901.00;0.00;13982
223;naval_base_spawn;2861.00;9.50;897.00;0.00;13982
730;naval_base_spawn;3083.00;9.50;890.00;0.00;12344
730;naval_base_spawn;3099.00;9.50;888.00;0.00;12344
731;naval_base_spawn;2983.00;9.50;885.00;0.00;13496
579;naval_base_spawn;3121.00;9.50;894.00;0.00;13353
734;naval_base_spawn;2966.00;9.50;883.00;0.00;12815
730;naval_base_spawn;3051.00;9.50;887.00;0.00;12545
731;naval_base_spawn;3004.00;9.50;881.00;0.00;9044
224;naval_base_spawn;3919.00;9.50;890.00;0.00;16438
731;naval_base_spawn;3022.00;9.50;882.00;0.00;16446
223;naval_base_spawn;2841.00;9.50;889.00;0.00;14940
223;naval_base_spawn;2862.00;9.50;888.00;0.00;13982
223;naval_base_spawn;2869.00;9.50;882.00;0.00;14940
224;naval_base_spawn;3956.00;9.50;881.00;0.00;13199
231;naval_base_spawn;5316.00;9.50;882.00;0.00;11167
224;naval_base_spawn;3945.00;9.50;880.00;0.00;12584
230;naval_base_spawn;4121.00;9.50;880.00;0.00;16461
340;naval_base_spawn;1976.00;9.50;874.00;0.00;11992
587;naval_base_spawn;2842.00;9.50;882.00;0.00;14940
230;naval_base_spawn;4131.00;9.50;880.00;0.00;16462
223;naval_base_spawn;2851.00;9.50;880.00;0.00;14940
223;naval_base_spawn;2861.00;9.50;876.00;0.00;14940
231;naval_base_spawn;5336.00;9.50;876.00;0.00;12358
233;naval_base_spawn;3972.00;9.50;873.00;0.00;16450
231;naval_base_spawn;5322.00;9.50;875.00;0.00;12358
233;naval_base_spawn;4018.00;9.50;872.00;0.00;12660
230;naval_base_spawn;4100.00;9.50;873.00;0.00;14537
581;naval_base_spawn;4042.00;9.50;871.00;0.00;13107
581;naval_base_spawn;4067.00;9.50;872.00;0.00;16464
230;naval_base_spawn;4137.00;9.50;873.00;0.00;16462
231;naval_base_spawn;5346.00;9.50;871.00;0.00;9564
230;naval_base_spawn;4129.00;9.50;869.00;0.00;16462
230;naval_base_spawn;4107.00;9.50;866.00;0.00;16476
230;naval_base_spawn;4093.00;9.50;865.00;0.00;16476
231;naval_base_spawn;5329.00;9.50;866.00;0.00;12358
230;naval_base_spawn;4073.00;9.50;864.00;0.00;15262
233;naval_base_spawn;4015.00;9.50;863.00;0.00;13525
581;naval_base_spawn;4036.00;9.50;863.00;0.00;13107
231;naval_base_spawn;5345.00;9.50;862.00;0.00;11589
230;naval_base_spawn;4082.00;9.50;858.00;0.00;16476
236;naval_base_spawn;4276.00;9.50;857.00;0.00;13277
587;naval_base_spawn;2870.00;9.50;855.00;0.00;14450
581;naval_base_spawn;4029.00;9.50;858.00;0.00;13525
236;naval_base_spawn;4287.00;9.50;855.00;0.00;14650
340;naval_base_spawn;2005.00;9.50;853.00;0.00;16480
581;naval_base_spawn;4038.00;9.50;851.00;0.00;14895
236;naval_base_spawn;4255.00;9.50;850.00;0.00;12258
236;naval_base_spawn;4279.00;9.50;841.00;0.00;16496
236;naval_base_spawn;4290.00;9.50;843.00;0.00;16496
237;naval_base_spawn;1612.00;9.50;843.00;0.00;14000
302;naval_base_spawn;2019.00;9.50;841.00;0.00;16480
236;naval_base_spawn;4254.00;9.50;834.00;0.00;14817
237;naval_base_spawn;1604.00;9.50;834.00;0.00;16494
237;naval_base_spawn;1615.00;9.50;834.00;0.00;9750
589;naval_base_spawn;2875.00;9.50;819.00;0.00;10209
231;naval_base_spawn;5357.00;9.50;820.00;0.00;14391
231;naval_base_spawn;5351.00;9.50;812.00;0.00;14211
302;naval_base_spawn;2062.00;9.50;808.00;0.00;16522
302;naval_base_spawn;2103.00;9.50;797.00;0.00;14532
589;naval_base_spawn;2885.00;9.50;797.00;0.00;16527
589;naval_base_spawn;2912.00;9.50;782.00;0.00;16531
595;naval_base_spawn;2945.00;9.50;781.00;0.00;14672
595;naval_base_spawn;2932.00;9.50;779.00;0.00;11306
244;naval_base_spawn;5383.00;9.50;765.00;0.00;16541
244;naval_base_spawn;5372.00;9.50;761.00;0.00;9213
244;naval_base_spawn;5383.00;9.50;753.00;0.00;16568
244;naval_base_spawn;5380.00;9.50;737.00;0.00;16568
595;naval_base_spawn;2983.00;9.50;733.00;0.00;13975
599;naval_base_spawn;3154.00;9.50;732.00;0.00;16579
599;naval_base_spawn;3163.00;9.50;729.00;0.00;16579
244;naval_base_spawn;5384.00;9.50;732.00;0.00;16568
599;naval_base_spawn;3146.00;9.50;725.00;0.00;16579
599;naval_base_spawn;3172.00;9.50;721.00;0.00;9940
599;naval_base_spawn;3137.00;9.50;716.00;0.00;16589
244;naval_base_spawn;5390.00;9.50;714.00;0.00;12029
599;naval_base_spawn;3123.00;9.50;714.00;0.00;13224
599;naval_base_spawn;3170.00;9.50;713.00;0.00;9940
602;naval_base_spawn;3332.00;9.50;710.00;0.00;14200
244;naval_base_spawn;5399.00;9.50;708.00;0.00;16602
599;naval_base_spawn;3177.00;9.50;708.00;0.00;16597
601;naval_base_spawn;3208.00;9.50;706.00;0.00;11409
608;naval_base_spawn;3111.00;9.50;706.00;0.00;13224
608;naval_base_spawn;3095.00;9.50;702.00;0.00;16598
599;naval_base_spawn;3185.00;9.50;704.00;0.00;16597
602;naval_base_spawn;3329.00;9.50;695.00;0.00;16601
608;naval_base_spawn;3071.00;9.50;697.00;0.00;10513
610;naval_base_spawn;2134.00;9.50;693.00;0.00;9797
244;naval_base_spawn;5392.00;9.50;695.00;0.00;16602
244;naval_base_spawn;5405.00;9.50;694.00;0.00;16602
608;naval_base_spawn;3061.00;9.50;690.00;0.00;10513
608;naval_base_spawn;3053.00;9.50;683.00;0.00;10513
602;naval_base_spawn;3307.00;9.50;671.00;0.00;12269
245;naval_base_spawn;149.00;9.50;669.00;0.00;16623
602;naval_base_spawn;3329.00;9.50;668.00;0.00;12269
113;naval_base_spawn;2950.00;9.50;670.00;0.00;11254
611;naval_base_spawn;3025.00;9.50;669.00;0.00;16615
245;naval_base_spawn;146.00;9.50;657.00;0.00;16623
113;naval_base_spawn;2941.00;9.50;658.00;0.00;13804
611;naval_base_spawn;3008.00;9.50;655.00;0.00;16625
113;naval_base_spawn;2940.00;9.50;646.00;0.00;13804
611;naval_base_spawn;3042.00;9.50;639.00;0.00;16634
611;naval_base_spawn;3026.00;9.50;635.00;0.00;11249
617;naval_base_spawn;3052.00;9.50;636.00;0.00;16634
610;naval_base_spawn;2138.00;9.50;633.00;0.00;11242
245;naval_base_spawn;148.00;9.50;626.00;0.00;14569
611;naval_base_spawn;2994.00;9.50;625.00;0.00;9880
610;naval_base_spawn;2131.00;9.50;619.00;0.00;12361
617;naval_base_spawn;3059.00;9.50;612.00;0.00;10340
617;naval_base_spawn;3053.00;9.50;606.00;0.00;10340
617;naval_base_spawn;3039.00;9.50;599.00;0.00;10340
618;naval_base_spawn;2905.00;9.50;583.00;0.00;16659
617;naval_base_spawn;3031.00;9.50;595.00;0.00;16643
618;naval_base_spawn;2890.00;9.50;582.00;0.00;16659
621;naval_base_spawn;3010.00;9.50;583.00;0.00;16656
618;naval_base_spawn;2881.00;9.50;573.00;0.00;16659
249;naval_base_spawn;5489.00;9.50;567.00;0.00;16667
614;naval_base_spawn;2131.00;9.50;562.00;0.00;15099
524;naval_base_spawn;2825.00;9.50;561.00;0.00;10585
249;naval_base_spawn;5497.00;9.50;551.00;0.00;16678
621;naval_base_spawn;2991.00;9.50;551.00;0.00;15077
614;naval_base_spawn;2137.00;9.50;540.00;0.00;9491
524;naval_base_spawn;2805.00;9.50;538.00;0.00;16691
249;naval_base_spawn;5502.00;9.50;534.00;0.00;14412
630;naval_base_spawn;2947.00;9.50;528.00;0.00;13856
623;naval_base_spawn;3421.00;9.50;506.00;0.00;15190
625;naval_base_spawn;2138.00;9.50;507.00;0.00;16715
630;naval_base_spawn;2927.00;9.50;507.00;0.00;16707
629;naval_base_spawn;3601.00;9.50;501.00;0.00;10487
630;naval_base_spawn;2875.00;9.50;511.00;0.00;15028
629;naval_base_spawn;3484.00;9.50;499.00;0.00;13438
253;naval_base_spawn;5479.00;9.50;495.00;0.00;14147
637;naval_base_spawn;2861.00;9.50;506.00;0.00;15028
256;naval_base_spawn;220.00;9.50;488.00;0.00;14165
634;naval_base_spawn;3630.00;9.50;475.00;0.00;14466
625;naval_base_spawn;2140.00;9.50;467.00;0.00;16726
253;naval_base_spawn;5501.00;9.50;459.00;0.00;16737
625;naval_base_spawn;2139.00;9.50;447.00;0.00;12501
639;naval_base_spawn;3831.00;9.50;439.00;0.00;10029
639;naval_base_spawn;3807.00;9.50;442.00;0.00;16744
639;naval_base_spawn;3840.00;9.50;435.00;0.00;10029
639;naval_base_spawn;3771.00;9.50;438.00;0.00;16748
639;naval_base_spawn;3760.00;9.50;434.00;0.00;16748
639;naval_base_spawn;3831.00;9.50;425.00;0.00;12634
625;naval_base_spawn;2136.00;9.50;434.00;0.00;12501
634;naval_base_spawn;3666.00;9.50;431.00;0.00;8791
639;naval_base_spawn;3821.00;9.50;426.00;0.00;12634
253;naval_base_spawn;5521.00;9.50;423.00;0.00;16763
639;naval_base_spawn;3737.00;9.50;425.00;0.00;8902
411;naval_base_spawn;2140.00;9.50;419.00;0.00;13254
639;naval_base_spawn;3820.00;9.50;417.00;0.00;12634
256;naval_base_spawn;229.00;9.50;414.00;0.00;16764
256;naval_base_spawn;221.00;9.50;408.00;0.00;11318
639;naval_base_spawn;3834.00;9.50;404.00;0.00;16776
247;naval_base_spawn;3895.00;9.50;404.00;0.00;16765
256;naval_base_spawn;231.00;9.50;405.00;0.00;16764
639;naval_base_spawn;3721.00;9.50;405.00;0.00;16768
247;naval_base_spawn;3866.00;9.50;401.00;0.00;11676
256;naval_base_spawn;218.00;9.50;397.00;0.00;14196
256;naval_base_spawn;226.00;9.50;394.00;0.00;14196
248;naval_base_spawn;3935.00;9.50;395.00;0.00;14029
639;naval_base_spawn;3715.00;9.50;392.00;0.00;16778
248;naval_base_spawn;3978.00;9.50;377.00;0.00;12426
14;naval_base_spawn;3707.00;9.50;377.00;0.00;14053
241;naval_base_spawn;4176.00;9.50;374.00;0.00;13445
241;naval_base_spawn;4188.00;9.50;375.00;0.00;13445
411;naval_base_spawn;2147.00;9.50;370.00;0.00;13739
241;naval_base_spawn;4203.00;9.50;372.00;0.00;16799
241;naval_base_spawn;4217.00;9.50;366.00;0.00;11916
248;naval_base_spawn;4020.00;9.50;366.00;0.00;14910
20;naval_base_spawn;3674.00;9.50;365.00;0.00;16800
241;naval_base_spawn;4228.00;9.50;358.00;0.00;10841
238;naval_base_spawn;4133.00;9.50;351.00;0.00;14805
14;naval_base_spawn;3689.00;9.50;359.00;0.00;16800
241;naval_base_spawn;4242.00;9.50;350.00;0.00;10841
411;naval_base_spawn;2168.00;9.50;344.00;0.00;13539
240;naval_base_spawn;4300.00;9.50;324.00;0.00;11836
240;naval_base_spawn;4310.00;9.50;317.00;0.00;11836
214;naval_base_spawn;2219.00;9.50;312.00;0.00;12829
240;naval_base_spawn;4319.00;9.50;310.00;0.00;15210
214;naval_base_spawn;2204.00;9.50;303.00;0.00;12829
239;naval_base_spawn;4221.00;9.50;302.00;0.00;12394
239;naval_base_spawn;4250.00;9.50;293.00;0.00;16843
239;naval_base_spawn;4166.00;9.50;296.00;0.00;15026
239;naval_base_spawn;4099.00;9.50;287.00;0.00;16848
240;naval_base_spawn;4264.00;9.50;293.00;0.00;16843
239;naval_base_spawn;4149.00;9.50;292.00;0.00;12104
243;naval_base_spawn;4281.00;9.50;292.00;0.00;13368
240;naval_base_spawn;4336.00;9.50;287.00;0.00;14881
239;naval_base_spawn;4115.00;9.50;287.00;0.00;16848
240;naval_base_spawn;4339.00;9.50;280.00;0.00;14881
254;naval_base_spawn;4007.00;9.50;265.00;0.00;11364
337;naval_base_spawn;2219.00;9.50;272.00;0.00;16856
242;naval_base_spawn;4344.00;9.50;266.00;0.00;12216
243;naval_base_spawn;4290.00;9.50;264.00;0.00;14807
261;naval_base_spawn;5307.00;9.50;260.00;0.00;14801
337;naval_base_spawn;2250.00;9.50;257.00;0.00;13014
254;naval_base_spawn;3981.00;9.50;254.00;0.00;11444
254;naval_base_spawn;3938.00;9.50;239.00;0.00;16874
242;naval_base_spawn;4355.00;9.50;252.00;0.00;16868
243;naval_base_spawn;4287.00;9.50;249.00;0.00;14807
337;naval_base_spawn;2262.00;9.50;246.00;0.00;14479
337;naval_base_spawn;2277.00;9.50;244.00;0.00;14479
261;naval_base_spawn;5299.00;9.50;242.00;0.00;14801
261;naval_base_spawn;5318.00;9.50;245.00;0.00;14096
243;naval_base_spawn;4285.00;9.50;238.00;0.00;10539
242;naval_base_spawn;4359.00;9.50;237.00;0.00;12427
261;naval_base_spawn;5308.00;9.50;237.00;0.00;11934
4;naval_base_spawn;2326.00;9.50;230.00;0.00;13881
243;naval_base_spawn;4301.00;9.50;225.00;0.00;14502
242;naval_base_spawn;4355.00;9.50;228.00;0.00;12427
242;naval_base_spawn;4308.00;9.50;222.00;0.00;13562
242;naval_base_spawn;4318.00;9.50;218.00;0.00;13562
242;naval_base_spawn;4349.00;9.50;220.00;0.00;16885
7;naval_base_spawn;3852.00;9.50;212.00;0.00;16886
242;naval_base_spawn;4328.00;9.50;215.00;0.00;13562
242;naval_base_spawn;4339.00;9.50;214.00;0.00;16885
4;naval_base_spawn;2379.00;9.50;204.00;0.00;13589
4;naval_base_spawn;2412.00;9.50;200.00;0.00;14800
515;naval_base_spawn;2473.00;9.50;194.00;0.00;13426
515;naval_base_spawn;2500.00;9.50;184.00;0.00;16908
515;naval_base_spawn;2510.00;9.50;188.00;0.00;16908
212;naval_base_spawn;3797.00;9.50;185.00;0.00;14166
194;naval_base_spawn;2522.00;9.50;183.00;0.00;11864
596;naval_base_spawn;3281.00;9.50;184.00;0.00;16965
596;naval_base_spawn;3323.00;9.50;194.00;0.00;17019
225;naval_base_spawn;3051.00;9.50;160.00;0.00;16925
225;naval_base_spawn;3082.00;9.50;164.00;0.00;16921
194;naval_base_spawn;2521.00;9.50;170.00;0.00;11864
590;naval_base_spawn;3277.00;9.50;162.00;0.00;12864
262;naval_base_spawn;3023.00;9.50;154.00;0.00;13896
225;naval_base_spawn;3110.00;9.50;161.00;0.00;10394
194;naval_base_spawn;2560.00;9.50;149.00;0.00;10609
262;naval_base_spawn;2963.00;9.50;145.00;0.00;8792
194;naval_base_spawn;2566.00;9.50;150.00;0.00;10609
194;naval_base_spawn;2580.00;9.50;150.00;0.00;10609
226;naval_base_spawn;3123.00;9.50;151.00;0.00;16933
150;naval_base_spawn;2953.00;9.50;142.00;0.00;8792
262;naval_base_spawn;3011.00;9.50;151.00;0.00;12236
5;naval_base_spawn;3691.00;9.50;140.00;0.00;9887
150;naval_base_spawn;2923.00;9.50;136.00;0.00;12408
264;naval_base_spawn;3329.00;9.50;136.00;0.00;16958
600;naval_base_spawn;2690.00;9.50;139.00;0.00;16938
150;naval_base_spawn;2823.00;9.50;132.00;0.00;16948
590;naval_base_spawn;3181.00;9.50;128.00;0.00;12989
5;naval_base_spawn;3656.00;9.50;133.00;0.00;9570
590;naval_base_spawn;3212.00;9.50;131.00;0.00;15086
590;naval_base_spawn;3225.00;9.50;134.00;0.00;15086
596;naval_base_spawn;3289.00;9.50;189.00;0.00;16965
5;naval_base_spawn;3674.00;9.50;136.00;0.00;15272
150;naval_base_spawn;2890.00;9.50;135.00;0.00;16941
203;naval_base_spawn;2746.00;9.50;128.00;0.00;10883
203;naval_base_spawn;2719.00;9.50;132.00;0.00;12502
3;naval_base_spawn;3540.00;9.50;120.00;0.00;15114
5;naval_base_spawn;3638.00;9.50;127.00;0.00;13497
590;naval_base_spawn;3195.00;9.50;129.00;0.00;13726
582;naval_base_spawn;3500.00;9.50;123.00;0.00;16964
150;naval_base_spawn;2836.00;9.50;130.00;0.00;13392
226;naval_base_spawn;3144.00;9.50;129.00;0.00;16953
203;naval_base_spawn;2757.00;9.50;122.00;0.00;10883
264;naval_base_spawn;3337.00;9.50;128.00;0.00;16958
3;naval_base_spawn;3609.00;9.50;120.00;0.00;11006
530;naval_base_spawn;3440.00;9.50;121.00;0.00;12642
3;naval_base_spawn;3552.00;9.50;116.00;0.00;15114
263;naval_base_spawn;3109.00;9.50;106.00;0.00;14916
263;naval_base_spawn;3106.00;9.50;100.00;0.00;14916
263;naval_base_spawn;3081.00;9.50;96.00;0.00;16985
263;naval_base_spawn;3093.00;9.50;83.00;0.00;13233
263;naval_base_spawn;3028.00;9.50;73.00;0.00;14967
263;naval_base_spawn;3061.00;9.50;66.00;0.00;17009
263;naval_base_spawn;3069.00;9.50;63.00;0.00;15127
265;naval_base_spawn;3230.00;9.50;63.00;0.00;12503
265;naval_base_spawn;3171.00;9.50;64.00;0.00;13454
265;naval_base_spawn;3240.00;9.50;64.00;0.00;9359
263;naval_base_spawn;2999.00;9.50;64.00;0.00;16998
265;naval_base_spawn;3195.00;9.50;63.00;0.00;15232
263;naval_base_spawn;3081.00;9.50;63.00;0.00;15127
265;naval_base_spawn;3148.00;9.50;62.00;0.00;17005
265;naval_base_spawn;3134.00;9.50;59.00;0.00;11671
265;naval_base_spawn;3222.00;9.50;60.00;0.00;15232
265;naval_base_spawn;3192.00;9.50;53.00;0.00;12780
37;naval_base_spawn;1665.00;9.50;1653.00;0.00;15671
37;naval_base_spawn;1659.00;9.50;1648.00;0.00;15671
60;naval_base_spawn;1541.00;9.50;1569.00;0.00;12473
110;naval_base_spawn;3353.00;9.50;1418.00;0.00;13956
130;naval_base_spawn;782.00;9.50;1388.00;0.00;15966
123;naval_base_spawn;5259.00;9.50;1388.00;0.00;15932
124;naval_base_spawn;1993.00;9.50;1383.00;0.00;15938
122;naval_base_spawn;3046.00;9.50;1374.00;0.00;15952
148;naval_base_spawn;1572.00;9.50;1258.00;0.00;16095
193;naval_base_spawn;1626.00;9.50;1057.00;0.00;13770
193;naval_base_spawn;1634.00;9.50;1035.00;0.00;16317
193;naval_base_spawn;1627.00;9.50;1026.00;0.00;16322
193;naval_base_spawn;1620.00;9.50;1021.00;0.00;16322
210;naval_base_spawn;1648.00;9.50;957.00;0.00;13437
210;naval_base_spawn;1689.00;9.50;928.00;0.00;16411
210;naval_base_spawn;1687.00;9.50;922.00;0.00;16411
210;naval_base_spawn;1690.00;9.50;910.00;0.00;14092
202;naval_base_spawn;5260.00;9.50;902.00;0.00;13718
210;naval_base_spawn;1684.00;9.50;901.00;0.00;11876
210;naval_base_spawn;1673.00;9.50;889.00;0.00;11876
256;naval_base_spawn;216.00;9.50;522.00;0.00;12785
256;naval_base_spawn;224.00;9.50;457.00;0.00;13674
517;naval_base_spawn;2512.00;9.50;1384.00;0.00;15949
75;naval_base_spawn;2679.00;9.50;1539.00;0.00;8898
75;naval_base_spawn;2677.00;9.50;1551.00;0.00;14337
75;naval_base_spawn;2664.00;9.50;1549.00;0.00;8898
75;naval_base_spawn;2665.00;9.50;1560.00;0.00;12718
75;naval_base_spawn;2673.00;9.50;1562.00;0.00;14337
250;naval_base_spawn;2655.00;9.50;1570.00;0.00;15743
250;naval_base_spawn;2658.00;9.50;1581.00;0.00;12718
250;naval_base_spawn;2667.00;9.50;1578.00;0.00;12718
252;naval_base_spawn;2704.00;9.50;1578.00;0.00;10669
252;naval_base_spawn;2687.00;9.50;1585.00;0.00;15725
252;naval_base_spawn;2709.00;9.50;1591.00;0.00;10231
252;naval_base_spawn;2723.00;9.50;1590.00;0.00;10231
49;naval_base_spawn;2649.00;9.50;1592.00;0.00;9828
102;naval_base_spawn;2688.00;9.50;1594.00;0.00;15725
49;naval_base_spawn;2636.00;9.50;1599.00;0.00;15143
49;naval_base_spawn;2656.00;9.50;1597.00;0.00;12718
49;naval_base_spawn;2643.00;9.50;1596.00;0.00;9828
102;naval_base_spawn;2708.00;9.50;1596.00;0.00;10231
102;naval_base_spawn;2681.00;9.50;1606.00;0.00;14273
49;naval_base_spawn;2656.00;9.50;1605.00;0.00;14273
102;naval_base_spawn;2692.00;9.50;1612.00;0.00;12457
52;naval_base_spawn;2719.00;9.50;1607.00;0.00;10231
52;naval_base_spawn;2726.00;9.50;1608.00;0.00;10231
49;naval_base_spawn;2657.00;9.50;1613.00;0.00;12944
49;naval_base_spawn;2664.00;9.50;1610.00;0.00;14273
82;naval_base_spawn;2697.00;9.50;1618.00;0.00;12457
52;naval_base_spawn;2729.00;9.50;1615.00;0.00;14825
49;naval_base_spawn;2670.00;9.50;1617.00;0.00;14273
49;naval_base_spawn;2664.00;9.50;1620.00;0.00;12944
82;naval_base_spawn;2707.00;9.50;1623.00;0.00;12457
43;naval_base_spawn;2714.00;9.50;1637.00;0.00;14577
43;naval_base_spawn;2706.00;9.50;1653.00;0.00;15684
309;naval_base_spawn;2937.00;9.50;1615.00;0.00;15704
437;naval_base_spawn;2959.00;9.50;1616.00;0.00;15704
437;naval_base_spawn;2976.00;9.50;1626.00;0.00;9860
309;naval_base_spawn;2912.00;9.50;1632.00;0.00;15677
309;naval_base_spawn;2937.00;9.50;1637.00;0.00;11952
106;naval_base_spawn;2804.00;9.50;1667.00;0.00;12698
106;naval_base_spawn;2784.00;9.50;1675.00;0.00;15108
34;naval_base_spawn;2792.00;9.50;1687.00;0.00;15108
34;naval_base_spawn;2801.00;9.50;1697.00;0.00;15638
143;naval_base_spawn;3233.00;9.50;1305.00;0.00;15051
141;naval_base_spawn;3147.00;9.50;1313.00;0.00;12529
143;naval_base_spawn;3251.00;9.50;1312.00;0.00;16045
141;naval_base_spawn;3163.00;9.50;1315.00;0.00;12665
143;naval_base_spawn;3263.00;9.50;1320.00;0.00;12620
142;naval_base_spawn;3286.00;9.50;1320.00;0.00;12620
141;naval_base_spawn;3171.00;9.50;1324.00;0.00;12665
525;naval_base_spawn;3312.00;9.50;1331.00;0.00;14854
525;naval_base_spawn;3333.00;9.50;1328.00;0.00;16019
525;naval_base_spawn;3355.00;9.50;1330.00;0.00;14518
525;naval_base_spawn;3324.00;9.50;1338.00;0.00;16001
136;naval_base_spawn;3144.00;9.50;1337.00;0.00;16010
525;naval_base_spawn;3344.00;9.50;1345.00;0.00;11719
136;naval_base_spawn;3115.00;9.50;1340.00;0.00;8972
133;naval_base_spawn;3354.00;9.50;1347.00;0.00;11719
137;naval_base_spawn;3188.00;9.50;1342.00;0.00;12687
137;naval_base_spawn;3184.00;9.50;1351.00;0.00;15994
137;naval_base_spawn;3173.00;9.50;1347.00;0.00;15994
136;naval_base_spawn;3133.00;9.50;1353.00;0.00;15990
133;naval_base_spawn;3370.00;9.50;1353.00;0.00;12419
137;naval_base_spawn;3215.00;9.50;1349.00;0.00;9454
132;naval_base_spawn;3071.00;9.50;1357.00;0.00;11831
133;naval_base_spawn;3377.00;9.50;1361.00;0.00;12419
137;naval_base_spawn;3174.00;9.50;1360.00;0.00;15994
132;naval_base_spawn;3059.00;9.50;1371.00;0.00;9571
133;naval_base_spawn;3389.00;9.50;1376.00;0.00;13297
122;naval_base_spawn;3026.00;9.50;1377.00;0.00;10019
509;naval_base_spawn;3240.00;9.50;1376.00;0.00;15977
509;naval_base_spawn;3224.00;9.50;1378.00;0.00;13906
110;naval_base_spawn;3354.00;9.50;1378.00;0.00;15958
122;naval_base_spawn;3010.00;9.50;1383.00;0.00;15029
110;naval_base_spawn;3310.00;9.50;1385.00;0.00;12297
110;naval_base_spawn;3356.00;9.50;1389.00;0.00;13956
110;naval_base_spawn;3330.00;9.50;1394.00;0.00;12912
122;naval_base_spawn;3003.00;9.50;1397.00;0.00;15029
134;naval_base_spawn;3383.00;9.50;1402.00;0.00;15914
110;naval_base_spawn;3346.00;9.50;1406.00;0.00;13956
107;naval_base_spawn;3217.00;9.50;1419.00;0.00;10341
107;naval_base_spawn;3244.00;9.50;1427.00;0.00;11681
152;naval_base_spawn;5194.00;9.50;1250.00;0.00;16104
152;naval_base_spawn;5167.00;9.50;1254.00;0.00;12325
152;naval_base_spawn;5197.00;9.50;1258.00;0.00;16104
152;naval_base_spawn;5182.00;9.50;1267.00;0.00;10236
152;naval_base_spawn;5172.00;9.50;1262.00;0.00;12325
152;naval_base_spawn;5189.00;9.50;1266.00;0.00;10236
152;naval_base_spawn;5205.00;9.50;1261.00;0.00;16104
152;naval_base_spawn;5197.00;9.50;1267.00;0.00;10236
152;naval_base_spawn;5206.00;9.50;1272.00;0.00;10236
146;naval_base_spawn;5196.00;9.50;1276.00;0.00;10236
147;naval_base_spawn;5106.00;9.50;1287.00;0.00;16062
146;naval_base_spawn;5197.00;9.50;1291.00;0.00;16050
147;naval_base_spawn;5117.00;9.50;1291.00;0.00;16062
147;naval_base_spawn;5094.00;9.50;1294.00;0.00;11687
146;naval_base_spawn;5182.00;9.50;1299.00;0.00;16058
147;naval_base_spawn;5120.00;9.50;1293.00;0.00;16062
147;naval_base_spawn;5117.00;9.50;1312.00;0.00;13169
536;naval_base_spawn;4965.00;9.50;1279.00;0.00;16065
646;naval_base_spawn;5071.00;9.50;1420.00;0.00;15910
126;naval_base_spawn;5100.00;9.50;1465.00;0.00;15870
375;naval_base_spawn;5208.00;9.50;1746.00;0.00;15595
366;naval_base_spawn;4900.00;9.50;1748.00;0.00;14136
135;naval_base_spawn;3212.00;9.50;1590.00;0.00;15730
388;naval_base_spawn;4411.00;9.50;1686.00;0.00;14778
388;naval_base_spawn;4372.00;9.50;1711.00;0.00;9893
388;naval_base_spawn;4347.00;9.50;1735.00;0.00;15618
505;naval_base_spawn;5045.00;9.50;1387.00;0.00;14269
510;naval_base_spawn;2163.00;9.50;1332.00;0.00;16025
510;naval_base_spawn;2171.00;9.50;1338.00;0.00;16017
510;naval_base_spawn;2127.00;9.50;1356.00;0.00;14649
330;naval_base_spawn;2527.00;9.50;1485.00;0.00;10178
652;naval_base_spawn;2550.00;9.50;1658.00;0.00;14557
318;naval_base_spawn;2524.00;9.50;1862.00;0.00;15488
669;naval_base_spawn;1996.00;9.50;1540.00;0.00;11852
669;naval_base_spawn;1989.00;9.50;1543.00;0.00;11852
669;naval_base_spawn;1978.00;9.50;1548.00;0.00;11852
670;naval_base_spawn;1951.00;9.50;1552.00;0.00;15757
670;naval_base_spawn;1968.00;9.50;1552.00;0.00;11852
670;naval_base_spawn;1943.00;9.50;1560.00;0.00;14341
670;naval_base_spawn;1961.00;9.50;1555.00;0.00;15757
670;naval_base_spawn;1948.00;9.50;1565.00;0.00;14341
670;naval_base_spawn;1943.00;9.50;1569.00;0.00;14341
670;naval_base_spawn;1930.00;9.50;1574.00;0.00;14341
55;naval_base_spawn;1962.00;9.50;1592.00;0.00;13432
55;naval_base_spawn;1968.00;9.50;1593.00;0.00;13432
55;naval_base_spawn;1950.00;9.50;1593.00;0.00;13432
55;naval_base_spawn;1940.00;9.50;1596.00;0.00;13432
443;naval_base_spawn;1962.00;9.50;1599.00;0.00;13432
677;naval_base_spawn;2300.00;9.50;1397.00;0.00;13646
677;naval_base_spawn;2306.00;9.50;1403.00;0.00;13646
676;naval_base_spawn;2302.00;9.50;1410.00;0.00;13646
675;naval_base_spawn;2318.00;9.50;1424.00;0.00;15888
459;naval_base_spawn;1931.00;9.50;1532.00;0.00;14435
459;naval_base_spawn;1922.00;9.50;1536.00;0.00;14435
459;naval_base_spawn;1942.00;9.50;1531.00;0.00;14435
459;naval_base_spawn;1956.00;9.50;1534.00;0.00;15757
459;naval_base_spawn;1925.00;9.50;1544.00;0.00;14341
457;naval_base_spawn;1885.00;9.50;1555.00;0.00;15750
457;naval_base_spawn;1877.00;9.50;1560.00;0.00;14676
459;naval_base_spawn;1916.00;9.50;1555.00;0.00;14341
459;naval_base_spawn;1893.00;9.50;1558.00;0.00;15750
459;naval_base_spawn;1909.00;9.50;1567.00;0.00;12487
79;naval_base_spawn;1763.00;9.50;1513.00;0.00;15775
79;naval_base_spawn;1753.00;9.50;1519.00;0.00;15775
79;naval_base_spawn;1772.00;9.50;1521.00;0.00;15775
79;naval_base_spawn;1755.00;9.50;1520.00;0.00;15775
79;naval_base_spawn;1764.00;9.50;1533.00;0.00;12647
79;naval_base_spawn;1760.00;9.50;1543.00;0.00;12647
680;naval_base_spawn;1652.00;9.50;1552.00;0.00;8882
466;naval_base_spawn;1759.00;9.50;1551.00;0.00;12647
466;naval_base_spawn;1768.00;9.50;1554.00;0.00;12647
680;naval_base_spawn;1652.00;9.50;1558.00;0.00;8882
680;naval_base_spawn;1656.00;9.50;1570.00;0.00;8882
680;naval_base_spawn;1652.00;9.50;1568.00;0.00;8882
680;naval_base_spawn;1659.00;9.50;1576.00;0.00;14989
683;naval_base_spawn;1659.00;9.50;1589.00;0.00;13864
683;naval_base_spawn;1664.00;9.50;1595.00;0.00;13864
683;naval_base_spawn;1663.00;9.50;1600.00;0.00;13864
443;naval_base_spawn;1955.00;9.50;1601.00;0.00;13432
683;naval_base_spawn;1668.00;9.50;1608.00;0.00;13864
443;naval_base_spawn;1943.00;9.50;1607.00;0.00;13432
29;naval_base_spawn;1667.00;9.50;1617.00;0.00;12195
29;naval_base_spawn;1675.00;9.50;1624.00;0.00;12195
29;naval_base_spawn;1683.00;9.50;1625.00;0.00;12195
443;naval_base_spawn;1946.00;9.50;1628.00;0.00;13021
685;naval_base_spawn;5004.00;9.50;1350.00;0.00;15995
163;naval_base_spawn;5052.00;9.50;1398.00;0.00;14269
727;naval_base_spawn;2993.00;9.50;1177.00;0.00;16183
722;naval_base_spawn;2974.00;9.50;1174.00;0.00;13347
720;naval_base_spawn;2961.00;9.50;1181.00;0.00;13347
727;naval_base_spawn;3003.00;9.50;1179.00;0.00;16183
722;naval_base_spawn;2973.00;9.50;1182.00;0.00;13347
726;naval_base_spawn;2995.00;9.50;1197.00;0.00;16147
727;naval_base_spawn;3008.00;9.50;1191.00;0.00;16183
722;naval_base_spawn;2977.00;9.50;1196.00;0.00;16166
344;naval_base_spawn;2607.00;9.50;1405.00;0.00;14216
610;naval_base_spawn;2129.00;9.50;719.00;0.00;12437
694;naval_base_spawn;2416.00;9.50;1291.00;0.00;9632
693;naval_base_spawn;2607.00;9.50;1375.00;0.00;13854
527;naval_base_spawn;2641.00;9.50;1372.00;0.00;14976
527;naval_base_spawn;2779.00;9.50;1328.00;0.00;9417
527;naval_base_spawn;2841.00;9.50;1299.00;0.00;12884
527;naval_base_spawn;2813.00;9.50;1313.00;0.00;16030
527;naval_base_spawn;2663.00;9.50;1352.00;0.00;15986
527;naval_base_spawn;2764.00;9.50;1334.00;0.00;9417
527;naval_base_spawn;2670.00;9.50;1351.00;0.00;15986
721;naval_base_spawn;2958.00;9.50;1201.00;0.00;13347
721;naval_base_spawn;2948.00;9.50;1233.00;0.00;10728
721;naval_base_spawn;2944.00;9.50;1237.00;0.00;13158
709;naval_base_spawn;2853.00;9.50;1254.00;0.00;12602
720;naval_base_spawn;2968.00;9.50;1184.00;0.00;13347
710;naval_base_spawn;2874.00;9.50;1238.00;0.00;14293
709;naval_base_spawn;2841.00;9.50;1285.00;0.00;14727
720;naval_base_spawn;2956.00;9.50;1180.00;0.00;13347
720;naval_base_spawn;2957.00;9.50;1188.00;0.00;13347
721;naval_base_spawn;2957.00;9.50;1214.00;0.00;13347
571;naval_base_spawn;3126.00;9.50;1122.00;0.00;14687
729;naval_base_spawn;3075.00;9.50;1154.00;0.00;11054
729;naval_base_spawn;3080.00;9.50;1150.00;0.00;11054
729;naval_base_spawn;3091.00;9.50;1156.00;0.00;11106
728;naval_base_spawn;3041.00;9.50;1184.00;0.00;16189
728;naval_base_spawn;3029.00;9.50;1194.00;0.00;16164