0;0;0;0;land;false;unknown;2
1;121;236;161;land;false;forest;4
2;176;185;149;land;true;marsh;6
3;68;251;228;land;false;forest;4
4;91;236;194;land;false;plains;2
5;234;224;199;land;false;plains;7
6;243;180;161;land;true;jungle;2
7;209;143;214;land;false;desert;7
8;252;129;141;land;false;plains;7
9;199;193;245;land;false;plains;2
10;178;186;187;land;false;forest;2
11;246;77;244;land;false;hills;6
12;185;155;249;land;false;forest;4
13;248;172;215;land;false;desert;5
14;178;140;233;land;false;forest;4
15;250;62;200;land;false;forest;4
16;204;224;85;land;false;plains;2
17;153;136;239;land;false;hills;6
18;240;172;252;land;false;plains;2
19;211;185;181;land;false;plains;6
20;166;155;180;land;false;jungle;2
21;85;226;207;land;false;desert;5
22;208;239;107;land;true;desert;2
23;222;83;246;land;false;forest;1
24;223;125;220;land;false;hills;6
25;235;100;228;land;false;jungle;3
26;132;209;231;land;false;desert;5
27;246;187;204;land;false;mountain;4
28;167;132;219;land;false;jungle;3
29;85;241;204;land;false;hills;6
30;206;63;239;land;false;jungle;3
31;215;239;134;land;false;desert;5
32;194;245;210;land;true;desert;2
33;226;232;250;land;false;desert;5
34;246;90;226;land;false;forest;4
35;251;192;238;land;true;desert;6
36;231;148;159;land;false;forest;6
37;80;185;251;land;false;forest;6
38;246;184;213;land;false;hills;6
39;68;234;227;land;false;plains;3
40;234;122;218;land;false;plains;1
41;235;196;166;land;false;forest;4
42;253;159;214;land;true;plains;6
43;186;199;239;land;false;desert;5
44;100;173;248;land;false;forest;6
45;133;227;207;land;false;desert;3
46;40;230;235;land;false;plains;3
47;230;200;102;land;false;desert;5
48;223;156;200;land;false;desert;5
49;178;226;156;land;false;desert;2
50;210;235;190;land;false;forest;4
51;249;210;60;land;true;forest;4
52;222;174;109;land;false;desert;5
53;247;197;234;land;false;hills;4
54;122;228;213;land;false;forest;4
55;192;195;137;land;false;jungle;3
56;200;191;111;land;false;forest;4
57;136;205;175;land;false;forest;4
58;216;249;73;land;false;mountain;5
59;169;175;190;land;true;forest;6
60;166;155;207;land;false;forest;3
61;174;147;180;land;false;hills;6
62;196;160;215;land;false;hills;6
63;156;226;123;land;false;forest;6
64;196;213;244;land;false;hills;6
65;119;223;210;land;false;jungle;3
66;217;241;93;land;false;plains;2
67;240;42;236;land;false;plains;6
68;233;234;90;land;false;forest;6
69;197;232;147;land;false;forest;4
70;238;211;91;land;false;jungle;3
71;94;213;210;land;false;mountain;3
72;248;227;157;land;false;jungle;3
73;242;197;164;land;false;forest;2
74;122;165;234;land;false;forest;4
75;184;236;227;land;false;forest;6
76;78;246;198;land;false;jungle;3
77;210;166;183;land;true;jungle;7
78;109;220;203;land;false;hills;6
79;177;157;243;land;true;marsh;6
80;216;158;165;land;false;plains;6
81;185;144;183;land;false;plains;2
82;194;241;188;land;false;desert;3
83;81;240;250;land;false;forest;4
84;68;234;247;land;true;forest;4
85;153;173;194;land;false;forest;4
86;155;148;242;land;true;desert;2
87;250;226;123;land;true;marsh;6
88;204;232;125;land;true;hills;3
89;218;209;152;land;false;forest;4
90;151;232;186;land;false;desert;7
91;250;159;185;land;false;hills;6
92;231;120;248;land;false;plains;4
93;247;226;62;land;true;hills;6
94;174;210;171;land;false;jungle;6
95;242;233;33;land;false;desert;3
96;216;246;84;land;false;jungle;3
97;124;222;253;land;false;hills;6
98;213;234;147;land;false;plains;2
99;243;133;125;land;false;forest;6
100;243;177;128;land;false;jungle;1
101;179;188;242;land;true;desert;2
102;119;233;168;land;false;desert;5
103;251;58;249;land;false;hills;2
104;99;208;231;land;false;plains;6
105;144;221;235;land;false;desert;5
106;159;252;236;land;true;hills;3
107;247;165;187;land;false;desert;5
108;219;190;192;land;false;desert;3
109;185;232;244;land;false;forest;6
110;111;235;194;land;true;hills;7
111;120;197;227;land;false;forest;5
112;106;229;186;land;false;jungle;3
113;244;241;151;land;false;forest;2
114;237;244;47;land;false;mountain;2
115;225;61;239;land;false;forest;2
116;207;192;163;land;true;jungle;2
117;250;227;190;land;false;forest;4
118;206;240;154;land;false;hills;6
119;154;251;164;land;false;desert;4
120;121;248;249;land;false;mountain;6
121;217;232;116;land;false;hills;1
122;199;226;124;land;false;desert;6
123;172;172;189;land;true;jungle;2
124;225;110;221;land;false;hills;6
125;149;180;236;land;false;plains;6
126;244;209;156;land;false;desert;5
127;123;233;188;land;false;forest;4
128;173;114;240;land;false;jungle;3
129;176;182;191;land;false;forest;4
130;229;179;232;land;false;plains;6
131;233;175;106;land;false;desert;2
132;176;219;196;land;false;jungle;3
133;197;179;199;land;false;plains;6
134;253;247;181;land;false;forest;4
135;118;182;201;land;false;hills;6
136;223;54;246;land;true;forest;2
137;206;215;160;land;false;jungle;3
138;236;250;108;land;false;forest;6
139;226;129;222;land;false;forest;6
140;174;161;236;land;false;plains;6
141;206;185;177;land;false;desert;3
142;227;67;233;land;false;plains;2
143;248;194;190;land;false;forest;6
144;215;142;202;land;false;jungle;3
145;219;140;254;land;false;plains;4
146;240;165;109;land;false;forest;4
147;250;206;125;land;false;forest;2
148;230;250;29;land;true;plains;6
149;247;238;174;land;false;forest;4
150;201;65;252;land;false;hills;1
151;251;179;181;land;false;forest;3
152;217;185;173;land;false;desert;4
153;112;214;233;land;false;forest;4
154;98;197;241;land;false;hills;6
155;233;181;135;land;true;plains;6
156;240;72;231;land;false;forest;4
157;150;216;233;land;true;forest;2
158;199;123;224;land;false;forest;4
159;246;184;224;land;false;forest;6
160;208;129;247;land;false;forest;4
161;210;220;160;land;true;hills;2
162;163;216;197;land;false;desert;2
163;123;222;169;land;false;desert;6
164;248;135;134;land;false;plains;2
165;236;151;140;land;false;hills;6
166;247;153;121;land;false;jungle;6
167;127;235;230;land;true;desert;2
168;229;233;180;land;true;forest;6
169;155;202;182;land;false;forest;4
170;152;207;230;land;false;forest;4
171;245;34;234;land;false;forest;4
172;244;162;117;land;false;hills;7
173;184;186;213;land;false;plains;2
174;116;195;220;land;false;jungle;1
175;175;243;164;land;false;plains;2
176;210;222;153;land;false;forest;4
177;204;211;177;land;false;jungle;6
178;197;149;239;land;true;desert;2
179;249;54;234;land;false;jungle;6
180;174;151;194;land;false;mountain;1
181;222;208;137;land;false;plains;6
182;201;188;140;land;false;hills;6
183;220;245;229;land;false;jungle;2
184;199;161;147;land;false;forest;2
185;44;238;239;land;false;desert;5
186;234;199;234;land;false;desert;3
187;148;168;237;land;false;hills;6
188;103;186;213;land;false;desert;6
189;208;144;156;land;true;jungle;6
190;49;246;214;land;true;hills;2
191;136;156;224;land;false;plains;2
192;242;91;172;land;false;jungle;1
193;248;214;115;land;false;jungle;3
194;141;239;229;land;false;desert;5
195;115;225;226;land;true;plains;5
196;235;55;223;land;false;desert;5
197;221;165;174;land;false;forest;2
198;131;246;194;land;false;desert;5
199;240;191;201;land;true;jungle;6
200;250;244;245;land;false;plains;5
201;167;230;214;land;false;forest;4
202;178;229;111;land;false;forest;4
203;211;240;175;land;true;hills;6
204;237;194;97;land;false;forest;3
205;68;254;252;land;false;plains;4
206;156;232;210;land;false;forest;4
207;55;240;236;land;true;forest;6
208;174;196;219;land;false;hills;6
209;185;158;193;land;false;desert;3
210;230;95;233;land;false;desert;2
211;34;251;254;land;false;forest;4
212;253;215;246;land;false;plains;2
213;179;192;139;land;false;plains;6
214;185;236;237;land;true;plains;6
215;244;190;220;land;false;desert;5
216;159;239;118;land;true;forest;4
217;246;129;180;land;false;forest;2
218;230;116;193;land;true;jungle;6
219;177;175;185;land;true;marsh;5
220;171;203;170;land;false;hills;3
221;191;129;233;land;false;hills;6
222;240;158;212;land;false;hills;6
223;177;136;190;land;true;hills;3
224;251;236;118;land;false;desert;5
225;74;245;182;land;false;forest;4
226;246;138;190;land;false;plains;5
227;136;230;222;land;false;desert;2
228;173;191;246;land;false;forest;2
229;227;203;111;land;false;hills;6
230;205;219;160;land;false;plains;2
231;144;206;204;land;true;forest;4
232;163;247;150;land;true;plains;6
233;248;209;52;land;false;forest;2
234;183;238;190;land;true;desert;2
235;134;187;209;land;false;forest;4
236;177;184;247;land;false;forest;4
237;253;215;63;land;false;jungle;6
238;215;62;253;land;true;plains;5
239;144;169;202;land;false;hills;1
240;139;221;221;land;false;hills;6
241;168;204;202;land;false;jungle;3
242;103;252;253;land;false;hills;7
243;138;201;236;land;false;plains;6
244;128;221;224;land;false;desert;5
245;200;226;113;land;false;hills;6
246;167;178;196;land;false;forest;2
247;253;43;212;land;false;plains;4
248;136;209;251;land;false;forest;4
249;191;178;138;land;false;desert;6
250;251;221;29;land;false;forest;4
251;203;200;122;land;false;plains;2
252;173;177;253;land;false;forest;4
253;217;150;214;land;false;desert;5
254;146;214;216;land;false;forest;6
255;214;191;238;land;false;jungle;3
256;223;235;238;land;false;forest;6
257;248;230;28;land;false;forest;6
258;244;211;160;land;false;jungle;1
259;206;223;135;land;false;hills;2
260;227;160;121;land;false;plains;6
261;147;185;205;land;false;hills;6
262;219;114;242;land;true;forest;5
263;252;170;89;land;false;plains;2
264;84;240;240;land;false;hills;6
265;157;221;127;land;true;forest;1
266;232;161;244;land;false;jungle;3
267;145;229;231;land;false;forest;4
268;177;161;206;land;false;forest;6
269;232;154;246;land;false;hills;6
270;108;210;224;land;false;plains;7
271;248;147;200;land;false;jungle;3
272;141;249;164;land;false;hills;6
273;139;191;214;land;false;desert;5
274;196;247;173;land;false;mountain;4
275;70;218;225;land;true;jungle;6
276;214;199;103;land;false;forest;6
277;243;185;111;land;true;plains;4
278;130;253;131;land;true;jungle;6
279;233;129;153;land;false;desert;6
280;111;252;234;land;false;forest;2
281;114;243;248;land;false;hills;6
282;254;210;149;land;false;plains;6
283;135;236;254;land;false;plains;2
284;156;150;244;land;false;hills;6
285;246;228;220;land;false;plains;5
286;166;196;233;land;false;forest;4
287;235;119;147;land;false;desert;3
288;253;222;115;land;false;forest;4
289;236;236;150;land;true;marsh;6
290;211;210;133;land;false;jungle;5
291;188;167;148;land;false;plains;5
292;244;22;248;land;false;forest;4
293;139;198;183;land;true;jungle;6
294;226;62;242;land;false;forest;2
295;251;201;175;land;false;plains;6
296;107;245;149;land;false;forest;4
297;158;207;227;land;true;jungle;6
298;253;123;207;land;false;plains;6
299;151;164;227;land;false;hills;6
300;203;254;46;land;true;plains;4
301;171;247;180;land;false;jungle;6
302;237;181;129;land;false;forest;4
303;228;186;96;land;false;jungle;2
304;152;249;102;land;true;forest;2
305;224;231;122;land;false;plains;2
306;241;240;95;land;false;mountain;4
307;176;207;210;land;false;plains;5
308;248;226;186;land;false;forest;4
309;223;97;236;land;false;forest;4
310;64;235;232;land;false;hills;6
311;183;96;226;land;false;desert;6
312;191;193;221;land;false;plains;3
313;243;176;151;land;true;plains;5
314;253;46;210;land;false;plains;2
315;99;227;248;land;false;plains;6
316;167;243;149;land;false;forest;4
317;202;170;253;land;false;jungle;2
318;112;147;243;land;false;plains;6
319;174;251;96;land;true;jungle;6
320;220;99;230;land;false;hills;6
321;110;233;194;land;false;mountain;5
322;161;218;243;land;false;forest;6
323;243;212;200;land;false;hills;6
324;211;109;192;land;false;desert;6
325;235;172;123;land;false;forest;4
326;244;252;166;land;false;desert;2
327;187;157;216;land;true;jungle;2
328;233;151;211;land;false;marsh;5
329;234;134;187;land;false;desert;3
330;159;178;224;land;false;forest;4
331;192;217;189;land;false;hills;6
332;198;173;164;land;false;forest;4
333;227;72;205;land;false;hills;7
334;234;175;147;land;false;forest;2
335;218;114;240;land;false;hills;7
336;179;167;250;land;false;desert;5
337;208;227;210;land;false;forest;4
338;153;174;215;land;false;forest;4
339;225;98;198;land;false;desert;5
340;202;97;210;land;false;jungle;3
341;239;125;233;land;true;plains;4
342;140;176;227;land;true;jungle;2
343;242;215;241;land;true;plains;1
344;187;182;227;land;false;plains;2
345;222;219;186;land;false;desert;3
346;168;247;221;land;false;forest;5
347;178;171;222;land;false;forest;6
348;207;171;175;land;false;forest;6
349;243;193;136;land;false;plains;2
350;133;211;181;land;false;forest;1
351;125;205;252;land;false;desert;4
352;249;150;120;land;false;mountain;3
353;190;248;202;land;false;forest;4
354;200;188;199;land;false;plains;6
355;254;248;223;land;false;desert;6
356;165;250;237;land;false;plains;3
357;174;243;240;land;false;plains;4
358;176;225;144;land;false;plains;2
359;212;242;150;land;false;plains;6
360;215;235;133;land;false;plains;6
361;234;209;75;land;false;plains;6
362;131;225;223;land;false;hills;6
363;221;235;140;land;false;forest;4
364;233;164;202;land;false;forest;4
365;55;209;253;land;false;desert;3
366;247;195;237;land;false;forest;3
367;133;178;196;land;false;desert;3
368;224;214;75;land;false;forest;6
369;108;218;179;land;false;forest;5
370;198;143;240;land;true;marsh;4
371;237;187;152;land;false;hills;5
372;149;229;172;land;false;desert;5
373;227;116;233;land;false;forest;4
374;191;253;141;land;false;jungle;3
375;35;229;250;land;false;hills;6
376;195;130;205;land;false;hills;6
377;162;195;204;land;false;forest;4
378;70;249;208;land;false;forest;4
379;209;72;232;land;false;jungle;3
380;191;201;251;land;false;hills;5
381;251;173;186;land;false;forest;4
382;126;137;252;land;false;forest;4
383;193;208;181;land;false;hills;6
384;216;237;54;land;false;hills;6
385;185;159;237;land;false;forest;4
386;252;194;65;land;true;forest;7
387;211;78;246;land;false;forest;4
388;204;158;169;land;false;forest;4
389;186;247;235;land;false;mountain;4
390;248;61;212;land;false;forest;4
391;114;189;252;land;false;desert;4
392;214;169;252;land;false;desert;2
393;165;215;238;land;false;forest;6
394;184;204;175;land;false;jungle;3
395;159;239;190;land;false;jungle;3
396;171;145;220;land;false;hills;6
397;241;102;203;land;false;forest;4
398;223;84;222;land;false;plains;5
399;135;201;184;land;false;plains;2
400;210;218;209;land;false;plains;6
401;226;153;180;land;false;desert;5
402;75;215;231;land;false;forest;2
403;84;217;243;land;false;forest;5
404;237;208;150;land;false;desert;5
405;181;104;253;land;false;forest;6
406;229;208;156;land;true;forest;6
407;207;175;247;land;false;plains;2
408;226;111;167;land;false;hills;2
409;245;106;212;land;false;plains;1
410;93;246;198;land;false;desert;3
411;210;229;229;land;false;forest;6
412;198;246;240;land;false;plains;3
413;239;224;103;land;false;forest;4
414;233;250;84;land;false;jungle;6
415;156;254;162;land;false;forest;5
416;213;253;124;land;false;hills;6
417;249;226;235;land;false;hills;6
418;208;241;118;land;false;forest;4
419;189;159;165;land;false;desert;5
420;154;154;193;land;true;forest;4
421;15;249;246;land;false;forest;2
422;251;151;226;land;false;forest;4
423;95;227;240;land;true;hills;3
424;139;254;244;land;false;desert;4
425;172;215;150;land;false;desert;7
426;214;117;186;land;false;desert;4
427;225;242;101;land;true;forest;1
428;143;240;223;land;false;hills;6
429;225;167;124;land;false;desert;3
430;233;128;177;land;false;hills;6
431;127;247;173;land;false;jungle;3
432;154;166;201;land;false;desert;5
433;247;239;233;land;false;desert;5
434;84;196;238;land;false;forest;4
435;123;238;195;land;true;plains;6
436;164;173;226;land;false;forest;4
437;225;225;96;land;false;desert;5
438;244;252;21;land;false;desert;5
439;238;120;206;land;false;jungle;3
440;241;199;126;land;false;forest;4
441;254;241;28;land;false;desert;3
442;108;197;247;land;false;forest;4
443;222;186;210;land;false;plains;2
444;169;246;191;land;false;jungle;3
445;240;253;171;land;true;plains;6
446;87;214;200;land;false;desert;5
447;196;151;171;land;false;forest;5
448;242;158;202;land;false;hills;7
449;202;230;194;land;false;forest;4
450;113;241;156;land;false;forest;2
451;179;85;240;land;false;desert;5
452;128;153;237;land;false;mountain;4
453;232;110;238;land;true;hills;2
454;201;226;103;land;false;desert;4
455;183;177;241;land;false;desert;5
456;219;225;210;land;false;forest;6
457;234;180;100;land;false;plains;5
458;161;174;248;land;false;forest;5
459;211;177;115;land;false;desert;3
460;207;193;115;land;false;forest;4
461;252;162;110;land;false;forest;4
462;234;130;232;land;false;plains;6
463;234;113;166;land;false;mountain;6
464;129;222;180;land;false;desert;6
465;189;206;165;land;false;plains;7
466;128;245;191;land;false;jungle;3
467;216;162;177;land;false;forest;4
468;220;167;186;land;false;plains;3
469;136;155;218;land;false;forest;4
470;199;158;158;land;false;mountain;2
471;156;196;168;land;false;hills;6
472;124;244;193;land;false;forest;4
473;222;174;192;land;false;plains;5
474;204;133;176;land;false;plains;4
475;227;111;198;land;false;forest;4
476;206;146;159;land;false;plains;6
477;155;249;109;land;false;hills;6
478;215;228;82;land;false;forest;6
479;168;172;181;land;false;desert;5
480;247;172;238;land;false;desert;7
481;233;249;84;land;false;jungle;3
482;149;244;168;land;false;hills;1
483;251;209;58;land;false;hills;6
484;245;100;242;land;false;forest;6
485;201;208;168;land;true;jungle;6
486;142;146;233;land;false;forest;4
487;252;141;145;land;false;jungle;3
488;237;155;160;land;false;desert;6
489;175;233;176;land;false;plains;6
490;213;238;67;land;false;forest;4
491;66;219;216;land;false;plains;4
492;148;125;228;land;false;desert;3
493;73;224;227;land;false;plains;4
494;96;246;236;land;false;plains;6
495;239;251;155;land;false;plains;6
496;194;242;104;land;false;forest;2
497;193;240;188;land;false;mountain;3
498;141;194;233;land;false;forest;4
499;199;92;228;land;false;forest;4
500;202;81;223;land;false;hills;6
501;175;191;166;land;true;hills;2
502;232;137;145;land;false;forest;6
503;108;252;173;land;false;forest;6
504;226;170;178;land;false;forest;4
505;158;189;163;land;false;desert;2
506;89;234;245;land;false;jungle;3
507;65;195;242;land;false;hills;1
508;222;202;121;land;true;plains;1
509;161;224;137;land;false;desert;4
510;248;227;155;land;false;plains;4
511;141;182;187;land;false;hills;6
512;148;201;254;land;false;mountain;3
513;178;236;208;land;false;desert;2
514;244;187;169;land;false;hills;7
515;183;234;169;land;false;plains;2
516;224;155;231;land;false;desert;2
517;252;233;247;land;false;forest;4
518;247;199;237;land;false;jungle;3
519;253;144;193;land;false;plains;4
520;227;106;236;land;false;forest;6
521;246;212;51;land;false;hills;6
522;210;130;209;land;false;forest;4
523;67;244;215;land;false;plains;6
524;176;178;217;land;false;desert;5
525;218;217;160;land;false;hills;5
526;136;235;183;land;false;desert;5
527;229;195;199;land;false;desert;2
528;168;104;231;land;true;plains;3
529;174;127;226;land;false;plains;5
530;215;205;254;land;true;jungle;6
531;156;167;237;land;false;plains;2
532;181;219;175;land;false;forest;2
533;246;90;245;land;false;jungle;3
534;172;237;223;land;false;jungle;3
535;197;208;117;land;false;plains;2
536;179;237;96;land;false;desert;3
537;189;254;77;land;false;desert;5
538;249;124;195;land;true;jungle;2
539;241;194;215;land;false;plains;6
540;233;165;240;land;true;jungle;2
541;205;205;200;land;false;plains;5
542;146;193;227;land;false;plains;6
543;195;190;177;land;false;desert;7
544;197;235;125;land;false;desert;6
545;101;198;202;land;false;mountain;2
546;221;234;109;land;false;plains;4
547;165;169;244;land;false;forest;4
548;240;254;240;land;true;jungle;6
549;133;247;252;land;false;forest;4
550;253;247;102;land;false;forest;3
551;202;244;82;land;false;desert;5
552;222;175;138;land;false;hills;6
553;176;223;200;land;false;jungle;6
554;231;118;227;land;false;mountain;4
555;239;59;251;land;false;hills;2
556;132;194;209;land;false;forest;4
557;214;158;173;land;false;desert;5
558;241;175;174;land;true;hills;6
559;159;240;245;land;false;forest;4
560;142;132;251;land;false;plains;2
561;114;236;217;land;false;plains;4
562;234;224;212;land;false;plains;6
563;253;42;228;land;false;forest;4
564;173;186;222;land;true;desert;3
565;97;250;180;land;false;desert;5
566;171;223;128;land;true;plains;2
567;188;114;242;land;true;hills;6
568;138;226;213;land;false;desert;5
569;230;216;65;land;false;plains;4
570;175;124;209;land;false;desert;5
571;232;253;248;land;false;plains;6
572;223;141;208;land;true;jungle;6
573;87;219;200;land;false;plains;2
574;251;27;244;land;false;desert;6
575;130;233;193;land;false;jungle;6
576;232;138;154;land;false;forest;2
577;205;224;116;land;false;forest;6
578;226;133;228;land;true;forest;5
579;105;243;244;land;false;forest;4
580;34;222;254;land;false;forest;4
581;193;243;143;land;false;forest;6
582;136;243;251;land;false;forest;6
583;118;164;228;land;false;desert;5
584;200;215;248;land;false;forest;4
585;194;179;222;land;false;forest;4
586;238;145;224;land;false;desert;2
587;165;245;231;land;false;plains;4
588;183;115;223;land;false;plains;4
589;203;215;111;land;false;mountain;3
590;122;238;197;land;true;jungle;6
591;243;156;134;land;true;forest;5
592;156;139;227;land;false;forest;2
593;223;152;170;land;false;forest;6
594;223;128;206;land;false;marsh;3
595;203;195;218;land;false;jungle;1
596;104;193;250;land;false;jungle;2
597;130;226;153;land;false;desert;3
598;233;104;208;land;false;plains;4
599;205;169;141;land;false;hills;6
600;243;195;242;land;true;forest;2
601;248;213;120;land;false;plains;5
602;167;222;243;land;false;forest;4
603;178;241;146;land;false;hills;6
604;248;125;173;land;false;plains;2
605;143;196;167;land;true;forest;4
606;244;129;189;land;false;hills;1
607;208;143;210;land;false;forest;4
608;240;51;232;land;false;desert;3
609;97;219;221;land;false;forest;6
610;232;249;38;land;false;forest;4
611;195;192;143;land;false;forest;5
612;177;146;188;land;true;plains;2
613;243;229;46;land;false;plains;1
614;214;159;183;land;false;jungle;3
615;233;205;70;land;false;desert;2
616;131;207;194;land;false;forest;3
617;69;246;193;land;false;jungle;6
618;224;225;149;land;false;jungle;3
619;99;198;249;land;false;jungle;1
620;226;234;61;land;false;plains;6
621;240;43;237;land;false;marsh;5
622;189;210;227;land;false;forest;5
623;236;124;164;land;false;jungle;3
624;231;183;154;land;false;desert;2
625;137;195;225;land;false;desert;2
626;250;204;106;land;false;hills;6
627;230;224;127;land;false;desert;2
628;242;236;129;land;true;desert;6
629;179;209;251;land;false;forest;4
630;242;240;199;land;true;hills;6
631;223;123;235;land;false;forest;2
632;242;207;120;land;false;plains;7
633;222;254;26;land;false;plains;4
634;82;195;234;land;true;jungle;6
635;227;150;196;land;false;plains;4
636;183;208;201;land;false;hills;6
637;202;160;185;land;false;desert;5
638;200;178;172;land;false;forest;2
639;195;117;244;land;false;jungle;2
640;108;253;179;land;false;mountain;4
641;210;254;126;land;false;desert;5
642;32;233;242;land;false;plains;6
643;59;227;235;land;false;forest;4
644;225;230;113;land;false;forest;2
645;170;247;192;land;false;forest;4
646;231;176;246;land;false;forest;4
647;212;139;216;land;false;forest;4
648;185;250;138;land;false;desert;4
649;206;254;96;land;false;hills;1
650;232;225;157;land;false;desert;5
651;216;234;181;land;false;jungle;3
652;227;230;90;land;false;forest;4
653;233;142;163;land;false;forest;4
654;231;209;90;land;false;hills;2
655;144;218;178;land;true;hills;1
656;155;165;217;land;false;jungle;6
657;176;238;226;land;false;plains;2
658;46;243;243;land;false;hills;6
659;219;216;155;land;false;plains;2
660;234;68;242;land;false;plains;5
661;234;174;199;land;false;desert;5
662;195;190;209;land;false;forest;6
663;103;235;192;land;false;forest;4
664;219;251;200;land;true;plains;2
665;234;247;47;land;true;hills;6
666;186;238;123;land;false;marsh;3
667;186;213;116;land;true;forest;5
668;244;144;197;land;false;desert;2
669;117;254;131;land;false;forest;4
670;146;181;237;land;false;desert;3
671;74;232;209;land;false;forest;4
672;249;205;89;land;true;marsh;6
673;220;141;211;land;false;hills;6
674;137;196;228;land;false;forest;4
675;204;126;179;land;false;jungle;6
676;171;254;137;land;true;hills;7
677;241;97;251;land;false;jungle;3
678;229;186;243;land;false;desert;5
679;206;227;240;land;true;desert;2
680;132;251;141;land;false;forest;5
681;167;128;226;land;false;forest;5
682;167;230;220;land;false;desert;5
683;145;176;210;land;false;hills;7
684;251;126;236;land;false;plains;4
685;238;150;192;land;false;hills;6
686;200;134;241;land;false;jungle;2
687;79;252;226;land;false;forest;6
688;240;205;141;land;true;forest;2
689;145;249;145;land;false;plains;6
690;207;198;185;land;false;hills;6
691;139;230;235;land;true;jungle;2
692;190;177;237;land;false;plains;7
693;229;181;204;land;false;forest;4
694;172;144;243;land;true;hills;1
695;190;204;111;land;false;jungle;2
696;181;157;186;land;false;mountain;4
697;244;132;190;land;false;forest;4
698;154;216;162;land;false;hills;6
699;244;186;184;land;true;plains;6
700;209;121;208;land;true;plains;6
701;147;137;251;land;false;hills;6
702;159;174;240;land;false;plains;7
703;217;156;179;land;false;jungle;3
704;225;166;228;land;true;jungle;3
705;204;177;238;land;true;jungle;6
706;250;88;241;land;false;forest;4
707;241;130;137;land;true;forest;2
708;247;89;186;land;true;jungle;3
709;189;124;194;land;false;forest;4
710;154;210;163;land;false;desert;6
711;192;150;220;land;true;plains;6
712;189;239;124;land;false;jungle;3
713;190;153;219;land;false;hills;2
714;47;253;205;land;false;forest;4
715;226;191;167;land;false;forest;5
716;67;232;246;land;false;mountain;3
717;241;240;68;land;true;desert;5
718;193;196;117;land;false;desert;6
719;146;238;170;land;true;forest;4
720;237;253;138;land;false;jungle;3
721;196;171;251;land;false;mountain;2
722;225;240;200;land;true;jungle;6
723;241;207;208;land;false;hills;2
724;248;213;207;land;false;plains;1
725;250;110;162;land;false;desert;3
726;215;241;48;land;false;hills;6
727;163;222;168;land;false;desert;2
728;191;104;208;land;false;plains;6
729;203;209;193;land;false;desert;4
730;160;221;254;land;false;desert;2
731;147;223;249;land;false;marsh;6
732;166;240;242;land;false;forest;4
733;160;155;206;land;false;plains;6
734;208;220;86;land;false;hills;6
735;236;243;240;land;false;mountain;4
736;190;194;162;land;false;jungle;3
737;205;245;146;land;false;jungle;2
738;217;142;231;land;true;forest;2
739;230;159;178;land;false;jungle;3
740;130;242;166;land;false;jungle;3
741;215;93;231;land;false;hills;6
742;96;233;251;land;true;plains;2
743;192;184;182;land;false;desert;3
744;211;250;122;land;true;jungle;6
745;218;170;217;land;false;desert;4
746;163;183;158;land;true;jungle;3
747;215;181;179;land;false;forest;4
748;241;234;126;land;true;plains;4
749;254;184;124;land;false;desert;3
750;234;244;244;land;true;jungle;3
751;88;252;196;land;true;jungle;6
752;204;147;230;land;false;desert;3
753;155;254;109;land;false;forest;6
754;218;194;217;land;true;plains;6
755;114;195;243;land;false;hills;2
756;86;249;178;land;true;plains;5
757;185;191;188;land;false;plains;5
758;72;211;218;land;true;hills;6
759;233;186;175;land;false;jungle;3
760;251;209;181;land;true;desert;3
761;141;207;215;land;true;hills;1
762;49;227;232;land;false;plains;5
763;221;146;134;land;false;plains;6
764;139;240;183;land;false;forest;6
765;198;193;125;land;false;desert;5
766;230;221;133;land;false;jungle;3
767;110;167;241;land;false;hills;3
768;189;172;230;land;false;forest;2
769;212;235;208;land;false;forest;4
770;222;99;185;land;true;desert;6
771;114;248;227;land;false;forest;6
772;250;199;193;land;false;plains;7
773;175;215;209;land;false;jungle;2
774;236;141;174;land;false;desert;5
775;156;228;224;land;false;plains;5
776;253;221;193;land;false;forest;4
777;158;219;148;land;false;desert;6
778;247;207;225;land;false;desert;6
779;212;214;133;land;false;hills;6
780;174;161;228;land;false;hills;6
781;175;97;234;land;false;desert;6
782;133;163;237;land;false;jungle;3
783;225;102;190;land;false;desert;5
784;231;142;129;land;false;plains;5
785;99;210;240;land;false;forest;6
786;208;86;239;land;false;jungle;3
787;192;202;231;land;false;forest;2
788;202;190;142;land;false;forest;6
789;167;251;142;land;false;plains;2
790;194;243;153;land;false;forest;4
791;115;229;230;land;false;mountain;2
792;171;185;216;land;false;forest;6
793;236;217;194;land;true;marsh;6
794;243;137;222;land;false;forest;4
795;237;248;174;land;true;jungle;6
796;129;189;214;land;false;desert;6
797;191;237;152;land;false;forest;5
798;172;254;149;land;false;plains;2
799;216;139;225;land;false;desert;5
800;234;151;187;land;false;desert;5
801;205;254;100;land;false;forest;4
802;70;251;212;land;false;jungle;1
803;168;193;152;land;true;forest;6
804;235;138;176;land;false;plains;2
805;251;131;159;land;true;mountain;7
806;229;145;132;land;false;forest;4
807;208;169;209;land;false;mountain;7
808;150;227;164;land;false;forest;5
809;123;212;193;land;false;forest;6
810;252;214;72;land;false;hills;6
811;228;169;166;land;true;jungle;6
812;134;192;191;land;false;mountain;2
813;156;217;131;land;true;hills;6
814;79;247;222;land;false;forest;6
815;73;231;218;land;false;forest;1
816;99;184;220;land;false;forest;4
817;246;92;163;land;false;forest;4
818;139;151;214;land;false;plains;2
819;244;224;59;land;false;jungle;3
820;246;229;241;land;false;forest;5
821;198;240;108;land;false;desert;5
822;207;122;194;land;false;plains;2
823;179;165;206;land;false;plains;2
824;221;205;140;land;true;forest;4
825;184;253;123;land;false;forest;2
826;115;221;168;land;true;plains;2
827;108;181;242;land;false;forest;5
828;163;158;231;land;false;forest;4
829;201;159;166;land;false;forest;4
830;60;205;244;land;false;forest;6
831;185;227;175;land;true;plains;1
832;244;130;235;land;false;jungle;3
833;197;188;195;land;false;forest;4
834;232;132;240;land;false;jungle;3
835;238;201;132;land;false;desert;2
836;119;242;221;land;false;hills;6
837;128;167;213;land;false;plains;2
838;203;240;87;land;false;forest;3
839;161;157;227;land;false;forest;5
840;160;199;182;land;false;forest;5
841;178;199;238;land;false;hills;7
842;145;236;151;land;true;jungle;3
843;93;203;226;land;false;forest;4
844;219;166;135;land;false;jungle;3
845;205;234;103;land;false;desert;7
846;206;214;98;land;false;forest;4
847;219;231;186;land;true;jungle;2
848;127;215;216;land;false;forest;3
849;184;185;207;land;false;desert;2
850;181;187;221;land;false;plains;4
851;215;251;149;land;false;jungle;6
852;189;140;178;land;false;plains;4
853;107;206;253;land;true;jungle;5
854;236;105;245;land;false;desert;4
855;189;139;181;land;false;hills;6
856;219;222;240;land;true;forest;6
857;110;191;211;land;false;plains;5
858;203;179;127;land;false;desert;5
859;175;203;208;land;false;jungle;6
860;112;200;228;land;true;hills;2
861;137;192;227;land;false;forest;4
862;208;249;119;land;false;jungle;3
863;107;232;206;land;true;hills;7
864;35;252;244;land;false;plains;3
865;223;88;244;land;true;jungle;3
866;160;250;247;land;true;desert;2
867;219;213;137;land;false;hills;5
868;234;224;179;land;false;hills;3
869;242;58;211;land;true;hills;2
870;150;176;196;land;false;desert;5
871;205;227;146;land;true;urban;5
872;216;175;110;land;false;forest;6
873;245;234;73;land;true;plains;5
874;236;195;214;land;false;forest;6
875;188;226;246;land;false;hills;6
876;165;248;118;land;false;forest;4
877;236;116;188;land;false;desert;6
878;222;235;60;land;true;forest;5
879;226;184;137;land;false;forest;6
880;239;107;159;land;true;forest;6
881;223;217;240;land;true;desert;2
882;124;184;195;land;false;forest;5
883;186;227;131;land;false;mountain;5
884;148;224;232;land;false;forest;4
885;215;208;247;land;true;forest;2
886;170;254;241;land;false;hills;6
887;107;235;242;land;false;desert;6
888;167;131;217;land;false;mountain;4
889;246;254;72;land;false;forest;4
890;224;90;234;land;false;forest;5
891;151;229;218;land;true;jungle;2
892;200;158;158;land;false;hills;7
893;246;162;222;land;true;plains;6
894;223;188;91;land;true;mountain;3
895;135;168;238;land;true;forest;2
896;150;219;251;land;false;plains;1
897;218;169;215;land;false;hills;7
898;147;176;246;land;true;desert;5
899;251;246;200;land;false;desert;6
900;237;226;113;land;false;forest;4
901;164;220;193;land;false;plains;2
902;225;235;228;land;false;hills;6
903;225;249;208;land;false;jungle;6
904;185;87;230;land;false;hills;7
905;151;228;138;land;false;hills;6
906;244;90;235;land;false;mountain;4
907;195;189;188;land;false;plains;5
908;97;210;231;land;false;plains;4
909;223;217;252;land;false;forest;2
910;236;233;187;land;false;marsh;6
911;163;193;207;land;false;forest;4
912;248;124;252;land;false;forest;4
913;138;216;175;land;true;plains;2
914;199;138;177;land;true;jungle;6
915;201;200;108;land;false;desert;2
916;130;199;203;land;false;forest;7
917;162;137;204;land;false;plains;4
918;166;233;160;land;false;hills;6
919;218;219;79;land;false;forest;4
920;221;149;140;land;true;hills;1
921;115;229;217;land;false;forest;6
922;245;243;148;land;false;hills;3
923;195;166;197;land;false;desert;6
924;97;195;239;land;false;jungle;6
925;128;254;168;land;false;desert;5
926;247;140;208;land;false;forest;1
927;197;251;87;land;false;forest;4
928;151;152;253;land;false;forest;4
929;227;134;151;land;false;mountain;4
930;170;162;213;land;false;plains;3
931;130;239;241;land;false;jungle;2
932;177;124;252;land;false;plains;2
933;249;156;124;land;true;hills;1
934;232;213;197;land;false;forest;4
935;138;196;169;land;false;hills;6
936;178;112;250;land;false;forest;2
937;242;201;162;land;true;forest;6
938;204;218;110;land;false;forest;4
939;204;230;199;land;false;desert;5
940;209;232;121;land;false;plains;3
941;167;247;151;land;false;forest;6
942;235;216;200;land;false;desert;5
943;197;235;93;land;true;desert;2
944;196;239;182;land;false;jungle;6
945;158;182;233;land;false;jungle;1
946;233;155;221;land;false;jungle;3
947;242;129;193;land;false;desert;5
948;209;196;224;land;false;plains;2
949;143;215;235;land;false;forest;4
950;229;230;205;land;true;forest;4
951;198;228;197;land;true;desert;3
952;220;235;47;land;true;forest;7
953;180;168;254;land;false;mountain;4
954;155;177;194;land;false;hills;6
955;132;237;205;land;false;mountain;4
956;106;253;229;land;false;plains;1
957;149;166;218;land;false;hills;6
958;109;191;215;land;true;forest;4
959;136;119;248;land;false;hills;6
960;203;215;167;land;false;forest;4
961;102;218;241;land;false;plains;4
962;209;66;238;land;false;hills;6
963;154;218;253;land;false;forest;4
964;180;126;205;land;true;hills;4
965;232;140;142;land;false;hills;6
966;246;237;42;land;false;jungle;1
967;234;164;146;land;false;mountain;6
968;237;211;189;land;false;forest;6
969;218;101;193;land;false;forest;4
970;190;153;162;land;false;forest;4
971;146;194;188;land;false;hills;2
972;215;201;224;land;true;desert;2
973;202;219;140;land;true;forest;4
974;207;159;200;land;false;forest;4
975;177;160;196;land;false;forest;5
976;141;250;243;land;false;forest;4
977;172;134;208;land;true;forest;4
978;44;219;241;land;false;mountain;3
979;233;86;191;land;false;forest;5
980;224;225;226;land;false;hills;6
981;239;241;103;land;true;jungle;3
982;166;239;242;land;false;forest;2
983;106;238;227;land;false;plains;2
984;252;8;247;land;false;jungle;3
985;162;224;158;land;false;forest;1
986;210;105;207;land;false;plains;6
987;197;244;157;land;false;mountain;3
988;240;62;254;land;true;hills;7
989;106;175;223;land;false;forest;5
990;235;158;214;land;true;plains;7
991;174;130;241;land;false;forest;2
992;253;58;251;land;false;plains;6
993;117;204;189;land;false;plains;1
994;253;145;132;land;true;hills;3
995;238;213;159;land;false;desert;5
996;127;237;199;land;false;forest;4
997;207;117;222;land;false;plains;5
998;225;184;225;land;false;forest;6
999;253;238;34;land;false;plains;6
1000;192;108;206;land;false;hills;6
1001;229;208;105;land;false;hills;6
1002;243;75;227;land;false;desert;2
1003;247;212;189;land;false;jungle;1
1004;225;165;142;land;false;plains;2
1005;195;219;209;land;false;plains;5
1006;245;219;218;land;true;mountain;2
1007;176;173;175;land;false;mountain;2
1008;219;73;216;land;false;hills;6
1009;177;240;132;land;true;hills;6
1010;141;227;169;land;false;jungle;6
1011;248;233;237;land;true;plains;4
1012;215;194;107;land;false;jungle;6
1013;178;217;120;land;false;forest;4
1014;159;154;242;land;true;hills;2
1015;212;172;238;land;false;plains;6
1016;206;184;229;land;false;jungle;3
1017;165;141;214;land;false;hills;7
1018;142;161;249;land;false;forest;4
1019;246;238;117;land;false;hills;7
1020;183;188;174;land;false;desert;3
1021;228;235;138;land;false;desert;6
1022;242;194;78;land;false;mountain;6
1023;227;241;200;land;false;hills;6
1024;215;231;158;land;false;plains;1
1025;246;173;148;land;false;forest;4
1026;250;208;114;land;false;plains;2
1027;246;180;158;land;false;forest;5
1028;171;193;218;land;true;marsh;6
1029;175;226;236;land;false;plains;2
1030;249;141;199;land;false;jungle;4
1031;157;218;250;land;false;hills;3
1032;181;222;172;land;false;desert;5
1033;103;246;171;land;false;desert;4
1034;230;196;94;land;false;jungle;3
1035;127;188;235;land;false;jungle;6
1036;48;243;245;land;true;plains;6
1037;227;250;117;land;true;desert;2
1038;246;208;73;land;false;jungle;3
1039;219;129;239;land;false;desert;2
1040;122;254;161;land;true;plains;4
1041;129;156;248;land;false;forest;4
1042;115;200;221;land;false;plains;6
1043;157;230;132;land;false;desert;2
1044;200;175;197;land;false;desert;6
1045;201;247;252;land;false;forest;6
1046;79;233;193;land;false;forest;4
1047;206;61;244;land;false;hills;6
1048;247;93;226;land;false;forest;3
1049;182;228;115;land;false;jungle;3
1050;132;144;236;land;false;hills;6
1051;234;89;246;land;false;jungle;6
1052;226;159;131;land;false;mountain;3
1053;178;193;236;land;false;hills;2
1054;89;249;213;land;false;forest;4
1055;171;139;209;land;false;desert;6
1056;170;243;138;land;false;hills;6
1057;53;235;249;land;false;hills;6
1058;136;219;154;land;false;forest;3
1059;219;183;134;land;false;hills;6
1060;250;210;225;land;true;jungle;3
1061;128;173;222;land;true;plains;2
1062;169;177;185;land;false;marsh;6
1063;226;170;230;land;false;hills;6
1064;123;229;175;land;false;hills;6
1065;101;233;182;land;false;plains;2
1066;191;185;147;land;false;hills;3
1067;132;240;142;land;false;hills;4
1068;168;184;204;land;true;forest;6
1069;122;251;227;land;false;forest;4
1070;114;244;170;land;false;desert;5
1071;239;225;144;land;false;plains;4
1072;63;230;232;land;false;plains;3
1073;92;254;245;land;false;plains;6
1074;248;183;227;land;true;hills;7
1075;245;96;197;land;true;jungle;1
1076;224;230;52;land;true;marsh;4
1077;245;238;113;land;false;plains;6
1078;120;221;225;land;false;hills;4
1079;153;225;136;land;false;mountain;4
1080;91;236;198;land;true;jungle;2
1081;173;252;218;land;true;plains;6
1082;179;134;215;land;false;desert;3
1083;253;160;182;land;false;plains;2
1084;133;246;211;land;false;jungle;3
1085;122;215;170;land;false;forest;1
1086;104;153;247;land;false;plains;2
1087;219;181;114;land;true;hills;7
1088;209;143;236;land;true;forest;4
1089;198;252;170;land;true;forest;4
1090;232;100;189;land;false;forest;4
1091;155;196;198;land;false;desert;5
1092;224;252;67;land;false;forest;4
1093;182;180;232;land;false;hills;6
1094;206;145;252;land;true;forest;4
1095;146;197;160;land;false;forest;4
1096;162;226;165;land;true;forest;4
1097;232;38;246;land;false;plains;1
1098;230;124;221;land;false;hills;6
1099;213;249;244;land;true;forest;2
1100;166;219;247;land;false;hills;6
1101;214;252;226;land;false;desert;3
1102;253;213;114;land;true;jungle;2
1103;215;140;168;land;false;forest;4
1104;147;244;129;land;false;hills;6
1105;104;170;254;land;true;jungle;1
1106;130;235;196;land;true;plains;7
1107;175;108;219;land;false;mountain;3
1108;165;162;254;land;false;hills;7
1109;164;189;239;land;false;hills;6
1110;249;185;193;land;false;hills;3
1111;90;198;218;land;false;forest;4
1112;236;203;113;land;false;forest;4
1113;159;242;160;land;false;desert;6
1114;224;156;234;land;false;forest;4
1115;238;186;170;land;false;forest;6
1116;219;246;116;land;true;hills;2
1117;246;105;162;land;true;plains;6
1118;240;172;231;land;false;hills;6
1119;201;176;141;land;false;desert;6
1120;199;179;154;land;false;forest;6
1121;215;240;67;land;false;forest;4
1122;99;239;235;land;false;forest;4
1123;196;199;165;land;true;forest;5
1124;150;174;178;land;false;desert;4
1125;25;246;240;land;false;plains;2
1126;217;254;203;land;false;plains;4
1127;237;41;249;land;false;mountain;3
1128;186;223;248;land;false;desert;3
1129;160;197;158;land;false;desert;6
1130;224;234;237;land;false;hills;1
1131;244;112;231;land;false;forest;4
1132;217;110;174;land;false;jungle;3
1133;123;227;240;land;true;jungle;2
1134;177;152;217;land;true;desert;6
1135;209;217;155;land;false;forest;1
1136;126;200;189;land;false;desert;6
1137;238;57;213;land;true;marsh;6
1138;253;180;219;land;false;hills;6
1139;155;138;208;land;false;forest;6
1140;247;62;215;land;true;forest;2
1141;156;201;161;land;true;plains;3
1142;154;149;227;land;false;forest;4
1143;126;239;164;land;false;desert;2
1144;146;244;244;land;false;hills;7
1145;64;251;216;land;false;forest;4
1146;214;244;177;land;false;forest;5
1147;167;226;158;land;false;forest;6
1148;229;177;175;land;false;hills;3
1149;226;197;102;land;true;forest;6
1150;250;69;243;land;false;hills;6
1151;252;211;225;land;false;forest;4
1152;214;238;177;land;false;forest;4
1153;163;228;253;land;false;plains;3
1154;223;111;195;land;true;forest;4
1155;229;191;115;land;false;hills;6
1156;152;249;111;land;false;plains;1
1157;232;225;128;land;false;forest;4
1158;253;129;166;land;false;hills;6
1159;248;237;146;land;false;desert;5
1160;213;212;163;land;false;forest;3
1161;204;245;81;land;false;hills;6
1162;248;173;129;land;true;forest;2
1163;225;217;239;land;true;jungle;6
1164;169;121;241;land;true;hills;3
1165;161;247;223;land;false;desert;5
1166;230;250;174;land;false;forest;4
1167;184;156;226;land;false;forest;4
1168;176;126;231;land;true;desert;3
1169;249;131;197;land;false;forest;4
1170;226;193;132;land;false;hills;6
1171;200;136;219;land;false;hills;6
1172;241;158;203;land;false;hills;6
1173;237;194;198;land;false;hills;2
1174;124;198;235;land;true;jungle;6
1175;143;154;236;land;false;forest;4
1176;247;173;214;land;false;forest;1
1177;139;148;253;land;false;forest;2
1178;253;206;77;land;true;plains;7
1179;193;209;121;land;false;marsh;3
1180;217;54;246;land;false;jungle;2
1181;193;132;254;land;false;hills;6
1182;203;196;247;land;false;desert;3
1183;217;189;247;land;false;jungle;3
1184;117;211;228;land;false;plains;5
1185;237;236;133;land;true;hills;7
1186;181;207;122;land;false;forest;4
1187;154;227;189;land;false;forest;6
1188;93;208;207;land;false;hills;6
1189;251;199;99;land;false;plains;6
1190;244;249;167;land;true;desert;6
1191;235;242;153;land;false;forest;1
1192;252;207;211;land;false;plains;6
1193;232;187;245;land;false;plains;2
1194;130;130;242;land;false;forest;2
1195;169;120;220;land;true;plains;6
1196;230;236;178;land;false;plains;2
1197;179;132;231;land;false;hills;6
1198;177;183;186;land;false;forest;4
1199;219;64;238;land;false;forest;4
1200;179;250;139;land;false;plains;3
1201;139;165;244;land;false;plains;2
1202;243;134;138;land;true;forest;6
1203;232;173;182;land;false;mountain;3
1204;238;203;164;land;true;jungle;1
1205;158;216;234;land;false;forest;5
1206;125;219;162;land;false;forest;4
1207;156;170;228;land;false;forest;6
1208;205;246;132;land;false;hills;6
1209;206;247;156;land;false;mountain;6
1210;108;191;254;land;false;desert;7
1211;194;243;221;land;true;jungle;2
1212;98;182;237;land;false;hills;6
1213;214;224;238;land;false;jungle;3
1214;220;193;112;land;false;forest;4
1215;121;206;246;land;true;hills;1
1216;232;132;211;land;false;forest;4
1217;218;190;195;land;false;desert;2
1218;84;206;236;land;false;hills;6
1219;228;171;123;land;false;forest;4
1220;176;156;182;land;false;mountain;6
1221;243;191;233;land;false;forest;4
1222;197;254;97;land;false;forest;4
1223;224;241;189;land;true;plains;2
1224;133;215;173;land;false;jungle;3
1225;175;239;138;land;false;hills;6
1226;213;147;235;land;false;hills;6
1227;229;217;186;land;false;forest;4
1228;77;220;212;land;false;forest;4
1229;214;170;196;land;true;plains;1
1230;129;231;237;land;false;hills;2
1231;248;138;224;land;false;mountain;2
1232;252;202;184;land;false;desert;6
1233;158;160;252;land;true;plains;2
1234;245;253;104;land;false;mountain;3
1235;200;187;125;land;false;forest;4
1236;90;247;200;land;false;plains;2
1237;252;233;178;land;false;forest;3
1238;175;249;158;land;false;hills;6
1239;102;217;196;land;false;plains;6
1240;177;145;225;land;false;plains;6
1241;136;120;249;land;true;jungle;2
1242;241;160;242;land;false;hills;6
1243;163;192;229;land;false;desert;4
1244;227;93;242;land;false;plains;7
1245;229;239;37;land;false;jungle;2
1246;180;145;195;land;true;jungle;2
1247;213;153;191;land;false;hills;1
1248;240;231;168;land;false;mountain;7
1249;77;249;193;land;false;forest;1
1250;207;175;151;land;false;forest;4
1251;192;242;180;land;false;plains;2
1252;246;141;248;land;false;plains;6
1253;229;241;217;land;false;jungle;6
1254;230;194;249;land;false;jungle;6
1255;241;188;74;land;true;desert;6
1256;241;21;250;land;false;desert;6
1257;201;208;155;land;false;plains;2
1258;87;228;213;land;false;forest;1
1259;151;235;159;land;false;plains;5
1260;207;166;159;land;true;jungle;6
1261;248;157;235;land;false;forest;4
1262;136;246;216;land;false;forest;4
1263;191;174;178;land;false;hills;6
1264;205;207;98;land;false;desert;5
1265;152;190;243;land;false;mountain;5
1266;170;201;165;land;true;hills;6
1267;220;118;254;land;true;hills;3
1268;230;249;82;land;false;desert;5
1269;245;172;91;land;false;jungle;5
1270;161;235;180;land;false;mountain;3
1271;200;129;174;land;false;forest;4
1272;157;181;170;land;true;jungle;6
1273;20;252;246;land;false;plains;6
1274;110;242;232;land;false;mountain;6
1275;176;135;216;land;true;plains;2
1276;173;254;77;land;true;plains;4
1277;239;235;83;land;false;forest;4
1278;221;76;251;land;false;desert;3
1279;40;241;244;land;false;hills;6
1280;243;177;82;land;false;forest;4
1281;212;241;81;land;false;forest;4
1282;70;237;198;land;false;forest;5
1283;117;193;253;land;false;forest;4
1284;251;162;197;land;true;forest;3
1285;191;209;186;land;false;forest;5
1286;237;225;136;land;false;hills;1
1287;160;218;154;land;false;mountain;6
1288;233;180;222;land;false;plains;4
1289;232;188;197;land;false;forest;4
1290;207;170;144;land;false;forest;1
1291;246;178;186;land;false;desert;5
1292;215;193;97;land;false;jungle;3
1293;98;240;232;land;false;plains;5
1294;67;212;246;land;false;hills;6
1295;177;233;243;land;false;plains;4
1296;135;247;163;land;false;forest;3
1297;232;205;132;land;false;desert;5
1298;182;166;218;land;false;hills;6
1299;127;219;184;land;false;plains;5
1300;216;232;105;land;false;forest;4
1301;138;177;226;land;false;desert;4
1302;232;150;162;land;false;forest;4
1303;248;199;135;land;false;plains;2
1304;239;254;207;land;false;forest;6
1305;231;190;177;land;false;hills;7
1306;229;246;87;land;false;forest;1
1307;234;174;208;land;false;jungle;3
1308;205;196;205;land;false;hills;6
1309;231;78;203;land;false;mountain;4
1310;215;190;150;land;true;hills;6
1311;216;219;122;land;false;forest;4
1312;192;181;162;land;true;hills;2
1313;209;143;191;land;true;jungle;6
1314;228;182;254;land;false;forest;3
1315;130;241;196;land;false;forest;3
1316;178;162;243;land;false;desert;7
1317;254;211;62;land;true;hills;6
1318;206;70;253;land;false;mountain;3
1319;217;186;170;land;false;plains;2
1320;189;145;241;land;false;plains;4
1321;134;153;244;land;true;jungle;2
1322;196;118;235;land;true;plains;1
1323;176;199;203;land;false;forest;4
1324;237;221;152;land;true;plains;6
1325;109;188;243;land;false;hills;6
1326;237;242;121;land;false;jungle;3
1327;184;120;201;land;true;forest;4
1328;245;225;32;land;false;marsh;3
1329;238;134;194;land;false;plains;6
1330;245;252;162;land;false;hills;2
1331;217;202;237;land;false;forest;5
1332;76;192;248;land;false;plains;7
1333;88;221;225;land;false;plains;6
1334;26;248;253;land;true;forest;4
1335;191;101;251;land;false;hills;6
1336;225;67;252;land;false;desert;6
1337;241;131;254;land;false;plains;6
1338;198;239;140;land;false;forest;4
1339;71;196;236;land;false;mountain;6
1340;95;226;237;land;false;hills;6
1341;216;241;223;land;false;desert;5
1342;180;136;205;land;false;forest;4
1343;169;208;230;land;true;forest;5
1344;85;225;194;land;false;hills;6
1345;237;66;238;land;false;mountain;3
1346;183;252;73;land;false;plains;6
1347;81;252;176;land;false;plains;7
1348;232;246;194;land;true;hills;7
1349;204;218;95;land;false;desert;5
1350;240;160;221;land;false;plains;1
1351;249;80;196;land;false;mountain;5
1352;177;160;213;land;false;plains;4
1353;149;201;180;land;false;forest;4
1354;170;217;132;land;false;jungle;2
1355;222;220;89;land;false;jungle;3
1356;233;226;231;land;true;urban;5
1357;218;99;189;land;false;forest;4
1358;218;180;122;land;false;forest;6
1359;104;208;245;land;false;desert;2
1360;207;120;194;land;false;plains;6
1361;174;134;254;land;false;plains;5
1362;99;235;218;land;false;plains;6
1363;192;200;152;land;false;jungle;6
1364;193;227;226;land;false;forest;4
1365;105;208;245;land;false;hills;3
1366;229;96;196;land;false;plains;6
1367;93;245;198;land;true;jungle;3
1368;224;177;161;land;false;plains;6
1369;223;163;202;land;false;forest;6
1370;117;222;204;land;true;marsh;6
1371;187;247;164;land;false;desert;6
1372;187;196;234;land;false;hills;6
1373;242;214;117;land;true;hills;4
1374;216;254;206;land;false;desert;6
1375;114;245;235;land;true;hills;2
1376;247;163;91;land;false;plains;6
1377;96;182;242;land;false;forest;1
1378;200;207;195;land;false;desert;5
1379;219;249;84;land;false;jungle;2
1380;252;231;70;land;true;plains;2
1381;98;164;250;land;true;jungle;6
1382;198;108;238;land;false;desert;6
1383;238;202;172;land;false;plains;6
1384;160;159;196;land;true;jungle;3
1385;234;250;248;land;false;plains;6
1386;232;230;118;land;false;forest;2
1387;252;219;180;land;true;plains;7
1388;162;245;239;land;false;plains;6
1389;231;193;135;land;false;jungle;6
1390;249;87;191;land;false;hills;6
1391;81;254;171;land;false;plains;2
1392;183;200;139;land;false;forest;4
1393;225;243;157;land;false;desert;3
1394;222;234;235;land;false;plains;2
1395;176;210;247;land;false;plains;7
1396;254;111;249;land;false;forest;4
1397;121;233;247;land;true;plains;4
1398;171;237;178;land;false;forest;5
1399;138;235;234;land;false;forest;2
1400;246;117;172;land;false;forest;2
1401;134;215;209;land;false;forest;4
1402;149;177;248;land;false;forest;6
1403;195;193;159;land;false;hills;6
1404;242;245;20;land;false;desert;3
1405;103;237;181;land;false;forest;6
1406;231;124;215;land;true;desert;5
1407;242;55;251;land;true;jungle;2
1408;230;191;135;land;false;forest;4
1409;153;206;251;land;true;jungle;1
1410;249;177;212;land;false;mountain;5
1411;231;174;189;land;false;desert;5
1412;250;237;63;land;false;plains;4
1413;94;187;243;land;false;desert;5
1414;192;180;204;land;true;desert;2
1415;246;252;131;land;false;desert;4
1416;39;240;250;land;false;plains;4
1417;116;252;158;land;false;hills;6
1418;251;24;248;land;false;desert;2
1419;232;176;104;land;true;plains;6
1420;213;123;243;land;false;plains;5
1421;234;66;233;land;true;plains;2
1422;216;77;236;land;false;mountain;6
1423;198;224;86;land;false;hills;5
1424;252;227;108;land;false;hills;6
1425;159;250;112;land;false;mountain;4
1426;187;145;176;land;false;forest;6
1427;87;192;224;land;false;plains;6
1428;206;168;137;land;false;desert;4
1429;182;147;218;land;false;jungle;2
1430;241;246;62;land;false;jungle;2
1431;93;225;200;land;false;hills;2
1432;189;240;234;land;false;forest;2
1433;235;246;234;land;false;plains;1
1434;196;216;206;land;false;forest;6
1435;86;249;239;land;false;forest;1
1436;254;83;211;land;true;hills;2
1437;129;212;193;land;false;forest;4
1438;163;176;211;land;false;jungle;2
1439;102;231;194;land;false;plains;2
1440;169;239;222;land;false;desert;6
1441;230;75;235;land;true;marsh;3
1442;206;222;234;land;false;desert;5
1443;204;98;202;land;false;hills;6
1444;254;219;116;land;false;forest;6
1445;184;140;232;land;false;mountain;4
1446;187;196;228;land;true;plains;1
1447;242;152;109;land;false;hills;6
1448;209;102;196;land;false;hills;6
1449;190;238;229;land;false;plains;2
1450;85;215;222;land;false;forest;5
1451;242;247;166;land;false;plains;4
1452;201;239;179;land;false;plains;2
1453;171;219;114;land;true;jungle;1
1454;220;173;173;land;false;plains;4
1455;155;209;215;land;true;jungle;2
1456;187;104;251;land;true;jungle;3
1457;200;233;151;land;true;forest;2
1458;166;218;122;land;false;desert;3
1459;168;115;224;land;false;hills;2
1460;192;203;187;land;false;plains;7
1461;161;216;136;land;false;desert;4
1462;195;104;226;land;false;forest;4
1463;227;196;143;land;false;forest;6
1464;225;254;33;land;false;desert;6
1465;105;232;248;land;true;forest;4
1466;242;181;120;land;true;forest;2
1467;120;253;250;land;false;plains;1
1468;153;244;198;land;false;forest;4
1469;245;242;172;land;false;mountain;4
1470;246;35;229;land;false;desert;5
1471;242;169;235;land;true;forest;2
1472;247;244;215;land;false;plains;4
1473;215;239;207;land;false;hills;6
1474;219;99;224;lake;false;plains;4
1475;189;118;207;land;false;jungle;2
1476;206;51;248;land;true;desert;7
1477;200;121;193;land;false;jungle;3
1478;242;242;223;land;false;desert;5
1479;253;84;248;land;false;jungle;3
1480;201;161;192;land;true;forest;4
1481;96;215;226;land;false;forest;1
1482;241;195;176;land;false;forest;4
1483;59;250;218;land;false;hills;6
1484;71;240;206;land;true;jungle;6
1485;223;249;103;land;false;plains;4
1486;236;193;221;land;false;forest;6
1487;218;185;192;land;false;forest;2
1488;251;179;92;land;false;forest;4
1489;248;121;188;land;false;hills;6
1490;211;185;198;land;false;jungle;3
1491;176;203;168;land;false;hills;6
1492;192;133;205;land;false;hills;6
1493;240;87;176;land;false;forest;4
1494;126;238;230;land;false;desert;3
1495;171;87;246;land;true;jungle;3
1496;52;244;235;land;false;desert;5
1497;215;184;206;land;false;plains;1
1498;179;166;244;land;false;forest;2
1499;250;238;187;land;true;plains;6
1500;192;187;158;land;true;forest;2
1501;230;242;139;land;false;plains;6
1502;226;124;216;land;true;forest;6
1503;63;236;242;land;false;hills;6
1504;66;245;223;land;true;plains;1
1505;231;208;245;land;false;plains;6
1506;54;224;240;land;true;desert;7
1507;221;111;211;land;false;plains;2
1508;70;196;247;land;false;desert;2
1509;185;214;242;land;false;hills;7
1510;200;101;220;land;true;jungle;2
1511;84;237;249;land;false;forest;4
1512;170;229;170;land;false;plains;2
1513;197;206;123;land;false;plains;6
1514;234;213;173;land;false;forest;3
1515;174;193;205;land;false;plains;2
1516;75;233;237;land;false;plains;6
1517;124;232;222;land;false;jungle;3
1518;243;114;188;land;false;desert;6
1519;117;223;228;land;false;forest;5
1520;167;196;145;land;false;desert;6
1521;172;249;153;land;false;forest;2
1522;228;201;81;land;false;desert;3
1523;213;168;214;land;true;marsh;6
1524;254;194;242;land;false;hills;6
1525;167;122;233;land;false;desert;3
1526;162;125;216;land;true;desert;2
1527;223;120;186;land;false;plains;4
1528;206;220;90;land;false;plains;2
1529;222;159;248;land;false;plains;4
1530;182;103;227;land;false;forest;1
1531;226;213;251;land;true;hills;1
1532;214;166;192;land;true;plains;4
1533;245;144;112;land;false;mountain;2
1534;215;253;125;land;false;plains;4
1535;189;228;234;land;false;jungle;3
1536;158;208;199;land;false;forest;6
1537;190;206;178;land;false;hills;6
1538;104;250;214;land;false;desert;2
1539;199;178;211;land;false;forest;4
1540;13;244;247;land;true;jungle;2
1541;252;237;87;land;false;forest;4
1542;241;117;229;land;true;desert;2
1543;63;220;220;land;false;desert;5
1544;247;86;209;land;false;forest;4
1545;32;231;240;land;false;plains;5
1546;235;236;154;land;false;plains;3
1547;237;211;100;land;false;jungle;3
1548;185;125;249;land;false;forest;2
1549;240;69;198;land;false;forest;4
1550;51;236;235;land;false;hills;6
1551;254;143;157;land;false;forest;4
1552;129;227;210;land;true;mountain;4
1553;248;194;84;land;true;forest;6
1554;131;224;174;land;false;jungle;3
1555;190;172;157;land;false;forest;4
1556;249;253;13;land;false;desert;5
1557;137;174;191;land;false;forest;1
1558;252;153;171;land;false;forest;2
1559;251;67;229;land;true;hills;7
1560;243;140;139;land;false;forest;4
1561;222;204;230;land;false;forest;1
1562;242;126;233;land;false;plains;5
1563;253;153;232;land;false;desert;2
1564;111;192;243;land;true;desert;6
1565;129;166;217;land;false;jungle;3
1566;100;247;212;land;false;plains;6
1567;235;231;103;land;false;forest;1
1568;253;103;254;land;false;plains;2
1569;221;71;240;land;false;hills;6
1570;193;211;199;land;true;marsh;6
1571;206;125;241;land;false;forest;2
1572;247;158;253;land;false;forest;4
1573;184;246;227;land;false;mountain;3
1574;121;227;199;land;false;plains;2
1575;209;244;254;land;false;forest;6
1576;246;240;236;land;false;forest;2
1577;172;112;226;land;false;desert;7
1578;108;204;246;land;true;jungle;6
1579;254;82;247;land;false;jungle;3
1580;227;243;169;land;false;forest;4
1581;223;145;203;land;true;jungle;6
1582;144;244;205;land;true;plains;1
1583;133;221;205;land;false;plains;1
1584;154;248;215;land;false;hills;6
1585;206;172;177;land;false;plains;1
1586;194;235;130;land;false;plains;2
1587;130;181;202;land;false;plains;6
1588;232;248;185;land;false;hills;2
1589;248;114;244;land;true;desert;5
1590;242;130;253;land;true;jungle;1
1591;206;147;247;land;false;mountain;3
1592;254;170;204;land;false;plains;7
1593;174;213;224;land;false;forest;4
1594;196;221;146;land;true;hills;6
1595;208;224;143;land;false;forest;4
1596;217;77;250;land;false;forest;4
1597;219;104;221;land;false;hills;6
1598;108;222;194;land;false;hills;6
1599;159;132;230;land;false;desert;7
1600;246;239;75;land;false;plains;7
1601;248;225;197;land;false;forest;6
1602;152;251;223;land;false;plains;2
1603;211;169;161;land;false;desert;3
1604;150;183;215;land;false;forest;4
1605;142;164;243;land;false;desert;3
1606;249;106;226;land;true;forest;2
1607;164;238;228;land;false;jungle;3
1608;206;81;238;land;true;plains;2
1609;214;110;241;land;true;plains;1
1610;94;223;253;land;false;forest;4
1611;218;183;249;land;true;hills;7
1612;248;252;8;land;true;hills;7
1613;162;196;190;land;false;plains;4
1614;201;135;249;land;true;jungle;1
1615;176;254;107;land;false;plains;2
1616;219;242;112;land;true;jungle;6
1617;250;146;127;land;false;forest;4
1618;244;179;134;land;false;forest;4
1619;247;137;177;land;false;plains;1
1620;227;105;224;land;true;jungle;6
1621;67;185;254;land;false;plains;6
1622;201;205;111;land;false;desert;3
1623;122;252;231;land;false;hills;6
1624;253;71;242;land;false;desert;4
1625;246;74;220;land;false;desert;2
1626;203;231;68;land;false;plains;5
1627;61;194;252;land;false;forest;4
1628;149;150;248;land;false;hills;6
1629;242;185;160;land;false;forest;4
1630;72;245;223;land;false;mountain;6
1631;159;176;208;land;true;plains;2
1632;223;216;68;land;false;jungle;1
1633;209;99;195;land;true;forest;2
1634;174;78;254;land;false;jungle;6
1635;202;193;190;land;false;hills;7
1636;217;222;156;land;false;jungle;3
1637;81;245;190;land;true;hills;7
1638;196;226;247;land;false;hills;6
1639;175;205;123;land;false;desert;5
1640;213;172;193;land;false;jungle;3
1641;244;251;69;land;false;forest;4
1642;198;245;201;land;false;jungle;6
1643;240;119;200;land;false;jungle;6
1644;163;139;207;land;true;hills;2
1645;119;244;166;land;false;desert;6
1646;234;184;190;land;false;marsh;3
1647;92;252;210;land;false;jungle;3
1648;233;207;249;land;false;hills;6
1649;239;122;175;land;false;desert;2
1650;235;252;160;land;false;plains;3
1651;223;175;142;land;false;hills;7
1652;174;250;89;land;false;hills;6
1653;93;233;184;land;false;forest;4
1654;246;205;201;land;true;jungle;6
1655;240;79;207;land;false;forest;4
1656;234;190;187;land;false;plains;2
1657;203;184;203;land;false;desert;5
1658;138;179;214;land;false;forest;4
1659;249;95;233;land;false;plains;2
1660;195;139;214;land;false;forest;3
1661;180;232;109;land;false;jungle;1
1662;254;251;42;land;false;plains;3
1663;208;119;241;land;false;jungle;3
1664;156;232;149;land;false;hills;6
1665;157;236;177;land;false;mountain;4
1666;247;249;79;land;false;hills;6
1667;156;172;215;land;false;plains;4
1668;163;174;191;land;false;hills;6
1669;237;203;221;land;false;hills;5
1670;239;201;187;land;true;jungle;6
1671;214;225;241;land;true;forest;2
1672;121;222;199;land;false;forest;4
1673;235;138;146;land;false;hills;6
1674;179;136;198;land;false;forest;4
1675;201;129;245;land;true;hills;1
1676;206;164;136;land;false;plains;6
1677;225;186;143;land;false;plains;2
1678;215;126;193;land;false;hills;6
1679;241;226;214;land;false;forest;4
1680;189;205;252;land;false;plains;2
1681;147;213;153;land;true;forest;4
1682;227;50;234;land;false;jungle;3
1683;180;201;220;land;false;desert;3
1684;71;248;248;land;false;jungle;5
1685;244;185;117;land;false;hills;6
1686;155;195;226;land;false;forest;4
1687;240;234;152;land;false;plains;3
1688;167;217;216;land;false;plains;6
1689;58;226;251;land;false;desert;5
1690;239;53;236;land;true;hills;4
1691;225;83;200;land;false;hills;6
1692;244;194;159;land;false;forest;4
1693;228;119;157;land;false;plains;7
1694;196;136;182;land;false;forest;3
1695;231;161;109;land;false;forest;2
1696;109;151;244;land;false;hills;6
1697;234;207;168;land;true;plains;3
1698;78;220;220;land;true;hills;2
1699;123;161;236;land;false;forest;3
1700;211;216;153;land;false;plains;2
1701;193;224;212;land;false;forest;4
1702;237;246;84;land;false;jungle;6
1703;161;234;167;land;true;forest;2
1704;198;145;193;land;true;forest;6
1705;180;209;155;land;false;forest;6
1706;144;227;225;land;true;plains;4
1707;208;201;203;land;true;forest;3
1708;169;253;254;land;false;forest;2
1709;190;130;245;land;false;forest;4
1710;200;237;68;land;false;forest;3
1711;213;173;162;land;false;forest;6
1712;142;229;198;land;false;forest;3
1713;183;113;224;land;false;plains;6
1714;187;234;223;land;false;forest;6
1715;184;226;142;land;false;forest;4
1716;235;179;215;land;false;jungle;3
1717;231;134;189;land;false;desert;3
1718;224;56;246;land;false;forest;4
1719;179;248;114;land;false;desert;6
1720;139;240;168;land;false;desert;3
1721;185;254;165;land;true;plains;4
1722;149;116;241;land;false;forest;5
1723;164;226;154;land;false;forest;4
1724;151;220;149;land;false;plains;2
1725;240;243;36;land;false;hills;6
1726;222;220;60;land;false;jungle;1
1727;124;187;225;land;false;plains;6
1728;168;224;181;land;false;forest;4
1729;240;231;33;land;true;jungle;1
1730;250;240;41;land;true;desert;2
1731;219;86;218;land;false;forest;6
1732;152;195;159;land;true;desert;5
1733;103;254;226;land;false;plains;6
1734;192;143;168;land;false;forest;4
1735;168;132;212;land;false;desert;5
1736;71;224;227;land;true;forest;4
1737;211;222;121;land;false;hills;6
1738;177;225;102;land;false;forest;4
1739;223;148;149;land;false;hills;2
1740;250;111;215;land;true;desert;3
1741;185;146;225;land;false;plains;6
1742;169;254;158;land;true;mountain;5
1743;182;244;227;land;false;plains;1
1744;207;250;46;land;true;jungle;2
1745;213;164;149;land;true;hills;2
1746;208;171;128;land;true;mountain;4
1747;204;228;80;land;false;forest;4
1748;148;211;221;land;false;hills;6
1749;183;89;233;land;false;forest;4
1750;227;183;138;land;false;hills;1
1751;215;235;123;land;true;plains;2
1752;196;158;159;land;false;jungle;6
1753;197;181;212;land;false;jungle;6
1754;176;155;206;land;false;plains;3
1755;106;175;242;land;true;plains;1
1756;203;200;147;land;true;hills;2
1757;176;222;230;land;false;desert;5
1758;207;139;244;land;false;plains;6
1759;205;206;182;land;false;forest;4
1760;248;230;240;land;false;desert;2
1761;236;124;154;land;false;plains;6
1762;138;217;189;land;false;hills;1
1763;190;224;156;land;false;hills;6
1764;129;212;227;land;false;mountain;4
1765;177;188;226;land;true;hills;6
1766;138;252;166;land;false;forest;4
1767;202;232;152;land;false;forest;6
1768;175;105;224;land;false;hills;7
1769;201;167;140;land;true;forest;4
1770;84;197;233;land;false;jungle;3
1771;250;236;19;land;false;mountain;6
1772;227;252;221;land;false;forest;4
1773;250;164;249;land;false;plains;6
1774;225;249;203;land;true;forest;4
1775;238;253;233;land;true;desert;2
1776;134;206;231;land;false;plains;4
1777;230;80;232;land;false;forest;5
1778;252;119;218;land;false;desert;6
1779;245;137;254;land;false;desert;6
1780;178;189;143;land;false;jungle;2
1781;215;120;191;land;false;forest;4
1782;240;240;137;land;false;forest;4
1783;247;233;114;land;true;plains;6
1784;237;166;114;land;false;forest;4
1785;157;217;192;land;false;forest;5
1786;170;204;147;land;false;hills;2
1787;249;126;213;land;true;jungle;3
1788;249;248;238;land;false;forest;4
1789;202;232;215;land;false;mountain;5
1790;254;76;239;land;false;desert;5
1791;131;237;215;land;true;desert;6
1792;171;254;183;land;false;forest;1
1793;172;97;232;land;false;plains;6
1794;152;249;175;land;false;plains;2
1795;115;202;216;land;true;jungle;6
1796;120;251;157;land;true;marsh;6
1797;182;199;207;land;true;desert;3
1798;66;196;251;land;false;forest;4
1799;208;69;236;land;false;forest;5
1800;229;210;183;land;true;jungle;2
1801;126;169;248;land;true;desert;2
1802;200;231;187;land;false;jungle;3
1803;201;88;236;land;false;forest;2
1804;130;216;222;land;false;plains;2
1805;219;254;208;land;false;plains;4
1806;191;248;229;land;false;hills;6
1807;119;221;183;land;true;jungle;6
1808;197;223;110;land;true;plains;4
1809;220;158;171;land;false;forest;4
1810;169;184;247;land;false;plains;1
1811;152;200;152;land;true;jungle;6
1812;146;197;212;land;true;forest;2
1813;167;228;198;land;false;jungle;3
1814;232;244;253;land;false;plains;5
1815;230;236;169;land;false;jungle;3
1816;226;193;147;land;false;forest;2
1817;219;177;128;land;false;forest;4
1818;108;250;196;land;true;hills;1
1819;221;221;69;land;false;desert;3
1820;163;116;247;land;true;plains;5
1821;191;227;101;land;false;hills;1
1822;206;200;233;land;false;mountain;4
1823;246;137;124;land;false;plains;2
1824;251;141;254;land;false;forest;4
1825;222;157;214;land;false;hills;6
1826;92;210;222;land;false;hills;6
1827;209;213;170;land;true;plains;7
1828;191;194;153;land;true;desert;6
1829;247;82;225;land;false;jungle;5
1830;112;212;226;land;false;plains;4
1831;186;204;161;land;false;plains;6
1832;228;100;244;land;false;forest;4
1833;171;211;124;land;true;plains;7
1834;106;232;173;land;false;forest;4
1835;253;245;217;land;false;mountain;4
1836;158;194;181;land;false;hills;2
1837;157;200;188;land;false;desert;5
1838;236;221;219;land;false;forest;6
1839;229;140;189;land;false;plains;4
1840;239;184;211;land;false;mountain;4
1841;234;206;122;land;false;plains;2
1842;126;213;184;land;false;jungle;3
1843;70;223;240;land;false;desert;3
1844;221;238;202;land;true;desert;2
1845;178;159;206;land;false;desert;6
1846;246;251;176;land;false;forest;6
1847;137;240;228;land;true;jungle;1
1848;141;157;215;land;false;plains;3
1849;194;187;195;land;false;forest;4
1850;225;102;199;land;false;hills;6
1851;230;202;204;land;false;desert;5
1852;200;248;72;land;true;hills;2
1853;118;217;247;land;true;hills;6
1854;250;246;187;land;false;forest;1
1855;241;220;108;land;false;jungle;6
1856;173;249;222;land;false;hills;2
1857;240;61;204;land;false;forest;1
1858;228;220;176;land;false;jungle;3
1859;247;65;198;land;false;plains;6
1860;224;252;135;land;true;plains;3
1861;66;236;208;land;false;forest;4
1862;238;217;47;land;false;desert;5
1863;116;231;225;land;false;forest;4
1864;242;180;118;land;false;forest;4
1865;212;184;109;land;false;plains;4
1866;232;216;165;land;false;forest;2
1867;148;242;188;land;false;jungle;1
1868;213;176;124;land;false;plains;5
1869;98;194;254;land;false;hills;6
1870;146;182;192;land;false;plains;2
1871;220;237;245;land;false;jungle;3
1872;107;239;203;land;false;forest;6
1873;113;161;241;land;false;forest;6
1874;130;218;166;land;false;desert;6
1875;222;160;125;land;true;hills;2
1876;238;170;110;land;false;plains;6
1877;199;133;230;land;false;jungle;2
1878;128;253;129;land;false;plains;2
1879;212;154;152;land;false;jungle;3
1880;212;248;145;land;true;jungle;2
1881;240;230;247;land;false;desert;6
1882;185;234;162;land;false;plains;6
1883;167;216;212;land;false;desert;6
1884;252;188;206;land;true;jungle;2
1885;106;253;170;land;true;jungle;2
1886;127;224;237;land;false;forest;4
1887;254;199;227;land;false;desert;6
1888;98;174;233;land;false;desert;3
1889;246;70;248;land;false;forest;6
1890;247;59;212;land;false;forest;4
1891;234;126;203;land;true;plains;2
1892;148;192;216;land;false;desert;3
1893;231;57;213;land;false;marsh;5
1894;246;198;135;land;false;plains;5
1895;227;229;243;land;false;plains;6
1896;207;142;238;land;false;plains;4
1897;149;181;210;land;false;desert;5
1898;217;108;198;land;false;desert;5
1899;46;250;217;land;false;forest;4
1900;252;101;180;land;false;jungle;6
1901;202;182;127;land;false;forest;4
1902;232;112;186;land;false;hills;6
1903;234;200;201;land;true;desert;2
1904;161;104;239;land;true;jungle;2
1905;199;205;232;land;false;forest;4
1906;232;203;249;land;false;forest;4
1907;232;224;189;land;true;forest;4
1908;181;119;212;land;false;hills;6
1909;251;131;153;land;false;forest;6
1910;217;223;87;land;false;forest;4
1911;215;239;129;land;false;jungle;5
1912;118;250;238;land;false;hills;6
1913;196;139;226;land;false;jungle;3
1914;163;242;196;land;false;plains;6
1915;201;233;73;land;false;hills;6
1916;238;80;231;land;false;jungle;1
1917;252;189;99;land;true;urban;5
1918;236;208;141;land;false;forest;4
1919;107;161;237;land;false;jungle;6
1920;192;253;140;land;false;plains;5
1921;195;160;184;land;false;hills;1
1922;185;253;73;land;false;jungle;6
1923;174;249;174;land;true;hills;7
1924;213;196;180;land;false;desert;2
1925;162;252;151;land;false;forest;4
1926;187;246;182;land;false;mountain;3
1927;253;107;170;land;false;plains;6
1928;73;244;231;land;false;plains;2
1929;254;194;191;land;false;desert;4
1930;146;232;165;land;false;hills;6
1931;210;200;229;land;true;forest;3
1932;223;201;109;land;false;jungle;3
1933;63;241;246;land;true;plains;6
1934;140;172;235;land;false;forest;5
1935;162;240;211;land;false;forest;6
1936;171;241;220;land;false;hills;2
1937;171;95;238;land;false;plains;6
1938;68;182;254;land;false;desert;5
1939;193;160;181;land;false;forest;5
1940;157;140;216;land;false;hills;6
1941;184;195;176;land;false;plains;7
1942;160;250;176;land;false;hills;6
1943;85;218;220;land;true;forest;2
1944;249;200;52;land;true;plains;1
1945;190;110;249;land;false;forest;4
1946;175;177;238;land;false;forest;4
1947;219;203;243;land;false;plains;6
1948;241;188;192;land;true;jungle;6
1949;223;104;229;land;false;plains;6
1950;212;143;202;land;false;jungle;3
1951;232;202;89;land;false;mountain;3
1952;238;146;118;land;false;desert;3
1953;208;210;172;land;false;plains;6
1954;240;236;180;land;true;desert;7
1955;202;144;172;land;false;hills;1
1956;218;120;194;land;false;plains;4
1957;173;171;201;land;false;desert;2
1958;158;115;237;land;false;hills;1
1959;224;190;165;land;true;desert;7
1960;170;132;248;land;false;forest;6
1961;220;41;244;land;false;plains;6
1962;154;157;245;land;false;plains;1
1963;211;243;223;land;false;plains;2
1964;244;144;191;land;true;jungle;2
1965;171;236;229;land;false;plains;6
1966;154;113;245;land;true;hills;2
1967;133;227;147;land;false;hills;2
1968;213;139;187;land;true;plains;6
1969;237;223;238;land;true;jungle;6
1970;197;180;145;land;false;jungle;3
1971;91;252;231;land;false;jungle;3
1972;224;178;203;land;false;plains;6
1973;243;232;171;land;false;hills;6
1974;189;199;116;land;true;jungle;6
1975;183;95;249;land;false;plains;1
1976;163;178;191;land;false;mountain;3
1977;137;189;232;land;false;plains;2
1978;217;249;37;land;false;jungle;3
1979;249;91;233;land;true;plains;6
1980;192;196;151;land;true;plains;6
1981;159;254;229;land;false;hills;6
1982;178;154;175;land;false;desert;5
1983;222;217;235;land;false;forest;4
1984;167;133;216;land;false;jungle;3
1985;229;53;236;land;false;hills;6
1986;155;223;138;land;false;plains;2
1987;248;28;245;land;true;hills;1
1988;226;75;254;land;false;plains;3
1989;182;190;188;land;false;mountain;4
1990;200;222;187;land;false;jungle;2
1991;240;189;220;land;false;hills;6
1992;206;226;206;land;false;hills;6
1993;87;188;230;land;false;hills;1
1994;63;251;214;land;false;jungle;3
1995;254;32;240;land;false;desert;6
1996;199;110;224;land;false;desert;4
1997;166;203;223;land;false;forest;5
1998;196;219;159;land;false;hills;6
1999;159;108;247;land;true;mountain;1
2000;178;196;250;land;false;desert;5
2001;201;64;243;land;false;jungle;3
2002;177;223;183;land;false;jungle;3
2003;143;138;221;land;false;forest;4
2004;233;220;80;land;false;hills;6
2005;67;254;231;land;false;hills;6
2006;231;129;182;land;false;jungle;5
2007;238;181;196;land;false;forest;6
2008;137;193;189;land;false;hills;6
2009;206;222;182;land;false;plains;7
2010;209;177;119;land;true;forest;4
2011;85;245;213;land;true;jungle;5
2012;216;244;166;land;false;hills;6
2013;231;227;58;land;false;hills;1
2014;249;26;249;land;false;desert;4
2015;143;245;181;land;false;jungle;1
2016;233;213;76;land;false;jungle;1
2017;214;222;119;land;false;hills;5
2018;225;125;174;land;false;hills;6
2019;161;122;242;land;true;jungle;6
2020;223;131;245;land;true;jungle;3
2021;136;242;241;land;false;hills;6
2022;145;128;244;land;false;forest;4
2023;188;245;249;land;true;plains;3
2024;226;172;245;land;false;desert;5
2025;179;247;131;land;false;forest;2
2026;160;157;225;land;false;hills;6
2027;208;143;191;land;false;hills;6
2028;214;248;229;land;false;mountain;6
2029;242;169;147;land;false;desert;6
2030;230;117;177;land;false;forest;4
2031;191;157;227;land;false;plains;2
2032;179;164;253;land;false;forest;4
2033;208;231;207;land;false;forest;1
2034;217;145;160;land;true;jungle;3
2035;151;208;241;land;false;plains;4
2036;215;169;129;land;false;plains;4
2037;242;102;240;land;false;plains;2
2038;192;234;250;land;false;forest;4
2039;251;139;233;land;true;jungle;3
2040;192;246;74;land;false;plains;1
2041;141;156;224;land;true;plains;4
2042;111;197;247;land;false;forest;6
2043;241;182;94;land;false;plains;6
2044;189;172;231;land;false;jungle;3
2045;227;159;143;land;false;desert;5
2046;226;167;152;land;false;jungle;3
2047;246;145;119;land;false;hills;6
2048;204;141;201;land;false;hills;6
2049;249;181;237;land;false;hills;6
2050;217;155;246;land;false;desert;5
2051;198;226;135;land;false;hills;6
2052;224;241;194;land;true;jungle;5
2053;172;222;250;land;false;plains;2
2054;231;224;72;land;false;forest;4
2055;239;159;158;land;false;jungle;3
2056;90;251;239;land;false;plains;2
2057;169;119;230;land;false;forest;4
2058;215;194;118;land;false;desert;5
2059;245;24;245;land;false;desert;2
2060;179;181;210;land;false;forest;4
2061;241;163;97;land;true;plains;3
2062;198;212;197;land;false;hills;6
2063;243;31;246;land;false;plains;3
2064;242;241;230;land;false;plains;2
2065;197;197;168;land;false;forest;4
2066;250;198;114;land;true;jungle;1
2067;160;248;251;land;false;forest;4
2068;234;93;203;land;false;forest;3
2069;219;232;170;land;false;plains;4
2070;64;211;234;land;false;desert;4
2071;156;245;233;land;false;desert;5
2072;149;187;239;land;false;plains;6
2073;101;186;253;land;false;jungle;3
2074;232;231;77;land;false;jungle;3
2075;228;249;230;land;false;desert;5
2076;250;241;23;land;false;jungle;3
2077;218;231;107;land;true;jungle;1
2078;186;248;111;land;false;forest;4
2079;120;154;246;land;false;forest;4
2080;165;112;248;land;false;jungle;6
2081;208;152;227;land;false;forest;2
2082;208;78;219;land;false;plains;3
2083;199;122;201;land;true;plains;6
2084;185;206;125;land;true;desert;2
2085;140;232;142;land;false;mountain;5
2086;250;191;250;land;true;forest;4
2087;69;246;186;land;false;jungle;5
2088;207;250;216;land;false;hills;7
2089;120;213;181;land;false;forest;5
2090;242;108;226;land;false;plains;6
2091;154;168;234;land;true;marsh;6
2092;143;180;242;land;false;forest;4
2093;227;145;185;land;false;forest;4
2094;189;214;198;land;false;jungle;2
2095;180;244;223;land;false;hills;7
2096;247;26;244;land;false;forest;4
2097;150;202;159;land;true;plains;1
2098;242;106;227;land;true;hills;3
2099;244;167;105;land;false;plains;2
2100;172;140;254;land;false;hills;6
2101;245;21;252;land;false;mountain;4
2102;240;251;189;land;false;forest;1
2103;73;253;232;land;false;forest;3
2104;144;229;155;land;true;plains;6
2105;253;147;149;land;false;desert;5
2106;177;133;211;land;true;plains;4
2107;153;193;220;land;true;jungle;6
2108;236;220;237;land;false;forest;7
2109;161;224;207;land;false;forest;4
2110;189;233;134;land;false;forest;2
2111;51;243;239;land;false;jungle;3
2112;158;209;170;land;true;jungle;6
2113;82;200;252;land;true;forest;4
2114;52;241;231;land;false;forest;6
2115;226;239;215;land;false;jungle;3
2116;252;57;229;land;false;desert;3
2117;160;95;252;land;true;forest;4
2118;227;244;33;land;true;hills;6
2119;93;186;254;land;false;forest;2
2120;220;167;116;land;true;jungle;6
2121;90;238;190;land;true;desert;5
2122;244;189;78;land;false;forest;5
2123;174;244;234;land;false;jungle;3
2124;90;177;252;land;false;forest;5
2125;60;192;252;land;false;hills;3
2126;182;225;190;land;false;desert;5
2127;55;245;235;land;false;jungle;3
2128;149;223;202;land;false;plains;4
2129;136;254;212;land;false;forest;6
2130;233;79;195;land;true;forest;4
2131;153;238;205;land;true;jungle;6
2132;224;109;241;land;false;desert;5
2133;140;240;229;land;false;hills;4
2134;126;215;225;land;false;hills;6
2135;241;103;228;land;false;plains;4
2136;231;216;165;land;false;forest;4
2137;220;237;247;land;false;desert;5
2138;245;187;108;land;false;forest;4
2139;214;152;161;land;false;desert;4
2140;247;62;226;land;false;forest;4
2141;144;162;199;land;false;desert;5
2142;227;243;238;land;false;hills;1
2143;136;185;207;land;false;forest;4
2144;181;199;229;land;false;forest;4
2145;166;185;199;land;false;desert;5
2146;227;141;244;land;true;jungle;3
2147;139;253;128;land;true;forest;2
2148;182;177;217;land;false;hills;1
2149;166;243;125;land;false;hills;6
2150;208;176;151;land;false;desert;3
2151;198;145;163;land;false;jungle;3
2152;224;212;250;land;true;plains;6
2153;218;192;151;land;false;plains;1
2154;204;109;207;land;false;forest;4
2155;249;245;35;land;false;hills;6
2156;78;173;254;land;false;desert;5
2157;241;168;186;land;false;plains;2
2158;214;192;153;land;true;jungle;6
2159;221;216;116;land;false;hills;6
2160;112;254;223;land;false;plains;2
2161;191;192;125;land;false;plains;3
2162;198;176;141;land;false;desert;5
2163;243;173;226;land;false;jungle;2
2164;236;154;118;land;false;desert;5
2165;217;197;195;land;true;jungle;2
2166;185;184;149;land;true;plains;2
2167;247;227;189;land;false;forest;4
2168;206;192;195;land;false;desert;5
2169;220;243;223;land;false;desert;3
2170;147;163;197;land;false;hills;6
2171;244;232;229;land;false;forest;4
2172;242;101;184;land;true;forest;5
2173;231;181;250;land;false;urban;5
2174;241;164;189;land;false;desert;5
2175;130;150;243;land;true;jungle;2
2176;253;144;237;land;true;jungle;1
2177;215;234;74;land;false;mountain;3
2178;67;241;217;land;false;forest;2
2179;237;73;202;land;true;jungle;2
2180;177;167;171;land;false;hills;6
2181;100;249;179;land;true;desert;6
2182;208;198;105;land;false;desert;2
2183;150;194;208;land;false;plains;6
2184;247;146;211;land;false;jungle;3
2185;243;253;46;land;false;jungle;3
2186;252;66;193;land;false;forest;6
2187;189;181;202;land;false;jungle;2
2188;190;236;184;land;false;forest;6
2189;170;199;228;land;true;hills;6
2190;218;86;218;land;false;plains;6
2191;242;109;191;land;false;mountain;5
2192;213;195;155;land;false;hills;6
2193;220;87;207;land;false;hills;6
2194;161;251;158;land;false;hills;6
2195;221;200;100;land;true;marsh;6
2196;110;206;243;land;false;desert;3
2197;233;105;223;land;false;forest;5
2198;165;184;170;land;false;mountain;4
2199;252;248;81;land;false;forest;6
2200;241;50;242;land;false;forest;5
2201;209;210;114;land;false;jungle;5
2202;176;228;206;land;false;desert;5
2203;137;208;230;land;false;plains;2
2204;241;249;36;land;false;forest;4
2205;225;219;234;land;true;jungle;6
2206;144;173;207;land;false;desert;5
2207;132;158;212;land;false;plains;2
2208;190;240;111;land;false;hills;6
2209;234;89;250;land;false;hills;5
2210;165;220;196;land;false;forest;3
2211;151;156;243;land;false;forest;4
2212;227;174;129;land;false;mountain;5
2213;168;142;200;land;false;forest;5
2214;209;253;235;land;false;hills;3
2215;166;250;247;land;false;forest;4
2216;244;192;227;land;true;plains;3
2217;243;141;117;land;false;forest;2
2218;182;240;241;land;false;jungle;6
2219;250;220;124;land;false;desert;5
2220;161;215;219;land;false;forest;6
2221;93;213;242;land;true;jungle;6
2222;239;166;147;land;false;plains;6
2223;245;228;231;land;true;forest;4
2224;244;243;147;land;false;plains;4
2225;221;114;192;land;false;desert;3
2226;83;247;247;land;true;desert;3
2227;147;219;242;land;false;plains;2
2228;204;73;241;land;true;jungle;2
2229;158;176;231;land;false;hills;6
2230;194;161;242;land;true;jungle;2
2231;162;235;192;land;false;forest;4
2232;238;123;224;land;false;desert;5
2233;226;182;221;land;false;hills;6
2234;175;251;78;land;true;jungle;2
2235;217;242;246;land;false;jungle;3
2236;55;224;242;land;false;desert;5
2237;235;231;80;land;false;desert;5
2238;232;25;251;land;true;mountain;4
2239;245;197;103;land;false;plains;4
2240;74;223;241;land;false;hills;6
2241;244;251;42;land;false;forest;3
2242;248;237;181;land;true;plains;6
2243;190;224;214;land;true;jungle;2
2244;186;158;182;land;false;plains;1
2245;72;253;203;land;false;plains;5
2246;190;238;100;land;false;hills;6
2247;210;248;108;land;false;hills;7
2248;248;194;116;land;false;plains;2
2249;232;244;134;land;false;jungle;3
2250;74;246;196;land;true;plains;5
2251;191;233;242;land;false;hills;1
2252;123;227;174;land;true;plains;4
2253;237;236;127;land;true;forest;4
2254;252;239;92;land;false;forest;4
2255;229;195;97;land;false;desert;2
2256;247;36;243;land;true;forest;2
2257;235;206;220;land;false;plains;5
2258;148;207;228;land;false;forest;4
2259;118;230;191;land;true;hills;7
2260;131;210;204;land;false;forest;3
2261;236;169;210;land;true;jungle;6
2262;222;228;169;land;true;urban;5
2263;25;250;228;land;true;jungle;1
2264;252;201;232;land;false;mountain;4
2265;247;37;231;land;false;desert;2
2266;225;184;160;land;false;marsh;3
2267;133;214;234;land;true;forest;2
2268;104;238;159;land;false;desert;5
2269;147;231;179;land;false;forest;4
2270;197;166;179;land;false;forest;4
2271;202;179;129;land;false;plains;6
2272;140;148;224;land;false;hills;1
2273;233;183;248;land;true;plains;2
2274;245;170;86;land;true;forest;6
2275;219;140;234;land;true;hills;2
2276;244;133;230;land;false;forest;4
2277;254;202;216;land;false;forest;5
2278;223;92;248;land;false;hills;6
2279;228;190;175;land;false;forest;4
2280;99;250;190;land;false;desert;5
2281;252;249;139;land;true;marsh;4
2282;203;198;222;land;false;plains;4
2283;245;150;222;land;false;forest;4
2284;237;235;67;land;false;jungle;3
2285;188;180;230;land;true;jungle;6
2286;215;226;248;land;false;plains;6
2287;232;183;139;land;true;jungle;1
2288;196;222;249;land;true;forest;4
2289;237;102;165;land;false;forest;4
2290;216;67;251;land;false;mountain;2
2291;188;206;119;land;false;jungle;5
2292;137;216;182;land;true;hills;7
2293;208;160;153;land;true;forest;3
2294;229;200;241;land;false;forest;4
2295;200;193;175;land;true;jungle;3
2296;243;208;109;land;false;forest;6
2297;230;153;192;land;false;plains;1
2298;215;238;157;land;false;forest;4
2299;172;194;208;land;true;plains;6
2300;236;230;123;land;true;jungle;1
2301;215;190;116;land;false;forest;5
2302;177;146;212;land;false;jungle;5
2303;174;252;155;land;false;forest;6
2304;162;187;214;land;false;forest;4
2305;230;254;23;land;true;jungle;1
2306;178;143;213;land;false;plains;2
2307;194;177;130;land;false;plains;2
2308;186;244;90;land;false;hills;6
2309;175;228;214;land;true;plains;1
2310;243;153;188;land;true;desert;6
2311;157;223;134;land;false;forest;4
2312;202;252;177;land;false;desert;6
2313;227;220;120;land;true;plains;6
2314;241;167;243;land;false;jungle;6
2315;125;254;244;land;false;desert;5
2316;196;225;209;land;false;forest;4
2317;126;158;246;land;false;forest;4
2318;111;209;183;land;false;forest;4
2319;215;207;195;land;true;forest;2
2320;178;185;192;land;false;desert;3
2321;219;246;221;land;true;plains;6
2322;200;176;249;land;false;desert;4
2323;235;52;233;land;false;hills;7
2324;137;192;209;land;false;jungle;1
2325;185;178;254;land;false;hills;6
2326;124;238;148;land;false;jungle;5
2327;229;241;156;land;true;plains;4
2328;173;100;246;land;true;jungle;2
2329;206;236;204;land;false;forest;4
2330;111;254;156;land;true;plains;4
2331;252;108;238;land;false;forest;4
2332;127;217;194;land;false;forest;4
2333;170;219;174;land;false;jungle;2
2334;200;254;183;land;false;plains;6
2335;184;165;186;land;false;forest;6
2336;223;90;209;land;false;plains;4
2337;247;170;129;land;false;jungle;5
2338;196;131;175;land;false;hills;6
2339;142;237;197;land;false;plains;4
2340;218;198;250;land;false;plains;6
2341;129;203;206;land;true;mountain;4
2342;147;218;152;land;false;forest;1
2343;125;232;229;land;false;jungle;6
2344;252;253;165;land;false;forest;3
2345;131;199;197;land;false;forest;2
2346;186;122;250;land;true;jungle;6
2347;77;222;217;land;false;jungle;1
2348;254;245;241;land;false;jungle;3
2349;225;245;36;land;true;plains;6
2350;189;181;245;land;true;plains;4
2351;145;225;138;land;false;plains;4
2352;235;154;219;land;false;marsh;5
2353;111;233;172;land;false;forest;4
2354;251;211;52;land;true;jungle;6
2355;254;139;185;land;false;mountain;6
2356;215;241;241;land;true;hills;3
2357;108;234;205;land;true;plains;2
2358;151;240;141;land;false;hills;5
2359;105;192;232;land;false;plains;6
2360;151;121;247;land;true;jungle;2
2361;206;234;120;land;false;hills;2
2362;158;223;146;land;true;marsh;6
2363;241;134;135;land;false;hills;6
2364;200;180;237;land;false;forest;2
2365;90;236;187;land;false;forest;6
2366;196;111;227;land;true;plains;6
2367;222;195;208;land;false;hills;6
2368;193;252;121;land;true;hills;1
2369;197;244;151;land;false;forest;6
2370;90;208;225;land;false;jungle;3
2371;172;228;249;land;false;jungle;2
2372;66;242;227;land;true;jungle;6
2373;203;199;171;land;false;hills;6
2374;231;200;241;land;false;forest;6
2375;227;107;217;land;true;hills;2
2376;229;135;191;land;false;plains;6
2377;197;192;229;land;false;forest;4
2378;205;63;252;land;false;hills;6
2379;212;186;164;land;false;plains;2
2380;222;142;220;land;false;desert;6
2381;173;227;165;land;false;desert;5
2382;240;253;40;land;true;jungle;6
2383;158;200;218;land;true;forest;4
2384;112;222;216;land;true;hills;4
2385;196;151;192;land;false;plains;6
2386;233;127;143;land;false;mountain;3
2387;193;134;196;land;false;hills;6
2388;182;198;157;land;false;forest;4
2389;31;250;240;land;false;jungle;2
2390;147;151;224;land;false;desert;6
2391;192;246;128;land;false;forest;2
2392;203;242;237;land;false;plains;2
2393;233;189;191;land;false;forest;4
2394;237;20;250;land;false;plains;6
2395;237;225;127;land;false;hills;1
2396;143;210;200;land;false;desert;6
2397;228;224;86;land;false;desert;5
2398;251;212;221;land;false;jungle;1
2399;222;214;252;land;false;desert;5
2400;187;124;208;land;false;forest;5
2401;189;159;211;land;true;forest;4
2402;59;232;213;land;false;desert;5
2403;212;227;144;land;false;plains;5
2404;163;247;249;land;false;forest;2
2405;252;202;182;land;false;forest;4
2406;214;151;252;land;false;jungle;3
2407;232;191;228;land;false;forest;4
2408;206;251;183;land;false;hills;7
2409;85;215;217;land;false;plains;6
2410;248;129;212;land;false;hills;1
2411;198;217;245;land;false;mountain;3
2412;200;199;114;land;false;hills;6
2413;216;237;226;land;false;urban;5
2414;218;109;190;land;false;forest;2
2415;239;157;204;land;false;jungle;1
2416;210;249;211;land;false;desert;5
2417;223;62;240;land;false;desert;6
2418;207;202;134;land;false;forest;4
2419;43;247;245;land;false;forest;4
2420;225;125;250;land;true;mountain;3
2421;164;210;156;land;true;forest;5
2422;168;249;247;land;false;mountain;6
2423;79;220;253;land;false;plains;5
2424;72;193;251;land;false;desert;3
2425;156;175;181;land;false;plains;5
2426;156;207;223;land;false;forest;5
2427;130;217;236;land;true;plains;6
2428;190;231;178;land;true;plains;4
2429;217;188;184;land;false;plains;5
2430;175;130;206;land;false;forest;4
2431;127;206;189;land;true;jungle;1
2432;234;125;200;land;false;desert;5
2433;123;160;228;land;true;forest;4
2434;186;184;176;land;true;forest;4
2435;253;155;149;land;false;plains;6
2436;237;67;221;land;false;jungle;6
2437;227;88;188;land;false;plains;1
2438;251;126;134;land;false;desert;2
2439;77;249;192;land;true;desert;2
2440;198;200;147;land;false;desert;5
2441;249;218;117;land;false;hills;6
2442;222;197;87;land;true;hills;6
2443;238;79;251;land;true;jungle;2
2444;214;70;243;land;false;forest;3
2445;246;240;243;land;true;forest;4
2446;203;74;229;land;true;forest;6
2447;214;248;101;land;false;hills;2
2448;244;202;202;land;false;forest;1
2449;254;62;252;land;false;hills;2
2450;145;253;179;land;false;hills;6
2451;204;250;227;land;false;mountain;6
2452;225;136;195;land;true;jungle;3
2453;251;224;124;land;true;forest;4
2454;201;92;217;land;false;jungle;3
2455;165;163;205;land;true;jungle;6
2456;199;202;181;land;false;desert;3
2457;199;90;231;land;true;plains;6
2458;156;251;244;land;true;hills;2
2459;176;177;232;land;false;mountain;6
2460;245;207;157;land;false;mountain;5
2461;201;235;189;land;false;desert;2
2462;237;198;108;land;false;forest;4
2463;212;182;122;land;false;plains;4
2464;222;241;148;land;false;forest;2
2465;92;249;241;land;true;jungle;1
2466;195;164;229;land;false;jungle;6
2467;219;241;112;land;false;mountain;3
2468;185;146;248;land;true;jungle;6
2469;240;169;148;land;true;plains;5
2470;242;235;126;land;false;forest;1
2471;199;193;189;land;false;forest;4
2472;138;155;217;land;false;hills;6
2473;243;54;217;land;false;mountain;6
2474;137;239;238;land;false;forest;4
2475;107;178;226;land;false;jungle;4
2476;173;169;170;land;false;plains;6
2477;249;103;216;land;true;hills;6
2478;169;178;178;land;true;plains;4
2479;233;159;217;land;false;hills;6
2480;244;138;119;land;false;jungle;5
2481;213;224;254;land;false;forest;1
2482;243;242;141;land;false;hills;6
2483;212;223;149;land;false;forest;4
2484;230;71;232;land;false;desert;5
2485;51;234;234;land;true;hills;7
2486;217;206;132;land;false;mountain;4
2487;194;135;241;land;false;hills;6
2488;151;205;244;land;true;mountain;6
2489;148;211;247;land;false;desert;5
2490;242;73;211;land;false;hills;6
2491;247;141;204;land;false;mountain;4
2492;160;187;161;land;true;plains;7
2493;172;222;195;land;true;plains;6
2494;190;224;173;land;false;hills;6
2495;197;100;214;land;false;plains;4
2496;222;217;251;land;false;plains;4
2497;200;194;229;land;false;forest;6
2498;239;144;230;land;true;desert;2
2499;242;217;234;land;false;plains;2
2500;136;191;208;land;true;jungle;2
2501;156;181;191;land;false;plains;4
2502;177;170;197;land;false;forest;4
2503;216;146;179;land;false;forest;4
2504;240;115;191;land;false;desert;7
2505;170;254;219;land;false;forest;2
2506;195;241;109;land;true;jungle;6
2507;212;80;230;land;true;desert;7
2508;96;229;210;land;false;forest;1
2509;126;169;212;land;true;jungle;5
2510;195;216;198;land;false;forest;4
2511;126;245;173;land;true;forest;6
2512;247;122;223;land;true;hills;6
2513;185;192;194;land;false;plains;2
2514;158;225;154;land;false;forest;6
2515;161;226;221;land;false;desert;3
2516;254;125;176;land;false;forest;5
2517;251;71;251;land;false;hills;2
2518;226;173;140;land;false;hills;6
2519;110;228;181;land;true;hills;7
2520;196;167;233;land;true;hills;6
2521;253;246;251;land;false;plains;2
2522;236;86;210;land;false;forest;2
2523;153;181;242;land;false;plains;5
2524;159;153;192;land;false;plains;2
2525;181;140;192;land;false;mountain;5
2526;76;222;228;land;false;jungle;6
2527;246;212;200;land;false;hills;6
2528;177;237;115;land;false;jungle;3
2529;188;192;141;land;false;forest;4
2530;133;222;244;land;false;plains;4
2531;203;80;222;land;false;desert;5
2532;203;155;219;land;false;hills;1
2533;225;89;253;land;false;desert;7
2534;228;241;56;land;false;hills;6
2535;184;155;174;land;false;desert;5
2536;192;228;125;land;false;desert;6
2537;97;210;232;land;false;forest;4
2538;243;233;137;land;false;hills;6
2539;164;247;149;land;false;forest;4
2540;252;149;101;land;true;plains;6
2541;127;209;197;land;false;forest;3
2542;101;225;214;land;false;forest;4
2543;88;230;252;land;false;plains;2
2544;180;193;228;land;false;forest;3
2545;123;232;201;land;false;forest;4
2546;160;185;219;land;true;plains;6
2547;111;237;159;land;false;jungle;3
2548;199;139;192;land;false;plains;3
2549;235;86;216;land;true;jungle;6
2550;148;227;147;land;false;hills;6
2551;243;177;124;land;false;hills;6
2552;252;118;131;land;false;plains;2
2553;250;182;144;land;true;plains;2
2554;120;236;171;land;false;plains;5
2555;233;171;213;land;false;forest;4
2556;209;162;140;land;false;forest;6
2557;252;215;42;land;true;jungle;1
2558;206;104;198;land;false;plains;6
2559;175;219;145;land;false;forest;4
2560;243;98;251;land;true;forest;2
2561;253;208;57;land;false;hills;6
2562;166;166;200;land;true;jungle;1
2563;216;203;187;land;true;jungle;6
2564;190;132;196;land;false;desert;4
2565;147;233;165;land;false;plains;2
2566;83;230;204;land;true;desert;2
2567;175;223;246;land;false;jungle;3
2568;195;235;184;land;false;plains;3
2569;134;151;254;land;false;hills;6
2570;70;227;215;land;false;forest;2
2571;247;144;241;land;false;forest;6
2572;248;224;106;land;false;forest;4
2573;219;187;98;land;false;desert;2
2574;226;234;87;land;true;jungle;2
2575;199;183;226;land;false;plains;2
2576;74;251;223;land;false;plains;2
2577;89;210;246;land;true;hills;6
2578;119;233;238;land;true;forest;3
2579;173;226;138;land;false;desert;6
2580;74;197;244;land;false;plains;4
2581;244;203;234;land;false;desert;4
2582;161;138;205;land;true;forest;4
2583;249;218;153;land;false;forest;4
2584;197;110;228;land;false;plains;5
2585;148;234;146;land;false;hills;6
2586;199;130;175;land;false;hills;6
2587;136;191;234;land;false;desert;3
2588;250;137;139;land;true;jungle;3
2589;251;204;117;land;false;plains;6
2590;164;214;146;land;true;forest;2
2591;93;200;219;land;false;plains;1
2592;243;236;174;land;true;plains;4
2593;132;120;254;land;true;jungle;6
2594;244;227;116;land;false;forest;5
2595;98;202;253;land;false;hills;6
2596;157;242;254;land;false;desert;5
2597;241;75;186;land;true;forest;4
2598;182;151;204;land;false;plains;6
2599;157;252;123;land;false;jungle;3
2600;229;182;238;land;true;plains;6
2601;198;243;138;land;false;forest;5
2602;116;185;242;land;false;forest;4
2603;53;240;228;land;false;hills;4
2604;204;215;234;land;false;marsh;5
2605;229;136;248;land;true;hills;1
2606;156;117;241;land;false;forest;4
2607;189;212;130;land;false;plains;6
2608;126;219;240;land;false;desert;5
2609;233;165;177;land;false;jungle;6
2610;216;196;211;land;true;forest;2
2611;245;165;214;land;false;forest;3
2612;230;77;230;land;false;hills;6
2613;254;156;239;land;false;hills;6
2614;151;212;146;land;false;plains;6
2615;254;76;176;land;false;forest;2
2616;169;251;101;land;false;mountain;3
2617;245;72;247;land;false;desert;5
2618;229;209;152;land;false;mountain;4
2619;164;225;117;land;false;desert;5
2620;189;200;118;land;false;hills;7
2621;191;224;189;land;false;hills;6
2622;249;239;229;land;true;plains;6
2623;203;100;253;land;false;hills;3
2624;254;217;213;land;false;plains;6
2625;151;206;149;land;false;forest;4
2626;250;42;231;land;false;plains;3
2627;174;198;196;land;false;jungle;3
2628;214;220;230;land;false;hills;6
2629;245;178;114;land;false;forest;6
2630;133;142;230;land;false;jungle;2
2631;241;252;103;land;false;hills;6
2632;252;148;207;land;true;marsh;6
2633;253;240;39;land;false;jungle;3
2634;205;212;162;land;false;jungle;3
2635;123;181;200;land;true;hills;3
2636;228;179;130;land;false;hills;7
2637;70;230;240;land;false;mountain;1
2638;95;241;231;land;false;mountain;5
2639;155;216;158;land;true;forest;4
2640;112;221;206;land;true;plains;3
2641;239;43;228;land;false;jungle;3
2642;219;186;213;land;false;forest;6
2643;218;63;229;land;true;forest;2
2644;248;239;185;land;true;jungle;6
2645;245;251;75;land;false;jungle;1
2646;202;227;164;land;false;plains;6
2647;208;226;104;land;false;plains;2
2648;125;172;218;land;true;jungle;6
2649;57;249;249;land;false;jungle;2
2650;154;140;233;land;false;hills;6
2651;139;238;134;land;false;jungle;3
2652;163;186;192;land;false;desert;4
2653;180;212;151;land;false;forest;1
2654;231;55;243;land;false;plains;4
2655;182;158;198;land;false;plains;2
2656;234;241;126;land;false;desert;2
2657;207;134;203;land;false;jungle;5
2658;244;158;218;land;true;plains;6
2659;248;144;204;land;false;desert;3
2660;224;206;88;land;false;forest;5
2661;228;222;86;land;true;hills;1
2662;221;57;227;land;true;desert;7
2663;184;198;225;land;false;desert;2
2664;196;129;184;land;false;hills;3
2665;187;138;195;land;false;plains;3
2666;239;190;139;land;true;urban;5
2667;194;238;137;land;true;forest;4
2668;251;202;144;land;false;jungle;3
2669;243;46;248;land;false;forest;3
2670;226;207;108;land;true;jungle;2
2671;230;236;234;land;false;forest;4
2672;219;161;138;land;false;hills;1
2673;234;116;175;land;false;hills;6
2674;144;157;225;land;false;desert;5
2675;105;194;212;land;false;forest;5
2676;199;100;204;land;false;jungle;3
2677;67;229;238;land;false;desert;2
2678;153;206;201;land;false;desert;5
2679;206;194;180;land;false;jungle;2
2680;233;193;177;land;false;hills;6
2681;187;114;236;land;true;jungle;2
2682;162;231;202;land;false;forest;4
2683;116;160;242;land;false;hills;6
2684;185;214;201;land;false;forest;2
2685;248;248;115;land;false;forest;6
2686;223;128;160;land;false;jungle;5
2687;242;119;219;land;false;forest;2
2688;229;216;89;land;false;plains;6
2689;227;227;211;land;false;forest;4
2690;210;161;252;land;false;plains;4
2691;181;226;148;land;false;plains;5
2692;191;251;75;land;false;plains;1
2693;248;211;196;land;false;plains;6
2694;227;194;95;land;false;hills;6
2695;248;169;166;land;false;mountain;2
2696;178;242;136;land;false;desert;5
2697;207;145;254;land;false;plains;5
2698;68;217;239;land;true;jungle;2
2699;234;95;202;land;true;plains;1
2700;243;171;209;land;true;jungle;2
2701;218;227;199;land;true;forest;4
2702;228;246;212;land;false;marsh;5
2703;253;233;179;land;false;forest;4
2704;85;231;240;land;false;forest;2
2705;164;155;236;land;true;jungle;6
2706;202;79;230;land;false;forest;5
2707;178;234;223;land;true;forest;1
2708;246;218;128;land;true;jungle;6
2709;231;163;170;land;false;jungle;1
2710;237;112;227;land;false;forest;1
2711;181;155;208;land;false;desert;3
2712;240;243;125;land;false;hills;6
2713;229;64;214;land;false;plains;2
2714;148;222;242;land;false;forest;6
2715;245;252;23;land;false;jungle;2
2716;231;249;36;land;false;hills;7
2717;215;230;146;land;false;forest;2
2718;243;118;250;land;true;forest;4
2719;227;120;249;land;false;mountain;4
2720;207;233;64;land;false;forest;4
2721;195;241;179;land;false;jungle;3
2722;110;253;161;land;true;plains;4
2723;174;242;164;land;false;forest;4
2724;243;198;215;land;false;hills;6
2725;163;220;143;land;false;urban;5
2726;203;111;252;land;false;hills;6
2727;112;243;226;land;true;plains;2
2728;161;205;215;land;false;forest;4
2729;237;207;184;land;false;hills;2
2730;249;135;160;land;false;jungle;1
2731;213;187;187;land;true;plains;6
2732;233;167;222;land;false;desert;5
2733;153;250;230;land;true;forest;2
2734;224;208;231;land;false;forest;3
2735;215;228;147;land;true;plains;5
2736;204;226;170;land;false;hills;6
2737;253;99;175;land;false;forest;5
2738;203;190;156;land;false;jungle;1
2739;213;250;201;land;false;jungle;1
2740;217;161;200;land;false;hills;5
2741;205;244;169;land;false;desert;5
2742;252;193;229;land;true;jungle;2
2743;230;181;210;land;false;hills;1
2744;212;240;148;land;true;plains;6
2745;70;234;233;land;false;desert;6
2746;152;225;170;land;false;desert;4
2747;224;186;197;land;true;jungle;1
2748;213;98;237;land;false;desert;5
2749;77;239;238;land;false;jungle;1
2750;200;134;190;land;false;desert;6
2751;252;206;163;land;false;forest;4
2752;241;251;48;land;false;desert;6
2753;202;112;232;land;false;forest;4
2754;215;154;212;land;false;plains;4
2755;199;181;181;land;true;forest;2
2756;251;212;165;land;false;forest;4
2757;222;234;63;land;false;plains;4
2758;222;220;165;land;false;desert;3
2759;201;230;106;land;false;hills;6
2760;218;246;234;land;false;hills;6
2761;139;252;244;land;false;desert;4
2762;90;243;173;land;false;hills;6
2763;241;204;77;land;false;forest;1
2764;219;160;138;land;false;desert;4
2765;210;252;215;land;false;plains;5
2766;223;209;182;land;true;forest;4
2767;181;113;239;land;false;forest;4
2768;220;240;116;land;false;desert;3
2769;216;151;166;land;true;plains;5
2770;164;212;251;land;false;hills;6
2771;166;114;247;land;false;plains;5
2772;111;225;209;land;true;jungle;6
2773;215;219;110;land;false;forest;6
2774;201;179;157;land;false;hills;6
2775;148;178;187;land;true;jungle;6
2776;218;186;185;land;false;jungle;3
2777;198;177;208;land;false;plains;4
2778;157;193;187;land;false;forest;4
2779;152;238;168;land;false;forest;4
2780;193;155;246;land;false;hills;6
2781;157;222;157;land;false;hills;3
2782;204;190;250;land;false;plains;6
2783;212;159;241;land;false;hills;6
2784;185;186;188;land;false;forest;6
2785;133;227;208;land;false;jungle;3
2786;243;117;151;land;false;jungle;3
2787;127;233;209;land;false;hills;6
2788;171;240;149;land;false;hills;2
2789;194;152;213;land;false;plains;1
2790;219;50;253;land;false;hills;2
2791;241;223;142;land;false;jungle;6
2792;192;109;200;land;true;hills;4
2793;192;227;132;land;false;desert;6
2794;133;199;227;land;true;plains;5
2795;141;215;187;land;false;hills;6
2796;190;207;171;land;false;plains;6
2797;223;186;118;land;false;jungle;3
2798;172;216;254;land;false;forest;1
2799;117;206;233;land;false;jungle;3
2800;226;60;219;land;true;plains;2
2801;188;199;163;land;false;hills;3
2802;101;154;254;land;false;hills;6
2803;192;249;216;land;false;hills;6
2804;234;79;242;land;false;plains;4
2805;168;212;158;land;true;hills;2
2806;185;150;232;land;true;hills;7
2807;234;213;188;land;false;jungle;3
2808;243;253;121;land;false;forest;2
2809;217;168;210;land;false;hills;6
2810;119;220;202;land;true;plains;4
2811;227;235;139;land;true;hills;6
2812;98;237;250;land;false;plains;6
2813;110;219;186;land;false;hills;6
2814;251;160;102;land;true;forest;4
2815;238;180;100;land;false;hills;3
2816;121;200;185;land;false;jungle;3
2817;174;250;143;land;true;plains;6
2818;177;228;202;land;true;forest;7
2819;238;97;238;land;true;jungle;6
2820;198;203;112;land;true;jungle;6
2821;180;165;229;land;true;forest;3
2822;186;125;197;land;false;hills;2
2823;202;160;167;land;false;jungle;3
2824;242;237;32;land;false;hills;6
2825;164;96;246;land;true;jungle;6
2826;215;98;234;land;true;mountain;4
2827;180;99;241;land;false;desert;4
2828;176;224;239;land;true;jungle;6
2829;116;173;222;land;true;jungle;2
2830;246;201;131;land;false;desert;5
2831;194;201;213;land;false;forest;4
2832;183;151;181;land;false;hills;6
2833;216;104;237;land;true;jungle;2
2834;215;147;205;land;false;hills;6
2835;211;133;184;land;false;forest;6
2836;240;123;230;land;true;plains;3
2837;120;227;222;land;false;jungle;3
2838;232;178;120;land;false;hills;6
2839;214;184;154;land;false;hills;6
2840;138;212;241;land;false;plains;4
2841;227;201;156;land;false;desert;6
2842;203;208;122;land;false;desert;7
2843;174;151;222;land;true;desert;2
2844;248;240;131;land;false;hills;6
2845;200;200;129;land;false;desert;5
2846;83;241;191;land;true;plains;1
2847;165;229;225;land;false;mountain;4
2848;219;190;238;land;false;plains;1
2849;104;235;230;land;true;forest;3
2850;245;90;172;land;false;forest;4
2851;198;250;129;land;false;plains;2
2852;156;195;234;land;true;forest;6
2853;122;223;175;land;true;marsh;6
2854;230;195;96;land;false;jungle;1
2855;195;158;182;land;true;jungle;2
2856;195;115;242;land;false;forest;4
2857;169;157;253;land;false;jungle;3
2858;130;244;232;land;false;hills;6
2859;143;224;177;land;false;jungle;2
2860;184;198;181;land;false;hills;6
2861;204;112;205;land;false;jungle;6
2862;173;191;203;land;false;jungle;3
2863;173;136;249;land;false;plains;5
2864;138;241;129;land;false;jungle;6
2865;219;169;182;land;true;plains;1
2866;128;160;239;land;false;forest;4
2867;94;228;207;land;true;hills;7
2868;241;41;224;land;false;hills;6
2869;147;253;191;land;true;jungle;2
2870;236;242;244;land;false;forest;4
2871;238;80;237;land;true;jungle;1
2872;95;212;251;land;true;forest;4
2873;233;217;183;land;false;jungle;1
2874;251;245;135;land;true;marsh;6
2875;234;162;148;land;false;forest;5
2876;228;39;246;land;false;forest;5
2877;168;168;235;land;true;plains;6
2878;91;221;238;land;false;plains;4
2879;136;201;217;land;true;jungle;6
2880;236;119;188;land;false;mountain;4
2881;234;152;155;land;false;forest;6
2882;248;90;202;land;false;desert;5
2883;224;249;93;land;false;hills;6
2884;221;116;205;land;true;plains;1
2885;42;230;238;land;true;hills;6
2886;172;116;215;land;false;plains;5
2887;157;221;154;land;false;forest;4
2888;252;220;160;land;false;jungle;1
2889;44;236;238;land;false;jungle;3
2890;161;221;170;land;false;plains;4
2891;184;230;110;land;false;forest;1
2892;156;210;164;land;false;hills;6
2893;252;57;245;land;false;jungle;6
2894;113;171;252;land;false;jungle;1
2895;105;253;199;land;false;jungle;6
2896;235;181;183;land;false;jungle;3
2897;243;237;50;land;false;plains;5
2898;200;127;174;land;true;plains;5
2899;233;210;147;land;true;plains;2
2900;191;81;249;land;false;forest;4
2901;171;244;88;land;false;forest;4
2902;205;136;197;land;false;forest;5
2903;177;140;224;land;false;hills;6
2904;215;220;182;land;false;hills;6
2905;230;82;197;land;true;jungle;1
2906;202;196;152;land;false;hills;2
2907;73;192;246;land;true;plains;6
2908;189;209;219;land;false;desert;5
2909;211;222;209;land;true;plains;4
2910;251;200;129;land;false;plains;2
2911;205;135;216;land;false;desert;5
2912;70;236;198;land;true;hills;2
2913;87;236;183;land;true;jungle;6
2914;234;174;233;land;false;forest;1
2915;254;138;157;land;false;jungle;3
2916;238;90;236;land;false;hills;6
2917;208;171;173;land;true;desert;2
2918;102;218;219;land;true;jungle;1
2919;196;219;219;land;false;jungle;3
2920;241;119;229;land;false;plains;2
2921;135;247;244;land;false;mountain;5
2922;195;248;229;land;true;jungle;2
2923;186;188;239;land;false;desert;5
2924;220;250;145;land;false;plains;4
2925;202;158;239;land;true;plains;2
2926;221;212;118;land;false;forest;6
2927;205;251;126;land;false;forest;4
2928;165;159;221;land;false;desert;6
2929;32;235;244;land;false;plains;4
2930;195;170;189;land;false;plains;6
2931;245;182;112;land;false;jungle;1
2932;215;186;187;land;true;jungle;1
2933;196;168;150;land;true;plains;1
2934;229;250;109;land;false;jungle;2
2935;253;209;154;land;false;plains;6
2936;156;224;178;land;false;plains;6
2937;254;235;209;land;false;plains;6
2938;88;238;237;land;false;forest;4
2939;240;134;137;land;true;jungle;6
2940;151;136;244;land;false;plains;6
2941;88;224;195;land;false;jungle;3
2942;254;115;252;land;true;desert;5
2943;170;243;230;land;false;desert;5
2944;240;78;203;land;false;plains;2
2945;134;199;210;land;true;forest;4
2946;99;176;240;land;true;jungle;6
2947;224;183;217;land;false;desert;5
2948;203;61;241;land;true;jungle;6
2949;254;171;243;land;false;jungle;3
2950;233;196;189;land;false;desert;5
2951;198;221;239;land;false;desert;5
2952;34;239;245;land;false;plains;6
2953;138;228;241;land;false;desert;5
2954;109;233;254;land;false;forest;4
2955;233;115;241;land;false;forest;4
2956;247;224;241;land;true;plains;6
2957;196;216;229;land;true;jungle;2
2958;180;244;252;land;false;plains;6
2959;231;73;208;land;false;plains;2
2960;167;205;130;land;false;mountain;5
2961;149;235;145;land;true;jungle;2
2962;235;249;201;land;false;forest;4
2963;218;44;249;land;false;plains;7
2964;210;191;184;land;false;hills;6
2965;161;191;205;land;true;jungle;6
2966;233;173;136;land;false;mountain;6
2967;172;78;253;land;false;hills;6
2968;223;234;107;land;false;hills;6
2969;163;251;254;land;false;desert;5
2970;126;226;175;land;false;mountain;4
2971;150;224;188;land;false;plains;4
2972;241;136;210;land;false;hills;6
2973;248;234;172;land;false;jungle;3
2974;177;206;212;land;false;forest;2
2975;219;119;220;land;false;desert;5
2976;188;190;153;land;false;forest;5
2977;228;197;251;land;false;forest;6
2978;224;109;248;land;false;desert;3
2979;235;190;119;land;true;plains;1
2980;194;199;136;land;true;forest;2
2981;167;226;156;land;false;forest;4
2982;239;226;182;land;false;plains;4
2983;220;246;75;land;true;desert;2
2984;233;224;163;land;false;plains;7
2985;239;254;12;land;false;plains;6
2986;99;170;241;land;false;hills;6
2987;167;175;201;land;false;forest;1
2988;211;248;128;land;false;jungle;3
2989;56;251;242;land;false;jungle;3
2990;247;208;237;land;false;plains;2
2991;246;106;219;land;false;plains;2
2992;241;201;137;land;false;forest;4
2993;191;107;213;land;false;hills;6
2994;217;246;185;land;false;hills;7
2995;201;128;214;land;false;forest;2
2996;91;249;181;land;false;jungle;6
2997;199;216;90;land;true;plains;4
2998;158;171;247;land;false;desert;5
2999;142;213;168;land;true;forest;7
3000;247;232;175;land;false;hills;6
3001;246;72;242;land;false;forest;3
3002;178;115;242;land;false;plains;4
3003;202;103;197;land;false;hills;5
3004;156;176;188;land;false;plains;6
3005;206;131;238;land;true;plains;1
3006;181;109;241;land;true;jungle;2
3007;218;153;200;land;true;forest;2
3008;253;53;222;land;true;forest;4
3009;232;98;232;land;false;forest;4
3010;237;227;81;land;true;desert;6
3011;92;239;176;land;false;marsh;5
3012;180;111;218;land;false;jungle;1
3013;140;233;166;land;false;jungle;6
3014;127;203;185;land;false;hills;6
3015;223;196;245;land;false;desert;6
3016;251;203;68;land;false;hills;6
3017;161;169;228;land;true;desert;2
3018;244;193;178;land;true;forest;4
3019;243;119;211;land;false;desert;6
3020;156;172;173;land;false;forest;2
3021;202;164;186;land;false;forest;4
3022;59;221;251;land;false;forest;1
3023;238;170;172;land;false;jungle;3
3024;132;240;194;land;false;desert;6
3025;206;90;222;land;false;plains;3
3026;103;218;244;land;false;hills;6
3027;217;199;226;land;true;desert;6
3028;203;147;163;land;false;plains;4
3029;237;161;249;land;false;forest;5
3030;195;221;218;land;false;plains;1
3031;253;183;67;land;false;forest;4
3032;237;163;157;land;true;jungle;1
3033;250;177;127;land;false;hills;6
3034;224;117;180;land;false;hills;1
3035;223;164;162;land;true;jungle;2
3036;207;240;115;land;false;jungle;2
3037;171;202;150;land;false;plains;2
3038;200;237;142;land;true;desert;2
3039;194;234;213;land;false;forest;2
3040;232;160;142;land;true;hills;6
3041;254;120;225;land;false;forest;4
3042;213;184;251;land;false;forest;3
3043;202;239;189;land;false;hills;6
3044;254;193;178;land;false;jungle;6
3045;110;182;217;land;true;jungle;6
3046;245;141;123;land;false;hills;2
3047;131;231;239;land;false;jungle;3
3048;226;146;182;land;false;jungle;3
3049;210;122;171;land;false;jungle;6
3050;229;180;102;land;false;hills;6
3051;252;239;38;land;false;mountain;4
3052;136;176;242;land;false;jungle;2
3053;227;190;246;land;false;forest;4
3054;215;118;183;land;false;desert;5
3055;192;183;140;land;true;forest;3
3056;210;177;248;land;false;plains;5
3057;249;224;118;land;false;forest;4
3058;222;192;226;land;false;hills;6
3059;219;185;176;land;false;hills;6
3060;252;76;194;land;true;jungle;2
3061;220;183;138;land;false;mountain;5
3062;196;161;212;land;false;jungle;6
3063;215;68;248;land;false;jungle;2
3064;251;159;154;land;true;desert;5
3065;179;109;253;land;true;plains;4
3066;201;191;119;land;false;marsh;4
3067;181;201;137;land;false;plains;6
3068;96;202;252;land;true;jungle;1
3069;220;144;181;land;false;plains;6
3070;198;99;209;land;true;hills;6
3071;224;153;142;land;true;desert;2
3072;244;220;226;land;true;jungle;2
3073;252;205;238;land;true;jungle;2
3074;185;236;85;land;false;forest;5
3075;228;217;92;land;false;plains;4
3076;234;162;128;land;true;forest;4
3077;233;40;235;land;false;jungle;3
3078;207;176;162;land;false;jungle;3
3079;240;196;84;land;false;mountain;4
3080;166;199;200;land;false;jungle;3
3081;213;169;223;land;true;forest;2
3082;194;192;119;land;true;jungle;6
3083;91;253;204;land;false;forest;4
3084;250;223;155;land;true;mountain;5
3085;191;166;200;land;true;plains;6
3086;191;200;180;land;false;forest;6
3087;220;213;173;land;false;desert;5
3088;76;210;229;land;false;forest;6
3089;226;223;212;land;false;hills;6
3090;175;169;253;land;true;plains;2
3091;221;227;111;land;true;forest;4
3092;254;247;135;land;true;jungle;1
3093;105;219;245;land;false;desert;7
3094;149;248;129;land;true;forest;4
3095;82;251;171;land;false;hills;6
3096;214;251;105;land;true;plains;2
3097;46;247;254;land;false;hills;6
3098;239;77;249;land;false;plains;7
3099;248;166;250;land;false;desert;3
3100;249;195;130;land;false;plains;1
3101;175;126;243;land;false;desert;3
3102;56;240;223;land;false;forest;2
3103;99;189;251;land;true;jungle;6
3104;237;247;110;land;false;forest;4
3105;232;178;114;land;true;plains;4
3106;92;204;236;land;false;hills;6
3107;158;190;228;land;false;forest;4
3108;213;65;249;land;false;jungle;3
3109;142;163;238;land;true;jungle;2
3110;124;185;254;land;false;desert;3
3111;134;173;195;land;true;desert;3
3112;249;177;131;land;false;hills;6
3113;103;238;249;land;false;forest;1
3114;112;232;228;land;false;plains;1
3115;100;247;219;land;true;forest;2
3116;152;250;197;land;true;hills;2
3117;226;242;141;land;false;desert;5
3118;217;174;193;land;true;hills;7
3119;236;182;125;land;false;desert;5
3120;215;251;155;land;false;forest;2
3121;112;221;216;land;true;jungle;1
3122;153;115;254;land;true;forest;2
3123;88;172;243;land;true;desert;2
3124;219;97;253;land;false;forest;1
3125;216;248;83;land;false;plains;6
3126;123;189;197;land;false;forest;4
3127;198;134;213;land;false;mountain;4
3128;239;134;181;land;true;forest;2
3129;226;174;242;land;false;hills;6
3130;102;157;254;land;false;forest;2
3131;159;199;191;land;false;plains;7
3132;178;167;243;land;true;jungle;5
3133;71;237;199;land;false;forest;6
3134;142;197;230;land;false;hills;6
3135;230;124;211;land;false;forest;4
3136;146;177;218;land;false;hills;1
3137;236;241;28;land;false;plains;6
3138;177;207;188;land;true;plains;5
3139;191;179;243;land;true;plains;2
3140;171;169;175;land;true;desert;6
3141;192;165;206;land;false;plains;2
3142;145;174;214;land;true;jungle;6
3143;141;242;118;land;false;forest;6
3144;253;139;126;land;true;jungle;6
3145;169;162;199;land;false;forest;4
3146;217;221;229;land;true;plains;1
3147;149;207;165;land;true;forest;4
3148;246;212;226;land;false;plains;5
3149;186;96;252;land;false;hills;2
3150;232;168;164;land;false;plains;2
3151;213;139;246;land;false;jungle;2
3152;183;229;214;land;false;jungle;3
3153;210;193;135;land;false;hills;6
3154;245;236;92;land;true;forest;2
3155;160;226;231;land;false;hills;6
3156;215;149;204;land;false;plains;2
3157;254;224;150;land;false;forest;5
3158;244;226;33;land;false;plains;1
3159;149;184;198;land;false;plains;6
3160;207;146;229;land;true;jungle;6
3161;204;137;247;land;false;forest;6
3162;236;227;180;land;true;jungle;2
3163;132;225;228;land;false;urban;5
3164;190;71;253;land;false;forest;4
3165;200;140;215;land;true;jungle;6
3166;183;73;253;land;false;plains;1
3167;225;142;163;land;false;forest;4
3168;156;122;236;land;false;jungle;6
3169;99;203;246;land;false;jungle;2
3170;67;250;227;land;true;plains;6
3171;185;130;217;land;false;plains;4
3172;245;30;233;land;false;jungle;3
3173;212;200;211;land;false;plains;6
3174;140;173;194;land;true;forest;3
3175;239;196;69;land;false;plains;4
3176;123;224;209;land;false;hills;2
3177;207;100;198;land;false;forest;4
3178;223;147;183;land;false;forest;4
3179;189;230;229;land;false;mountain;3
3180;215;230;82;land;false;hills;6
3181;123;240;249;land;false;jungle;3
3182;249;196;175;land;false;hills;1
3183;209;94;235;land;true;desert;6
3184;147;231;229;land;false;desert;2
3185;231;236;183;land;false;plains;4
3186;195;186;121;land;false;forest;4
3187;177;231;148;land;false;plains;7
3188;65;224;215;land;true;urban;5
3189;217;126;182;land;false;marsh;5
3190;189;175;177;land;false;plains;2
3191;203;235;248;land;false;desert;4
3192;217;212;249;land;true;forest;2
3193;79;247;241;land;false;plains;5
3194;242;222;42;land;true;jungle;1
3195;243;68;229;land;false;plains;4
3196;225;157;140;land;false;plains;4
3197;131;250;211;land;false;jungle;3
3198;153;242;141;land;true;mountain;3
3199;215;252;183;land;false;plains;6
3200;216;108;189;land;false;desert;5
3201;172;221;140;land;false;jungle;5
3202;235;204;134;land;false;mountain;4
3203;144;166;240;land;true;plains;1
3204;170;233;193;land;false;forest;4
3205;254;250;245;land;false;forest;5
3206;201;237;99;land;true;hills;1
3207;93;243;184;land;false;jungle;2
3208;101;154;247;land;false;forest;4
3209;225;129;179;land;true;desert;2
3210;180;170;173;land;false;desert;6
3211;183;218;213;land;false;plains;2
3212;172;219;161;land;true;plains;2
3213;253;246;35;land;true;forest;2
3214;107;254;155;land;true;plains;2
3215;182;150;207;land;false;forest;4
3216;158;239;168;land;false;forest;2
3217;235;69;207;land;false;hills;5
3218;188;128;238;land;false;plains;4
3219;87;195;229;land;false;forest;1
3220;188;149;241;land;true;forest;2
3221;188;251;242;land;false;forest;4
3222;204;238;70;land;true;plains;4
3223;202;227;100;land;true;plains;6
3224;175;253;122;land;false;desert;6
3225;242;58;241;land;true;plains;1
3226;173;202;162;land;false;forest;4
3227;237;175;163;land;false;forest;6
3228;239;122;247;land;false;hills;5
3229;228;152;237;land;false;mountain;2
3230;241;114;161;land;false;mountain;3
3231;226;247;53;land;false;forest;5
3232;223;243;118;land;true;hills;2
3233;213;193;167;land;false;jungle;1
3234;150;191;176;land;false;hills;3
3235;196;141;195;land;false;desert;5
3236;234;145;246;land;false;desert;5
3237;186;195;244;land;false;mountain;2
3238;241;246;60;land;true;desert;5
3239;153;169;232;land;true;forest;4
3240;115;193;196;land;false;desert;4
3241;254;70;219;land;false;jungle;6
3242;212;161;234;land;false;jungle;2
3243;199;237;108;land;false;forest;6
3244;70;220;236;land;true;plains;7
3245;74;217;252;land;false;forest;6
3246;112;224;226;land;false;forest;4
3247;109;183;223;land;true;plains;4
3248;200;161;163;land;false;plains;3
3249;81;225;238;land;true;jungle;2
3250;252;200;102;land;false;mountain;4
3251;184;226;140;land;false;plains;2
3252;251;153;176;land;false;mountain;5
3253;228;187;179;land;false;forest;6
3254;167;140;222;land;false;plains;2
3255;242;82;244;land;false;jungle;2
3256;45;233;248;land;true;jungle;6
3257;252;238;235;land;false;hills;2
3258;168;175;220;land;false;plains;4
3259;197;160;170;land;false;plains;6
3260;218;128;251;land;false;desert;3
3261;159;187;198;land;false;plains;4
3262;201;208;245;land;true;mountain;4
3263;179;219;124;land;true;hills;2
3264;199;237;172;land;false;desert;6
3265;185;231;135;land;false;forest;2
3266;92;233;212;land;false;forest;4
3267;235;140;216;land;false;desert;5
3268;251;192;218;land;false;hills;1
3269;202;252;93;land;false;forest;1
3270;151;189;227;land;true;jungle;1
3271;250;62;203;land;false;jungle;3
3272;232;92;234;land;true;plains;3
3273;139;166;219;land;false;forest;4
3274;247;195;142;land;true;hills;1
3275;244;67;238;land;false;forest;2
3276;152;222;143;land;true;jungle;2
3277;248;229;129;land;false;forest;4
3278;160;218;164;land;false;forest;6
3279;198;203;158;land;false;jungle;1
3280;234;181;225;land;true;forest;2
3281;236;161;119;land;true;plains;4
3282;243;221;164;land;false;hills;6
3283;237;136;203;land;false;desert;3
3284;223;192;229;land;true;plains;1
3285;190;123;226;land;false;plains;2
3286;231;243;247;land;false;hills;6
3287;215;143;254;land;true;plains;2
3288;189;224;89;land;false;hills;6
3289;235;152;231;land;false;desert;6
3290;220;145;198;land;true;plains;4
3291;184;197;141;land;true;forest;6
3292;247;204;96;land;false;hills;2
3293;240;254;202;land;false;desert;4
3294;148;247;246;land;true;hills;3
3295;189;220;167;land;false;desert;4
3296;200;243;182;land;false;jungle;1
3297;168;158;245;land;true;jungle;1
3298;207;121;246;land;false;hills;6
3299;200;248;168;land;false;hills;6
3300;253;208;65;land;true;plains;2
3301;236;209;238;land;false;jungle;3
3302;252;224;137;land;true;jungle;6
3303;241;169;229;land;false;plains;2
3304;248;32;227;land;false;mountain;3
3305;197;247;202;land;false;desert;7
3306;244;120;158;land;false;forest;1
3307;245;230;112;land;false;desert;5
3308;208;200;118;land;false;jungle;1
3309;167;221;215;land;true;forest;2
3310;229;170;180;land;false;plains;1
3311;200;148;205;land;false;desert;4
3312;196;206;115;land;true;jungle;6
3313;227;240;133;land;false;forest;6
3314;105;215;238;land;false;desert;5
3315;118;198;210;land;true;plains;4
3316;30;229;243;land;true;forest;2
3317;139;173;197;land;true;forest;2
3318;235;133;189;land;true;plains;6
3319;227;131;239;land;false;forest;2
3320;171;135;197;land;true;jungle;6
3321;198;89;247;land;false;hills;6
3322;186;188;187;land;true;marsh;4
3323;245;155;131;land;false;mountain;6
3324;157;240;197;land;false;hills;1
3325;193;243;196;land;true;jungle;3
3326;142;247;229;land;false;desert;4
3327;195;213;201;land;true;plains;4
3328;215;177;230;land;true;hills;2
3329;121;228;240;land;false;forest;2
3330;166;225;248;land;false;forest;4
3331;205;220;233;land;false;plains;2
3332;242;177;102;land;true;forest;3
3333;231;43;237;land;false;jungle;1
3334;209;236;60;land;false;plains;2
3335;221;180;230;land;false;mountain;2
3336;204;167;162;land;false;forest;5
3337;165;168;245;land;false;plains;6
3338;185;238;195;land;false;plains;1
3339;229;59;230;land;false;plains;5
3340;175;223;196;land;false;plains;1
3341;86;233;253;land;false;jungle;1
3342;171;139;250;land;false;jungle;3
3343;246;72;220;land;false;plains;6
3344;225;254;173;land;false;plains;2
3345;152;168;230;land;true;forest;4
3346;220;225;221;land;false;hills;2
3347;221;138;231;land;true;mountain;5
3348;170;173;166;land;false;forest;4
3349;212;194;119;land;true;forest;2
3350;236;191;127;land;false;desert;5
3351;245;196;105;land;false;plains;3
3352;246;105;182;land;false;plains;6
3353;156;228;175;land;false;hills;7
3354;236;208;100;land;false;forest;2
3355;152;244;184;land;false;forest;4
3356;244;196;91;land;false;hills;6
3357;135;208;183;land;true;jungle;6
3358;87;208;208;land;false;jungle;3
3359;191;212;107;land;false;forest;2
3360;204;164;188;land;false;plains;2
3361;185;224;127;land;false;hills;6
3362;122;235;244;land;false;hills;6
3363;249;191;147;land;false;forest;2
3364;224;251;238;land;true;plains;1
3365;220;51;254;land;true;desert;2
3366;241;38;229;land;false;desert;5
3367;138;191;225;land;false;forest;1
3368;252;167;249;land;false;forest;1
3369;223;224;141;land;false;forest;6
3370;66;245;237;land;true;jungle;3
3371;234;76;195;land;true;plains;4
3372;173;111;229;land;false;plains;5
3373;240;240;126;land;true;forest;5
3374;183;177;253;land;false;forest;4
3375;161;225;194;land;true;hills;1
3376;221;110;175;land;false;forest;4
3377;206;195;216;land;true;plains;4
3378;241;100;180;land;false;mountain;5
3379;200;83;244;land;false;jungle;3
3380;240;45;229;land;true;jungle;2
3381;240;173;240;land;false;forest;2
3382;250;175;79;land;false;desert;6
3383;172;214;216;land;false;mountain;1
3384;241;180;158;land;false;plains;1
3385;130;245;150;land;false;hills;6
3386;188;208;160;land;false;plains;5
3387;199;172;183;land;false;plains;2
3388;240;129;153;land;true;jungle;3
3389;232;114;211;land;false;forest;4
3390;175;197;168;land;true;hills;2
3391;245;190;163;land;false;forest;4
3392;206;95;212;land;true;plains;4
3393;252;84;220;land;true;forest;2
3394;211;246;73;land;false;forest;2
3395;222;73;213;land;false;desert;5
3396;153;204;224;land;true;jungle;2
3397;177;137;229;land;false;forest;4
3398;228;206;78;land;false;desert;4
3399;203;217;156;land;false;desert;2
3400;152;209;242;land;false;plains;5
3401;177;123;233;land;false;hills;7
3402;188;221;206;land;true;hills;7
3403;189;202;223;land;false;forest;2
3404;147;184;229;land;false;jungle;2
3405;220;147;247;land;true;jungle;2
3406;194;155;197;land;false;desert;7
3407;251;251;161;land;false;plains;4
3408;191;150;243;land;false;desert;6
3409;128;243;202;land;true;desert;3
3410;213;140;163;land;false;plains;1
3411;147;218;237;land;false;hills;6
3412;219;240;201;land;false;mountain;3
3413;253;139;167;land;false;forest;4
3414;100;245;201;land;false;marsh;3
3415;209;137;193;land;true;forest;1
3416;243;246;34;land;false;forest;4
3417;216;221;102;land;false;plains;1
3418;177;107;230;land;false;plains;4
3419;236;246;74;land;false;hills;7
3420;252;163;104;land;false;jungle;3
3421;222;195;169;land;true;desert;5
3422;184;160;208;land;true;forest;4
3423;250;240;125;land;false;plains;3
3424;157;201;232;land;false;desert;5
3425;216;67;248;land;false;forest;3
3426;177;251;224;land;false;plains;2
3427;244;219;219;land;false;jungle;3
3428;218;243;202;land;false;forest;6
3429;183;159;176;land;false;hills;6
3430;241;132;201;land;false;desert;5
3431;227;135;149;land;false;forest;4
3432;143;244;242;land;false;desert;4
3433;203;120;218;land;false;desert;5
3434;148;159;203;land;false;forest;4
3435;219;146;188;land;false;forest;2
3436;194;249;200;land;false;forest;4
3437;232;250;201;land;false;plains;5
3438;213;204;152;land;true;forest;4
3439;194;241;99;land;false;mountain;7
3440;251;238;100;land;true;plains;4
3441;240;203;254;land;true;plains;4
3442;78;232;206;land;false;plains;6
3443;144;229;145;land;false;hills;6
3444;198;183;124;land;true;mountain;4
3445;220;177;249;land;false;plains;4
3446;211;241;183;land;false;plains;4
3447;243;244;195;land;false;jungle;2
3448;166;240;207;land;true;jungle;2
3449;231;167;241;land;true;forest;2
3450;189;232;233;land;true;desert;6
3451;225;199;201;land;false;hills;6
3452;225;204;181;land;true;hills;2
3453;95;218;237;land;false;forest;5
3454;254;195;184;land;true;plains;1
3455;170;227;165;land;false;desert;6
3456;53;241;216;land;true;plains;6
3457;200;201;162;land;false;plains;6
3458;171;252;146;land;true;desert;5
3459;209;228;107;land;false;plains;2
3460;180;76;246;land;false;forest;2
3461;140;227;182;land;false;jungle;3
3462;78;192;253;land;true;desert;7
3463;140;156;247;land;true;plains;6
3464;240;158;166;land;false;forest;4
3465;79;254;207;land;false;jungle;5
3466;91;228;220;land;false;plains;5
3467;249;15;239;land;false;forest;4
3468;204;196;198;land;false;forest;5
3469;163;235;121;land;false;forest;4
3470;253;134;221;land;false;plains;5
3471;221;92;246;land;false;desert;6
3472;157;99;246;land;false;desert;5
3473;193;246;193;land;true;plains;2
3474;200;223;174;land;true;plains;1
3475;234;60;216;land;true;jungle;1
3476;98;211;195;land;true;hills;7
3477;195;192;202;land;false;forest;1
3478;205;183;249;land;false;hills;5
3479;241;251;108;land;true;jungle;1
3480;237;52;251;land;true;forest;2
3481;109;168;251;land;false;hills;7
3482;211;142;217;land;false;hills;6
3483;87;251;248;land;false;mountain;4
3484;142;200;181;land;false;plains;4
3485;234;120;254;land;false;desert;5
3486;181;240;114;land;true;plains;6
3487;163;243;123;land;false;forest;4
3488;167;171;190;land;false;forest;1
3489;203;132;237;land;false;hills;1
3490;230;135;175;land;true;jungle;6
3491;236;205;145;land;true;jungle;2
3492;98;248;179;land;false;plains;2
3493;215;251;193;land;false;forest;4
3494;147;141;242;land;true;forest;4
3495;210;212;200;land;false;forest;4
3496;180;239;111;land;false;hills;6
3497;165;225;211;land;false;hills;3
3498;206;241;152;land;true;forest;5
3499;214;203;125;land;false;forest;3
3500;211;244;137;land;false;jungle;1
3501;251;159;228;land;false;hills;7
3502;236;118;155;land;false;hills;6
3503;221;208;117;land;true;jungle;1
3504;108;164;234;land;true;jungle;2
3505;199;104;229;land;false;forest;6
3506;198;160;221;land;false;plains;4
3507;213;107;218;land;false;forest;4
3508;109;199;215;land;false;plains;2
3509;194;144;242;land;false;hills;6
3510;227;201;164;land;false;desert;6
3511;180;217;157;land;false;plains;3
3512;250;121;191;land;false;forest;4
3513;117;245;198;land;false;desert;5
3514;236;247;141;land;false;plains;1
3515;226;204;202;land;false;forest;6
3516;192;135;178;land;false;forest;6
3517;162;91;251;land;false;jungle;1
3518;209;202;174;land;false;forest;2
3519;245;164;130;land;false;forest;6
3520;139;150;240;land;false;hills;7
3521;188;147;252;land;false;marsh;3
3522;134;210;160;land;false;hills;6
3523;180;252;220;land;false;forest;6
3524;173;104;245;land;true;plains;2
3525;82;199;226;land;true;jungle;2
3526;99;239;190;land;false;jungle;6
3527;85;195;221;land;false;hills;6
3528;239;135;130;land;false;forest;6
3529;192;185;252;land;false;jungle;2
3530;36;233;235;land;false;desert;4
3531;227;253;102;land;true;jungle;1
3532;178;106;249;land;false;hills;1
3533;221;229;92;land;true;hills;2
3534;102;179;234;land;false;desert;3
3535;208;218;111;land;true;plains;7
3536;184;74;252;land;false;plains;1
3537;106;225;239;land;true;desert;2
3538;219;156;239;land;true;forest;4
3539;122;225;238;land;false;forest;4
3540;66;193;250;land;true;forest;2
3541;241;120;246;land;true;jungle;6
3542;243;247;37;land;false;forest;4
3543;211;150;238;land;true;jungle;3
3544;254;229;144;land;true;plains;4
3545;242;148;128;land;true;forest;2
3546;73;243;244;land;true;jungle;6
3547;143;197;175;land;false;desert;5
3548;135;203;211;land;true;jungle;2
3549;248;169;87;land;false;plains;6
3550;205;247;72;land;true;plains;1
3551;218;253;41;land;true;jungle;6
3552;221;237;203;land;false;plains;3
3553;249;249;64;land;false;plains;2
3554;240;55;227;land;false;hills;6
3555;249;224;211;land;true;hills;2
3556;166;186;219;land;false;plains;2
3557;236;168;112;land;false;desert;3
3558;162;174;236;land;false;plains;4
3559;204;200;132;land;false;hills;4
3560;164;199;218;land;true;forest;3
3561;226;215;236;land;false;desert;2
3562;138;246;138;land;false;plains;5
3563;251;215;186;land;false;plains;5
3564;85;247;194;land;false;desert;4
3565;247;162;97;land;false;plains;6
3566;239;184;110;land;false;forest;4
3567;196;97;229;land;false;forest;4
3568;186;166;231;land;true;plains;4
3569;151;251;215;land;false;plains;2
3570;215;60;243;land;false;jungle;3
3571;103;223;225;land;false;plains;5
3572;248;200;109;land;false;jungle;6
3573;239;136;151;land;true;plains;2
3574;216;239;105;land;false;plains;2
3575;218;145;226;land;false;desert;2
3576;125;190;248;land;false;plains;4
3577;203;195;246;land;true;jungle;6
3578;169;253;163;land;true;plains;6
3579;228;76;212;land;false;forest;1
3580;101;201;219;land;false;jungle;2
3581;211;164;161;land;false;plains;2
3582;175;152;199;land;true;plains;6
3583;232;73;201;land;false;jungle;6
3584;209;100;218;land;true;plains;1
3585;217;186;168;land;false;plains;7
3586;210;159;246;land;false;marsh;6
3587;175;238;235;land;false;plains;1
3588;109;149;252;land;true;desert;1
3589;218;71;239;land;true;forest;2
3590;227;198;160;land;false;forest;2
3591;186;207;207;land;false;plains;1
3592;164;207;254;land;false;forest;5
3593;214;225;229;land;false;plains;6
3594;202;204;123;land;false;hills;6
3595;176;197;144;land;false;mountain;6
3596;241;219;48;land;false;forest;3
3597;125;211;181;land;false;forest;4
3598;228;80;200;land;false;desert;3
3599;220;134;181;land;true;jungle;6
3600;179;175;228;land;false;desert;5
3601;252;185;188;land;false;hills;6
3602;220;123;178;land;true;forest;4
3603;240;225;91;land;false;forest;4
3604;74;248;206;land;false;hills;6
3605;235;70;229;land;true;hills;2
3606;126;245;227;land;false;mountain;5
3607;217;190;117;land;false;hills;1
3608;162;202;178;land;false;forest;4
3609;242;176;191;land;true;hills;3
3610;39;218;252;land;false;forest;6
3611;237;128;162;land;true;desert;5
3612;156;197;168;land;false;plains;1
3613;226;210;152;land;false;desert;3
3614;139;135;249;land;false;forest;5
3615;241;160;134;land;false;hills;6
3616;199;218;155;land;false;plains;1
3617;238;212;68;land;false;plains;4
3618;135;246;252;land;true;desert;7
3619;98;179;253;land;false;jungle;3
3620;196;171;146;land;true;hills;6
3621;185;185;144;land;false;desert;2
3622;124;222;210;land;true;forest;4
3623;243;198;145;land;true;jungle;7
3624;223;173;149;land;false;forest;7
3625;203;216;178;land;true;plains;6
3626;160;197;251;land;false;hills;5
3627;236;145;194;land;false;plains;5
3628;208;238;194;land;true;forest;7
3629;150;187;201;land;true;jungle;1
3630;135;181;248;land;false;forest;6
3631;220;173;155;land;false;hills;6
3632;209;188;221;land;true;jungle;3
3633;192;62;249;land;false;plains;1
3634;160;193;168;land;false;plains;5
3635;177;173;254;land;true;hills;7
3636;181;208;167;land;true;jungle;2
3637;112;254;240;land;false;mountain;7
3638;229;106;223;land;false;jungle;3
3639;251;138;229;land;false;forest;4
3640;172;219;252;land;false;mountain;4
3641;54;246;242;land;false;forest;4
3642;244;182;165;land;true;plains;6
3643;155;232;175;land;false;jungle;3
3644;229;154;188;land;false;hills;6
3645;149;186;182;land;false;plains;5
3646;245;147;223;land;false;plains;6
3647;17;254;240;land;false;forest;2
3648;228;220;82;land;false;desert;7
3649;212;248;188;land;false;plains;4
3650;51;230;250;land;true;jungle;1
3651;203;242;139;land;true;jungle;2
3652;235;230;224;land;false;mountain;4
3653;163;129;212;land;false;plains;2
3654;184;186;182;land;false;plains;5
3655;225;177;208;land;true;forest;4
3656;228;199;183;land;false;plains;1
3657;144;221;138;land;false;hills;6
3658;173;239;173;land;false;plains;6
3659;228;182;174;land;true;plains;7
3660;205;171;191;land;true;jungle;6
3661;208;75;234;land;true;forest;4
3662;199;200;206;land;false;plains;6
3663;250;251;240;land;true;hills;2
3664;220;197;186;land;false;hills;6
3665;229;137;246;land;false;jungle;3
3666;164;143;196;land;false;forest;4
3667;115;251;205;land;false;forest;1
3668;113;230;207;land;false;jungle;6
3669;122;218;166;land;true;forest;1
3670;187;220;96;land;false;marsh;3
3671;83;235;226;land;false;forest;4
3672;226;238;200;land;true;forest;4
3673;177;180;148;land;true;plains;1
3674;195;146;182;land;false;mountain;4
3675;252;236;236;land;false;hills;6
3676;201;202;212;land;false;forest;6
3677;35;222;247;land;false;forest;4
3678;166;163;179;land;false;hills;6
3679;83;217;210;land;true;hills;7
3680;213;154;220;land;false;desert;3
3681;178;191;183;land;false;hills;3
3682;226;99;243;land;true;hills;6
3683;164;167;172;land;true;forest;4
3684;213;239;128;land;true;forest;6
3685;238;99;218;land;false;jungle;1
3686;197;182;240;land;true;plains;4
3687;35;236;234;land;false;jungle;3
3688;245;47;211;land;false;forest;2
3689;67;237;218;land;false;urban;5
3690;217;246;46;land;true;plains;3
3691;185;238;167;land;false;hills;5
3692;195;124;237;land;false;mountain;4
3693;124;220;248;land;false;jungle;3
3694;221;151;136;land;false;hills;6
3695;146;202;208;land;false;forest;4
3696;250;221;154;land;false;hills;6
3697;202;200;199;land;true;forest;4
3698;219;118;221;land;false;hills;6
3699;203;195;176;land;false;forest;4
3700;232;250;107;land;false;desert;3
3701;223;92;188;land;true;jungle;6
3702;160;188;215;land;true;forest;6
3703;111;254;140;land;false;jungle;6
3704;107;240;198;land;false;plains;7
3705;185;144;195;land;false;jungle;6
3706;191;229;225;land;true;forest;2
3707;196;211;178;land;true;plains;3
3708;150;184;206;land;true;forest;6
3709;209;172;193;land;false;plains;6
3710;210;146;232;land;false;plains;6
3711;204;76;243;land;false;forest;2
3712;208;202;172;land;false;plains;2
3713;218;247;182;land;true;plains;3
3714;209;222;133;land;true;hills;7
3715;190;252;113;land;false;hills;6
3716;190;246;65;land;true;plains;2
3717;87;228;230;land;true;forest;4
3718;115;222;242;land;false;marsh;6
3719;141;119;252;land;false;forest;5
3720;190;219;112;land;false;forest;2
3721;235;246;214;land;false;hills;6
3722;144;233;178;land;false;forest;4
3723;191;169;236;land;true;plains;6
3724;152;220;191;land;false;jungle;6
3725;129;192;249;land;false;plains;4
3726;139;219;232;land;false;forest;4
3727;241;228;92;land;false;desert;5
3728;228;236;195;land;false;mountain;6
3729;174;122;228;land;true;desert;2
3730;81;248;215;land;false;forest;4
3731;253;248;198;land;false;forest;2
3732;155;249;218;land;true;hills;1
3733;158;248;250;land;false;plains;4
3734;224;142;210;land;true;jungle;6
3735;182;220;168;land;true;plains;2
3736;201;116;251;land;false;jungle;6
3737;248;209;163;land;false;plains;4
3738;236;151;182;land;false;mountain;2
3739;214;157;156;land;false;hills;6
3740;250;183;194;land;true;forest;1
3741;113;231;176;land;true;hills;7
3742;229;173;187;land;false;hills;6
3743;213;160;191;land;true;hills;4
3744;234;243;79;land;false;desert;5
3745;239;251;147;land;false;jungle;6
3746;226;235;231;land;true;forest;2
3747;249;140;187;land;true;jungle;6
3748;246;176;125;land;false;jungle;3
3749;140;177;235;land;false;plains;2
3750;238;57;242;land;true;plains;4
3751;122;242;196;land;true;forest;6
3752;251;138;181;land;false;forest;4
3753;229;214;156;land;false;plains;5
3754;209;90;217;land;true;desert;6
3755;172;104;240;land;true;forest;6
3756;156;154;208;land;false;forest;2
3757;178;240;162;land;false;hills;6
3758;86;249;183;land;false;jungle;3
3759;101;252;209;land;false;plains;4
3760;149;109;248;land;false;hills;1
3761;121;222;179;land;true;plains;6
3762;188;209;110;land;false;forest;4
3763;191;223;92;land;false;forest;6
3764;246;238;56;land;false;plains;6
3765;90;222;240;land;true;mountain;4
3766;172;113;251;land;false;plains;5
3767;99;243;254;land;true;hills;7
3768;230;168;144;land;false;mountain;6
3769;197;112;239;land;false;desert;6
3770;119;243;192;land;false;mountain;6
3771;184;211;229;land;false;hills;1
3772;251;233;119;land;false;forest;2
3773;214;178;189;land;false;forest;6
3774;189;110;214;land;false;mountain;4
3775;192;171;144;land;true;hills;7
3776;152;247;238;land;true;jungle;6
3777;212;121;233;land;false;urban;5
3778;181;179;243;land;false;desert;2
3779;222;177;113;land;false;hills;6
3780;246;154;217;land;false;hills;6
3781;108;243;235;land;true;plains;7
3782;180;206;173;land;false;jungle;3
3783;98;229;242;land;true;jungle;2
3784;200;245;242;land;false;hills;6
3785;241;163;98;land;false;forest;3
3786;184;164;252;land;false;plains;6
3787;210;245;137;land;true;plains;1
3788;253;143;199;land;true;desert;3
3789;220;249;42;land;true;plains;2
3790;231;204;115;land;true;jungle;2
3791;84;239;253;land;false;hills;2
3792;104;251;198;land;true;desert;2
3793;136;230;172;land;true;plains;1
3794;186;160;183;land;false;forest;5
3795;106;234;170;land;true;plains;6
3796;102;198;236;land;true;jungle;6
3797;201;223;98;land;false;jungle;3
3798;153;238;236;land;false;desert;5
3799;96;250;240;land;false;plains;6
3800;149;195;216;land;true;forest;4
3801;203;221;168;land;false;plains;6
3802;135;174;211;land;false;jungle;2
3803;216;174;120;land;false;forest;2
3804;220;244;253;land;true;hills;1
3805;218;120;176;land;false;jungle;3
3806;183;144;219;land;true;plains;7
3807;238;235;132;land;false;plains;4
3808;158;208;161;land;false;plains;4
3809;220;202;118;land;false;hills;1
3810;221;182;148;land;false;desert;6
3811;154;226;137;land;false;jungle;3
3812;157;250;197;land;true;desert;3
3813;217;162;132;land;false;plains;6
3814;231;130;249;land;true;plains;5
3815;137;213;227;land;false;jungle;5
3816;156;176;244;land;false;desert;7
3817;253;242;231;land;false;desert;5
3818;238;220;201;land;false;desert;6
3819;172;194;183;land;false;hills;6
3820;248;227;145;land;true;plains;1
3821;214;178;250;land;false;hills;6
3822;222;131;149;land;true;forest;6
3823;112;208;219;land;false;jungle;3
3824;239;235;38;land;true;forest;5
3825;249;106;181;land;true;forest;5
3826;140;206;193;land;false;desert;6
3827;214;242;224;land;true;jungle;6
3828;240;203;165;land;true;jungle;2
3829;238;229;79;land;true;hills;5
3830;157;254;133;land;false;desert;3
3831;247;69;194;land;false;hills;2
3832;35;238;245;land;true;jungle;2
3833;226;227;220;land;true;plains;6
3834;222;82;221;land;true;forest;6
3835;200;159;157;land;false;forest;6
3836;87;252;214;land;true;hills;6
3837;217;169;126;land;true;forest;2
3838;229;198;177;land;false;jungle;1
3839;161;240;159;land;true;hills;6
3840;254;108;140;land;false;jungle;3
3841;198;194;180;land;false;plains;4
3842;216;200;229;land;true;hills;7
3843;238;246;225;land;true;hills;6
3844;153;206;232;land;false;desert;5
3845;174;157;198;land;false;forest;4
3846;213;249;253;land;false;desert;6
3847;121;196;220;land;true;forest;4
3848;127;155;249;land;true;forest;6
3849;183;162;173;land;false;desert;6
3850;148;215;197;land;true;jungle;6
3851;160;189;219;land;false;forest;4
3852;182;173;207;land;false;jungle;1
3853;113;220;193;land;false;plains;2
3854;126;206;252;land;true;plains;4
3855;206;84;214;land;false;hills;7
3856;236;109;164;land;true;forest;1
3857;121;220;184;land;true;jungle;1
3858;218;217;165;land;true;jungle;6
3859;156;238;126;land;false;forest;2
3860;238;251;207;land;false;forest;4
3861;112;200;234;land;true;jungle;6
3862;215;210;128;land;false;plains;3
3863;190;101;245;land;false;desert;5
3864;240;202;132;land;true;marsh;6
3865;239;84;245;land;false;forest;4
3866;154;137;215;land;false;plains;6
3867;170;166;212;land;false;jungle;3
3868;131;207;196;land;false;forest;4
3869;210;206;159;land;true;hills;7
3870;188;102;221;land;true;hills;3
3871;15;237;254;land;false;plains;5
3872;213;207;165;land;false;forest;4
3873;246;176;124;land;false;hills;6
3874;228;231;230;land;false;marsh;5
3875;233;218;206;land;false;hills;5
3876;241;156;234;land;true;jungle;6
3877;251;211;62;land;false;plains;2
3878;185;141;235;land;false;forest;4
3879;147;180;245;land;true;forest;4
3880;214;122;243;land;false;plains;5
3881;124;204;195;land;false;hills;6
3882;165;198;221;land;false;hills;1
3883;223;236;164;land;false;forest;4
3884;177;218;160;land;false;plains;4
3885;206;171;162;land;true;hills;2
3886;241;143;145;land;true;jungle;6
3887;226;134;176;land;true;plains;2
3888;188;159;210;land;false;plains;2
3889;243;132;242;land;true;desert;5
3890;208;120;244;land;false;jungle;2
3891;178;161;226;land;false;desert;4
3892;46;245;224;land;false;forest;4
3893;187;253;128;land;false;hills;7
3894;216;150;237;land;true;jungle;2
3895;193;170;235;land;false;forest;4
3896;233;238;61;land;false;hills;1
3897;185;113;248;land;true;jungle;2
3898;203;203;149;land;true;plains;3
3899;223;219;59;land;true;forest;4
3900;161;196;200;land;true;forest;4
3901;244;156;105;land;false;desert;6
3902;251;249;165;land;false;desert;6
3903;196;87;228;land;false;desert;5
3904;132;227;178;land;false;forest;4
3905;190;97;220;land;false;hills;6
3906;227;164;241;land;false;forest;4
3907;222;177;250;land;false;mountain;1
3908;254;84;227;land;false;jungle;3
3909;191;179;190;land;false;jungle;5
3910;171;207;230;land;true;jungle;6
3911;254;167;180;land;false;forest;4
3912;36;237;254;land;false;forest;4
3913;197;248;145;land;false;forest;4
3914;199;206;164;land;false;desert;4
3915;182;191;250;land;false;desert;3
3916;166;117;244;land;true;jungle;2
3917;197;241;154;land;false;forest;4
3918;193;127;235;land;true;desert;2
3919;178;243;172;land;false;jungle;6
3920;134;195;221;land;false;hills;7
3921;213;159;193;land;true;hills;2
3922;218;238;74;land;false;plains;5
3923;156;165;200;land;false;jungle;1
3924;236;196;213;land;true;forest;4
3925;251;193;253;land;false;forest;4
3926;207;103;253;land;false;forest;4
3927;252;224;227;land;false;jungle;3
3928;242;96;245;land;true;plains;7
3929;174;222;129;land;true;mountain;4
3930;116;252;164;land;true;jungle;6
3931;208;82;251;land;false;forest;6
3932;147;179;195;land;true;forest;4
3933;142;232;200;land;false;desert;2
3934;204;129;180;land;false;jungle;3
3935;226;160;222;land;false;desert;5
3936;165;223;152;land;true;plains;5
3937;106;191;225;land;true;jungle;3
3938;177;177;158;land;false;plains;6
3939;28;244;235;land;false;forest;4
3940;195;212;171;land;false;jungle;3
3941;85;191;251;land;false;jungle;5
3942;192;165;236;land;true;plains;1
3943;239;211;247;land;false;plains;5
3944;233;60;219;land;false;plains;1
3945;155;131;246;land;false;plains;2
3946;250;78;184;land;true;plains;2
3947;240;182;117;land;true;plains;6
3948;217;192;183;land;false;mountain;6
3949;157;199;219;land;false;plains;2
3950;207;254;223;land;true;jungle;2
3951;62;250;243;land;false;desert;3
3952;227;67;249;land;false;forest;4
3953;125;181;236;land;false;jungle;1
3954;219;138;185;land;false;plains;4
3955;179;253;240;land;false;hills;2
3956;180;224;219;land;false;plains;1
3957;228;243;81;land;false;forest;1
3958;232;226;131;land;true;forest;4
3959;214;58;246;land;false;forest;4
3960;205;132;192;land;false;forest;4
3961;248;195;211;land;true;desert;7
3962;208;229;138;land;false;mountain;6
3963;114;153;248;land;false;jungle;1
3964;252;220;48;land;false;desert;5
3965;142;149;230;land;false;desert;7
3966;175;243;168;land;true;plains;5
3967;244;252;74;land;false;hills;6
3968;217;222;138;land;true;forest;4
3969;202;247;184;land;false;forest;4
3970;198;135;220;land;false;plains;4
3971;165;242;254;land;false;plains;5
3972;166;189;173;land;true;plains;6
3973;201;253;184;land;true;plains;1
3974;223;243;91;land;true;hills;6
3975;232;197;167;land;true;plains;4
3976;143;115;247;land;false;jungle;3
3977;143;236;252;land;true;mountain;4
3978;209;206;215;land;true;forest;4
3979;144;162;233;land;false;forest;3
3980;177;219;131;land;true;jungle;7
3981;222;214;198;land;false;plains;5
3982;80;226;212;land;false;forest;3
3983;52;241;218;land;true;jungle;2
3984;185;237;151;land;true;plains;3
3985;216;201;163;land;true;forest;4
3986;252;175;207;land;false;forest;4
3987;180;187;194;land;false;urban;5
3988;239;210;111;land;true;forest;6
3989;195;104;202;land;false;hills;6
3990;116;216;198;land;true;jungle;2
3991;204;236;78;land;true;plains;1
3992;206;169;185;land;true;forest;6
3993;208;129;187;land;false;forest;2
3994;183;153;239;land;false;jungle;3
3995;247;89;190;land;false;forest;4
3996;196;238;187;land;true;plains;6
3997;240;158;210;land;false;hills;1
3998;251;173;163;land;true;plains;1
3999;87;220;197;land;false;plains;5
4000;201;169;206;land;false;forest;4
4001;85;243;252;land;false;desert;5
4002;228;253;48;land;true;jungle;6
4003;147;174;193;land;true;hills;2
4004;110;225;249;land;false;plains;1
4005;76;224;212;land;false;jungle;3
4006;180;187;239;land;false;forest;6
4007;253;224;134;land;false;plains;7
4008;155;200;179;land;false;hills;7
4009;209;203;98;land;false;hills;6
4010;225;225;98;land;false;desert;2
4011;204;218;242;land;false;desert;4
4012;115;181;245;land;false;plains;1
4013;205;174;217;land;false;forest;5
4014;237;214;113;land;false;forest;6
4015;239;239;209;land;false;jungle;5
4016;232;179;166;land;false;jungle;1
4017;214;138;179;land;false;hills;6
4018;152;134;229;land;true;forest;2
4019;225;139;251;land;false;forest;5
4020;116;247;232;land;true;forest;6
4021;233;59;233;land;false;desert;5
4022;186;124;194;land;false;plains;6
4023;223;112;220;land;true;forest;6
4024;168;115;247;land;true;plains;6
4025;155;94;253;land;false;hills;6
4026;231;125;213;land;true;jungle;3
4027;117;178;210;land;true;marsh;6
4028;237;136;210;land;true;jungle;2
4029;78;226;203;land;true;desert;5
4030;119;167;240;land;false;hills;6
4031;157;209;175;land;true;plains;2
4032;242;212;141;land;true;plains;1
4033;161;198;254;land;false;forest;4
4034;207;251;192;land;false;plains;6
4035;242;227;129;land;true;jungle;1
4036;211;79;254;land;false;forest;4
4037;250;208;105;land;true;plains;4
4038;201;245;129;land;false;plains;1
4039;192;186;223;land;true;desert;6
4040;180;217;240;land;false;plains;4
4041;190;87;230;land;false;desert;4
4042;190;194;139;land;false;plains;1
4043;26;252;248;land;true;forest;6
4044;252;198;184;land;true;jungle;1
4045;246;157;129;land;false;desert;6
4046;207;245;165;land;false;desert;3
4047;233;238;201;land;false;jungle;3
4048;126;244;241;land;false;hills;6
4049;146;219;140;land;true;forest;4
4050;179;223;125;land;false;forest;6
4051;234;82;222;land;false;desert;5
4052;94;239;176;land;false;forest;4
4053;107;218;250;land;false;plains;1
4054;245;99;226;land;true;hills;7
4055;230;191;95;land;true;jungle;2
4056;182;213;160;land;false;mountain;5
4057;196;251;227;land;false;plains;7
4058;211;157;200;land;false;marsh;5
4059;223;197;144;land;true;plains;6
4060;232;158;154;land;true;plains;6
4061;242;174;86;land;false;plains;6
4062;129;185;226;land;false;forest;4
4063;95;162;249;land;true;desert;7
4064;138;140;254;land;true;jungle;1
4065;226;225;134;land;false;plains;5
4066;125;186;247;land;true;forest;2
4067;211;240;66;land;true;forest;2
4068;248;254;49;land;true;plains;1
4069;193;159;193;land;true;jungle;2
4070;181;193;207;land;false;plains;2
4071;249;148;151;land;false;mountain;6
4072;245;136;194;land;true;desert;2
4073;158;221;229;land;false;desert;6
4074;200;163;193;land;true;plains;3
4075;248;153;103;land;false;mountain;6
4076;215;141;170;land;false;plains;4
4077;190;243;115;land;false;mountain;6
4078;165;227;252;land;false;desert;5
4079;244;135;231;land;false;forest;5
4080;222;114;204;land;true;plains;1
4081;254;179;244;land;false;mountain;4
4082;101;236;216;land;false;hills;6
4083;238;237;187;land;true;forest;4
4084;231;242;152;land;false;plains;1
4085;78;246;236;land;true;jungle;6
4086;141;230;147;land;true;jungle;6
4087;219;249;70;land;false;forest;4
4088;241;200;95;land;false;plains;1
4089;235;165;123;land;false;jungle;3
4090;133;190;228;land;true;desert;5
4091;63;250;235;land;false;desert;2
4092;213;143;237;land;true;jungle;1
4093;210;96;246;land;false;hills;5
4094;84;236;204;land;false;plains;4
4095;225;137;170;land;true;plains;2
4096;156;210;150;land;true;forest;2
4097;63;247;194;land;false;plains;5
4098;151;250;236;land;true;hills;2
4099;193;232;120;land;true;desert;6
4100;188;212;234;land;true;hills;6
4101;188;234;210;land;false;plains;6
4102;172;167;179;land;false;forest;4
4103;223;123;198;land;false;forest;6
4104;249;41;241;land;false;jungle;1
4105;186;241;141;land;true;jungle;2
4106;250;190;156;land;false;mountain;4
4107;185;156;192;land;false;plains;6
4108;86;242;215;land;true;jungle;3
4109;97;247;247;land;false;hills;6
4110;192;140;179;land;true;jungle;6
4111;120;146;252;land;true;hills;3
4112;175;157;236;land;true;forest;2
4113;176;213;198;land;false;desert;5
4114;221;102;245;land;true;plains;1
4115;205;174;198;land;true;jungle;2
4116;236;191;112;land;false;mountain;4
4117;206;164;153;land;false;forest;2
4118;224;136;247;land;true;plains;4
4119;165;103;233;land;false;forest;4
4120;234;231;194;land;false;forest;4
4121;230;226;181;land;true;jungle;6
4122;100;215;229;land;true;mountain;4
4123;222;130;245;land;false;mountain;2
4124;191;233;88;land;false;forest;4
4125;192;230;108;land;false;plains;6
4126;172;222;182;land;true;desert;6
4127;224;101;188;land;true;desert;6
4128;243;196;74;land;false;plains;1
4129;211;157;156;land;false;hills;6
4130;213;198;100;land;true;plains;6
4131;136;153;244;land;false;hills;6
4132;125;216;242;land;true;plains;1
4133;217;128;217;land;false;forest;4
4134;134;243;127;land;true;plains;5
4135;237;176;120;land;false;forest;4
4136;211;181;144;land;true;jungle;2
4137;43;239;239;land;false;hills;6
4138;155;171;177;land;false;forest;1
4139;226;245;170;land;false;urban;5
4140;149;179;205;land;true;mountain;3
4141;179;116;230;land;false;plains;2
4142;215;139;200;land;true;plains;7
4143;233;240;68;land;false;forest;6
4144;153;251;126;land;false;jungle;2
4145;147;210;225;land;true;plains;4
4146;185;158;160;land;false;forest;4
4147;104;254;221;land;false;forest;1
4148;244;137;179;land;false;jungle;3
4149;238;126;190;land;false;forest;1
4150;242;128;215;land;false;forest;1
4151;236;132;245;land;false;forest;5
4152;225;249;30;land;false;hills;4
4153;153;203;243;land;false;forest;6
4154;123;176;240;land;false;hills;6
4155;186;207;161;land;false;forest;2
4156;223;233;69;land;false;forest;1
4157;206;252;170;land;false;jungle;1
4158;233;117;166;land;false;desert;6
4159;132;231;232;land;false;desert;5
4160;178;82;249;land;false;forest;2
4161;246;95;219;land;true;forest;2
4162;249;118;248;land;true;jungle;6
4163;204;73;244;land;true;jungle;6
4164;180;171;197;land;true;hills;2
4165;109;198;218;land;false;desert;3
4166;139;161;230;land;true;plains;6
4167;248;163;208;land;false;jungle;6
4168;188;234;132;land;true;forest;4
4169;254;186;165;land;false;forest;2
4170;208;228;205;land;true;jungle;1
4171;191;208;124;land;false;forest;4
4172;228;226;95;land;true;hills;2
4173;174;238;206;land;false;hills;2
4174;237;181;154;land;false;jungle;6
4175;158;111;241;land;true;jungle;6
4176;231;185;197;land;true;marsh;6
4177;99;243;244;land;true;plains;1
4178;172;188;217;land;true;jungle;2
4179;89;187;253;land;true;jungle;6
4180;197;106;206;land;false;mountain;3
4181;58;237;206;land;false;desert;2
4182;168;169;188;land;true;forest;2
4183;168;197;238;land;true;hills;7
4184;223;227;53;land;true;forest;2
4185;228;164;242;land;true;jungle;6
4186;207;186;198;land;false;forest;4
4187;96;179;239;land;true;jungle;2
4188;40;250;238;land;false;forest;6
4189;250;113;156;land;false;mountain;4
4190;205;234;117;land;true;plains;7
4191;211;139;239;land;false;forest;5
4192;243;132;136;land;true;jungle;2
4193;252;89;208;land;true;forest;5
4194;183;191;170;land;false;forest;5
4195;202;116;249;land;true;jungle;1
4196;183;201;158;land;true;plains;7
4197;201;109;202;land;false;jungle;2
4198;238;203;143;land;true;desert;7
4199;49;247;216;land;true;forest;4
4200;244;197;104;land;false;hills;2
4201;240;92;198;land;true;hills;3
4202;244;83;186;land;true;marsh;5
4203;235;144;171;land;true;plains;4
4204;180;111;211;land;true;hills;2
4205;151;226;233;land;true;jungle;6
4206;117;214;237;land;false;desert;5
4207;129;239;135;land;false;hills;1
4208;166;254;225;land;true;hills;1
4209;236;211;223;land;false;plains;1
4210;32;228;252;land;false;hills;6
4211;235;110;180;land;false;forest;4
4212;212;233;247;land;false;desert;5
4213;167;240;161;land;false;desert;5
4214;169;211;155;land;true;hills;6
4215;245;141;224;land;false;plains;2
4216;218;78;222;land;false;forest;4
4217;214;184;121;land;true;jungle;6
4218;163;157;222;land;false;jungle;3
4219;195;190;160;land;true;forest;2
4220;252;212;248;land;false;forest;4
4221;145;232;232;land;false;plains;4
4222;176;190;142;land;false;hills;6
4223;225;224;212;land;true;jungle;2
4224;241;163;249;land;false;plains;6
4225;230;54;233;land;false;mountain;3
4226;244;131;193;land;true;plains;2
4227;111;200;233;land;true;plains;5
4228;191;237;140;land;true;plains;6
4229;221;176;219;land;false;hills;7
4230;197;182;172;land;false;plains;2
4231;221;45;254;land;false;plains;4
4232;171;223;173;land;false;forest;6
4233;213;111;254;land;false;desert;5
4234;167;185;170;land;true;plains;4
4235;169;227;116;land;false;plains;2
4236;214;174;114;land;true;jungle;6
4237;242;162;225;land;false;forest;1
4238;99;173;242;land;false;plains;4
4239;179;218;236;land;false;jungle;6
4240;193;100;227;land;false;forest;2
4241;201;83;219;land;false;mountain;3
4242;248;168;132;land;false;hills;4
4243;226;208;110;land;false;desert;2
4244;182;166;166;land;true;desert;3
4245;97;221;230;land;true;plains;2
4246;105;153;253;land;false;forest;4
4247;218;195;91;land;true;plains;7
4248;133;253;154;land;false;forest;4
4249;189;221;139;land;false;mountain;4
4250;194;169;188;land;false;plains;7
4251;218;143;144;land;false;plains;2
4252;167;230;127;land;true;plains;6
4253;193;127;194;land;false;jungle;6
4254;201;228;77;land;true;hills;4
4255;193;191;148;land;true;jungle;6
4256;191;133;219;land;true;jungle;2
4257;158;187;240;land;false;forest;2
4258;229;145;178;land;false;jungle;6
4259;37;224;249;land;false;mountain;4
4260;229;247;162;land;false;mountain;6
4261;162;225;239;land;false;forest;1
4262;145;207;194;land;true;hills;6
4263;240;135;140;land;false;plains;1
4264;205;194;232;land;false;jungle;3
4265;74;238;198;land;false;hills;6
4266;164;164;187;land;true;hills;6
4267;160;165;245;land;false;plains;5
4268;217;225;254;land;true;jungle;6
4269;196;107;222;land;true;forest;2
4270;202;223;243;land;false;hills;1
4271;209;138;224;land;false;desert;2
4272;134;133;235;land;false;desert;5
4273;90;215;247;land;false;desert;4
4274;246;234;169;land;true;hills;6
4275;48;251;246;land;true;jungle;6
4276;186;242;117;land;false;plains;2
4277;214;173;174;land;false;plains;5
4278;162;237;165;land;true;plains;1
4279;193;151;221;land;false;mountain;4
4280;143;250;202;land;true;forest;6
4281;131;210;172;land;false;desert;5
4282;186;243;194;land;true;desert;2
4283;214;215;133;land;true;jungle;1
4284;239;199;99;land;false;hills;6
4285;234;72;215;land;false;mountain;7
4286;203;67;239;land;false;forest;4
4287;132;252;253;land;false;desert;5
4288;254;35;221;land;false;plains;1
4289;205;175;196;land;false;forest;1
4290;142;246;130;land;true;marsh;4
4291;153;140;235;land;false;jungle;3
4292;253;37;231;land;true;jungle;3
4293;212;186;172;land;true;forest;4
4294;193;226;92;land;true;plains;1
4295;247;220;80;land;false;forest;4
4296;236;205;163;land;false;forest;2
4297;193;169;183;land;true;hills;2
4298;195;223;86;land;false;hills;5
4299;182;72;248;land;true;plains;7
4300;171;236;227;land;false;hills;6
4301;144;173;188;land;true;jungle;6
4302;242;229;63;land;false;hills;6
4303;171;168;172;land;true;plains;2
4304;177;170;184;land;false;forest;4
4305;199;243;165;land;false;forest;4
4306;245;239;243;land;false;plains;6
4307;158;208;246;land;false;desert;4
4308;224;112;240;land;false;plains;7
4309;127;254;221;land;true;plains;6
4310;197;181;137;land;false;plains;6
4311;241;253;216;land;false;jungle;6
4312;248;220;111;land;true;forest;7
4313;205;221;215;land;false;desert;3
4314;185;215;193;land;false;plains;2
4315;102;197;236;land;false;desert;2
4316;31;248;222;land;false;hills;6
4317;216;195;97;land;true;jungle;6
4318;245;87;227;land;false;plains;1
4319;218;235;219;land;false;jungle;3
4320;213;249;167;land;true;jungle;2
4321;249;202;252;land;false;mountain;4
4322;238;174;104;land;true;forest;4
4323;181;250;100;land;false;plains;6
4324;251;155;200;land;true;jungle;6
4325;101;239;163;land;true;forest;4
4326;236;156;136;land;false;jungle;3
4327;122;172;244;land;false;mountain;4
4328;114;243;196;land;false;desert;6
4329;148;197;187;land;false;plains;1
4330;144;245;117;land;false;jungle;2
4331;199;194;198;land;false;hills;6
4332;197;237;164;land;false;forest;4
4333;172;254;183;land;false;forest;4
4334;216;226;100;land;true;jungle;1
4335;232;145;209;land;true;forest;2
4336;159;227;212;land;false;hills;6
4337;108;198;218;land;false;hills;5
4338;166;161;180;land;true;hills;7
4339;238;67;248;land;false;forest;4
4340;253;156;121;land;false;mountain;6
4341;136;199;197;land;true;forest;4
4342;146;173;239;land;true;plains;1
4343;185;195;251;land;false;plains;7
4344;235;120;156;land;false;plains;6
4345;166;253;211;land;false;hills;6
4346;173;219;196;land;true;jungle;6
4347;155;214;218;land;false;desert;6
4348;187;146;227;land;true;plains;1
4349;235;231;178;land;false;forest;1
4350;193;176;220;land;false;forest;4
4351;230;58;215;land;true;forest;6
4352;234;195;214;land;false;forest;1
4353;183;216;119;land;true;jungle;6
4354;227;181;200;land;false;hills;6
4355;176;141;187;land;false;desert;6
4356;166;172;172;land;false;plains;6
4357;246;214;118;land;false;desert;6
4358;155;245;216;land;true;jungle;1
4359;95;182;230;land;false;forest;4
4360;212;79;251;land;false;forest;1
4361;233;83;244;land;false;forest;2
4362;216;222;78;land;false;desert;2
4363;228;109;228;land;true;hills;2
4364;223;242;150;land;false;jungle;6
4365;253;235;246;land;true;forest;2
4366;129;216;185;land;false;plains;4
4367;130;224;239;land;true;jungle;6
4368;235;239;223;land;false;plains;2
4369;187;134;188;land;false;desert;7
4370;105;197;204;land;true;plains;5
4371;235;199;160;land;false;plains;2
4372;83;212;233;land;false;hills;6
4373;224;245;143;land;true;plains;5
4374;203;183;146;land;false;plains;6
4375;210;110;245;land;false;forest;1
4376;153;236;122;land;true;plains;2
4377;177;210;170;land;true;plains;4
4378;109;199;195;land;true;jungle;6
4379;129;174;225;land;false;desert;2
4380;209;232;205;land;true;jungle;6
4381;245;169;133;land;true;plains;3
4382;165;198;194;land;false;desert;6
4383;219;198;174;land;true;desert;6
4384;185;248;254;land;false;jungle;3
4385;159;253;147;land;false;forest;4
4386;224;159;200;land;false;plains;1
4387;144;191;231;land;true;plains;3
4388;186;217;106;land;false;marsh;3
4389;173;225;178;land;false;forest;4
4390;241;202;218;land;true;plains;6
4391;241;207;108;land;true;forest;5
4392;228;247;98;land;false;jungle;1
4393;129;242;177;land;false;mountain;4
4394;153;242;197;land;false;plains;2
4395;208;93;252;land;true;plains;5
4396;169;246;164;land;false;plains;5
4397;213;150;213;land;false;jungle;3
4398;250;181;135;land;true;plains;4
4399;227;231;103;land;false;jungle;3
4400;212;242;68;land;false;plains;5
4401;200;98;226;land;false;mountain;6
4402;224;221;91;land;true;plains;1
4403;252;103;149;land;false;jungle;3
4404;119;163;242;land;false;hills;6
4405;163;205;145;land;true;jungle;6
4406;225;226;53;land;false;jungle;3
4407;94;247;237;land;false;forest;6
4408;127;223;181;land;true;plains;2
4409;88;220;226;land;false;desert;5
4410;242;210;232;land;true;jungle;6
4411;254;138;133;land;false;forest;5
4412;42;231;240;land;false;jungle;3
4413;163;96;248;land;false;plains;6
4414;160;92;250;land;false;hills;6
4415;150;131;254;land;true;desert;7
4416;180;190;199;land;true;forest;4
4417;237;65;239;land;false;forest;4
4418;165;191;228;land;false;jungle;3
4419;143;120;253;land;true;hills;4
4420;73;208;234;land;true;marsh;6
4421;180;215;213;land;false;desert;2
4422;64;251;209;land;true;jungle;6
4423;209;204;139;land;false;forest;5
4424;72;231;251;land;false;desert;5
4425;113;242;222;land;true;jungle;6
4426;184;231;153;land;false;forest;4
4427;228;137;225;land;false;hills;6
4428;113;226;162;land;true;jungle;6
4429;197;202;171;land;true;desert;6
4430;196;224;241;land;true;hills;6
4431;171;240;199;land;false;desert;2
4432;136;227;222;land;false;forest;4
4433;224;217;87;land;true;jungle;1
4434;254;171;120;land;false;plains;5
4435;233;109;229;land;true;hills;6
4436;126;227;180;land;false;forest;3
4437;221;162;222;land;false;forest;2
4438;148;226;200;land;false;hills;6
4439;229;146;152;land;true;desert;2
4440;243;169;202;land;true;forest;1
4441;244;81;252;land;false;desert;6
4442;172;186;165;land;true;hills;7
4443;153;178;249;land;true;jungle;2
4444;210;156;232;land;false;forest;4
4445;82;245;194;land;true;plains;7
4446;211;242;202;land;true;jungle;6
4447;250;109;224;land;false;hills;6
4448;206;222;236;land;false;jungle;3
4449;77;214;219;land;false;plains;2
4450;182;222;153;land;false;plains;5
4451;198;237;208;land;false;hills;6
4452;233;187;143;land;true;mountain;4
4453;212;242;201;land;true;forest;5
4454;162;212;249;land;true;jungle;3
4455;178;248;189;land;true;forest;2
4456;123;199;197;land;false;desert;3
4457;244;251;95;land;false;plains;4
4458;181;245;82;land;false;plains;1
4459;104;226;233;land;true;jungle;6
4460;199;196;193;land;false;mountain;6
4461;222;247;39;land;true;desert;5
4462;241;115;252;land;false;hills;6
4463;201;116;216;land;false;forest;4
4464;54;240;230;land;false;plains;1
4465;179;142;189;land;false;plains;6
4466;154;248;116;land;false;forest;4
4467;242;117;198;land;false;forest;2
4468;229;162;233;land;true;jungle;6
4469;184;99;232;land;false;plains;5
4470;192;199;154;land;false;forest;4
4471;142;243;192;land;true;jungle;1
4472;156;112;241;land;false;hills;6
4473;240;159;252;land;true;plains;3
4474;248;207;225;land;true;plains;2
4475;182;178;209;land;true;hills;6
4476;214;129;229;land;false;jungle;6
4477;163;189;156;land;true;plains;6
4478;132;145;228;land;false;marsh;5
4479;116;223;172;land;true;forest;4
4480;165;117;246;land;false;jungle;5
4481;193;252;217;land;false;desert;2
4482;151;192;251;land;false;jungle;3
4483;190;132;202;land;false;plains;1
4484;195;119;241;land;true;jungle;6
4485;211;209;95;land;false;jungle;3
4486;177;120;246;land;false;forest;4
4487;225;226;69;land;true;hills;2
4488;224;201;135;land;true;jungle;3
4489;224;175;142;land;false;plains;6
4490;183;192;209;land;false;mountain;3
4491;64;240;232;land;false;mountain;1
4492;187;203;247;land;true;hills;3
4493;193;184;176;land;false;plains;7
4494;244;187;85;land;false;hills;6
4495;123;214;215;land;false;plains;1
4496;171;207;201;land;false;marsh;3
4497;164;183;220;land;false;forest;5
4498;250;248;63;land;false;desert;2
4499;236;192;129;land;true;marsh;6
4500;234;210;104;land;false;hills;3
4501;201;83;246;land;true;jungle;1
4502;135;189;190;land;false;desert;2
4503;106;239;247;land;true;jungle;6
4504;190;226;245;land;false;hills;6
4505;186;218;110;land;true;jungle;6
4506;229;180;232;land;false;mountain;2
4507;140;230;232;land;false;hills;7
4508;202;210;92;land;true;forest;4
4509;225;164;144;land;false;plains;6
4510;227;177;163;land;false;forest;3
4511;167;233;147;land;true;marsh;6
4512;222;98;239;land;false;forest;2
4513;206;170;181;land;false;desert;4
4514;130;185;213;land;true;marsh;6
4515;182;144;197;land;true;plains;6
4516;236;65;248;land;true;plains;1
4517;132;224;177;land;false;jungle;2
4518;243;183;158;land;false;hills;6
4519;224;184;117;land;true;hills;4
4520;240;115;178;land;true;forest;2
4521;107;218;245;land;true;hills;6
4522;244;250;18;land;false;forest;4
4523;253;170;207;land;true;hills;2
4524;243;188;91;land;false;jungle;3
4525;235;242;101;land;true;forest;3
4526;230;72;229;land;false;jungle;6
4527;233;169;163;land;false;plains;6
4528;190;235;92;land;true;hills;2
4529;253;245;70;land;false;forest;1
4530;188;127;254;land;false;desert;5
4531;248;192;143;land;false;hills;6
4532;246;127;216;land;true;plains;1
4533;158;174;244;land;false;desert;5
4534;85;195;224;land;false;plains;1
4535;157;254;135;land;false;plains;1
4536;238;134;134;land;true;hills;2
4537;175;169;190;land;false;forest;2
4538;227;211;147;land;false;forest;6
4539;220;94;202;land;false;plains;7
4540;234;60;242;land;false;forest;1
4541;97;202;202;land;false;desert;6
4542;192;88;226;land;false;hills;6
4543;130;228;195;land;false;forest;2
4544;223;225;157;land;false;hills;6
4545;190;201;188;land;false;desert;5
4546;210;167;132;land;false;hills;4
4547;212;230;75;land;false;plains;2
4548;219;232;251;land;false;mountain;2
4549;148;251;181;land;false;hills;1
4550;140;208;176;land;false;forest;4
4551;244;151;182;land;true;plains;2
4552;208;251;69;land;true;forest;2
4553;206;174;129;land;true;plains;1
4554;185;221;155;land;true;jungle;2
4555;129;228;168;land;true;plains;1
4556;162;246;104;land;true;forest;2
4557;228;81;230;land;false;desert;3
4558;254;193;127;land;false;hills;6
4559;146;224;162;land;false;desert;6
4560;161;245;124;land;false;plains;2
4561;224;174;119;land;true;plains;1
4562;79;248;249;land;true;plains;3
4563;248;163;93;land;true;mountain;3
4564;250;194;95;land;true;jungle;6
4565;164;248;165;land;false;forest;2
4566;242;187;201;land;true;hills;7
4567;224;241;222;land;false;forest;2
4568;209;224;166;land;false;hills;7
4569;199;135;251;land;true;jungle;2
4570;250;225;233;land;false;mountain;4
4571;244;246;246;land;true;hills;1
4572;195;113;242;land;false;jungle;2
4573;236;246;154;land;true;jungle;2
4574;155;245;205;land;false;desert;4
4575;233;124;170;land;false;hills;6
4576;204;247;159;land;false;forest;6
4577;225;132;197;land;false;forest;4
4578;186;191;230;land;false;jungle;2
4579;239;201;239;land;true;jungle;6
4580;218;197;181;land;false;plains;6
4581;202;170;220;land;true;jungle;6
4582;238;250;24;land;false;forest;6
4583;222;119;182;land;false;jungle;3
4584;205;187;242;land;true;forest;4
4585;98;247;221;land;true;hills;7
4586;247;83;199;land;false;desert;6
4587;187;191;129;land;false;forest;2
4588;22;248;235;land;true;jungle;6
4589;215;127;161;land;false;forest;4
4590;217;214;146;land;true;hills;6
4591;191;134;182;land;true;plains;1
4592;185;156;223;land;false;forest;1
4593;243;14;244;land;true;jungle;6
4594;192;178;134;land;false;desert;5
4595;66;253;196;land;false;plains;1
4596;160;243;120;land;true;plains;6
4597;126;238;184;land;true;forest;4
4598;179;128;232;land;true;plains;2
4599;245;158;217;land;false;forest;4
4600;78;232;200;land;false;hills;7
4601;156;180;199;land;true;hills;6
4602;171;89;248;land;false;forest;4
4603;165;173;219;land;true;forest;1
4604;108;192;225;land;false;mountain;5
4605;191;246;230;land;false;plains;2
4606;175;239;221;land;false;hills;2
4607;224;137;231;land;false;hills;6
4608;171;96;246;land;false;marsh;3
4609;120;202;214;land;false;plains;4
4610;171;125;210;land;true;hills;4
4611;154;215;145;land;false;forest;5
4612;194;117;235;land;false;desert;6
4613;226;116;170;land;false;desert;5
4614;163;225;209;land;false;forest;2
4615;253;202;194;land;false;plains;7
4616;216;98;247;land;true;jungle;6
4617;160;242;218;land;false;hills;5
4618;218;205;200;land;false;forest;6
4619;235;180;151;land;false;forest;1
4620;182;214;180;land;false;forest;6
4621;147;243;185;land;false;jungle;5
4622;212;204;225;land;true;jungle;2
4623;169;240;132;land;false;plains;6
4624;115;244;221;land;false;plains;1
4625;184;133;193;land;false;forest;3
4626;119;225;223;land;true;hills;7
4627;112;234;214;land;false;hills;6
4628;200;200;142;land;true;forest;6
4629;70;203;252;land;true;jungle;7
4630;100;230;181;land;false;plains;1
4631;239;181;205;land;true;hills;2
4632;143;227;191;land;true;jungle;6
4633;211;168;168;land;true;jungle;6
4634;238;165;209;land;false;plains;4
4635;193;210;159;land;false;mountain;3
4636;239;249;193;land;false;desert;6
4637;175;203;131;land;false;desert;6
4638;235;224;177;land;true;jungle;1
4639;150;229;251;land;false;desert;2
4640;249;160;93;land;false;jungle;3
4641;240;171;96;land;false;plains;6
4642;147;177;188;land;false;forest;4
4643;107;194;244;land;true;jungle;6
4644;244;155;107;land;false;hills;6
4645;159;151;253;land;false;desert;3
4646;188;130;233;land;true;plains;2
4647;245;223;103;land;false;desert;5
4648;246;180;161;land;false;marsh;4
4649;246;241;57;land;false;hills;1
4650;201;208;175;land;true;plains;1
4651;108;205;207;land;true;plains;1
4652;238;216;92;land;false;forest;6
4653;176;183;145;land;true;plains;6
4654;180;182;140;land;true;hills;6
4655;202;113;198;land;false;plains;6
4656;198;78;245;land;false;marsh;3
4657;229;245;189;land;false;plains;4
4658;250;238;13;land;false;plains;2
4659;161;147;215;land;false;marsh;3
4660;127;244;155;land;false;forest;6
4661;218;165;151;land;false;forest;5
4662;194;208;241;land;false;jungle;6
4663;228;144;239;land;true;jungle;3
4664;242;210;156;land;false;jungle;6
4665;126;178;221;land;false;hills;6
4666;250;235;231;land;true;jungle;6
4667;196;166;169;land;true;plains;6
4668;149;210;163;land;true;forest;5
4669;154;192;228;land;false;plains;6
4670;250;41;217;land;false;forest;2
4671;151;125;227;land;true;forest;2
4672;209;85;210;land;true;jungle;3
4673;242;177;160;land;false;hills;6
4674;135;173;245;land;false;forest;6
4675;173;133;240;land;false;desert;5
4676;241;96;236;land;false;hills;2
4677;222;163;176;land;true;desert;7
4678;174;200;167;land;false;desert;6
4679;129;128;245;land;true;jungle;6
4680;249;55;235;land;false;jungle;6
4681;215;60;244;land;false;plains;7
4682;63;244;244;land;false;desert;3
4683;219;135;163;land;false;jungle;6
4684;236;82;203;land;false;forest;6
4685;162;206;147;land;true;jungle;2
4686;231;108;245;land;true;hills;1
4687;242;87;245;land;true;hills;7
4688;110;237;224;land;false;jungle;5
4689;244;111;240;land;true;plains;1
4690;48;237;236;land;false;desert;5
4691;250;202;215;land;false;forest;4
4692;190;201;160;land;true;plains;6
4693;178;211;254;land;false;hills;5
4694;141;135;242;land;false;hills;2
4695;198;194;182;land;false;plains;6
4696;208;151;253;land;false;plains;5
4697;208;245;154;land;true;plains;4
4698;226;153;203;land;false;forest;4
4699;222;154;240;land;false;plains;6
4700;171;188;184;land;false;hills;6
4701;238;126;247;land;true;mountain;5
4702;154;212;164;land;true;jungle;3
4703;229;176;111;land;true;jungle;3
4704;176;161;165;land;false;forest;1
4705;173;141;210;land;true;plains;1
4706;203;254;123;land;true;plains;6
4707;202;170;236;land;true;hills;1
4708;213;159;232;land;true;plains;4
4709;233;85;194;land;true;forest;7
4710;120;193;206;land;false;plains;6
4711;250;215;214;land;false;desert;6
4712;156;185;226;land;false;hills;7
4713;182;93;230;land;false;mountain;6
4714;223;182;229;land;false;hills;6
4715;166;168;240;land;false;plains;5
4716;106;244;250;land;true;forest;4
4717;249;194;195;land;false;plains;6
4718;235;193;161;land;false;hills;6
4719;207;186;148;land;false;plains;2
4720;207;183;142;land;true;hills;7
4721;253;207;66;land;false;forest;5
4722;223;128;243;land;false;forest;1
4723;246;204;93;land;true;jungle;6
4724;213;156;199;land;true;plains;2
4725;209;197;249;land;false;plains;2
4726;231;165;190;land;false;hills;1
4727;208;169;140;land;true;jungle;6
4728;116;195;221;land;false;jungle;6
4729;93;246;201;land;false;mountain;2
4730;145;228;250;land;false;jungle;2
4731;205;127;182;land;true;forest;2
4732;227;180;183;land;false;forest;4
4733;61;239;236;land;false;hills;1
4734;222;162;187;land;false;desert;3
4735;248;212;67;land;true;hills;6
4736;160;122;249;land;true;hills;6
4737;94;246;229;land;true;jungle;2
4738;247;236;201;land;false;plains;6
4739;198;188;181;land;false;plains;2
4740;187;169;222;land;false;hills;6
4741;250;243;229;land;true;jungle;6
4742;66;246;242;land;true;forest;6
4743;228;197;112;land;false;jungle;1
4744;254;139;230;land;false;mountain;3
4745;164;170;189;land;true;plains;4
4746;205;179;222;land;false;hills;1
4747;242;251;34;land;true;plains;1
4748;221;183;99;land;false;plains;1
4749;172;179;170;land;false;forest;1
4750;242;145;160;land;false;plains;6
4751;225;180;227;land;false;desert;6
4752;153;234;181;land;false;forest;1
4753;154;170;244;land;true;hills;6
4754;225;139;153;land;false;plains;1
4755;202;185;245;land;true;jungle;6
4756;108;197;219;land;false;desert;6
4757;253;26;239;land;true;forest;2
4758;123;241;203;land;false;jungle;3
4759;245;198;156;land;false;plains;6
4760;201;199;154;land;false;plains;6
4761;238;103;213;land;true;plains;4
4762;117;246;251;land;true;forest;2
4763;209;191;211;land;false;jungle;3
4764;237;135;146;land;false;forest;3
4765;230;242;230;land;false;hills;6
4766;173;205;217;land;false;hills;6
4767;192;129;242;land;true;jungle;1
4768;225;201;100;land;false;hills;6
4769;101;199;220;land;false;forest;2
4770;135;143;245;land;true;hills;2
4771;251;39;237;land;false;desert;5
4772;131;246;199;land;true;jungle;6
4773;239;251;170;land;true;hills;2
4774;202;189;164;land;false;hills;1
4775;254;236;232;land;false;forest;4
4776;240;217;145;land;true;plains;1
4777;222;191;227;land;true;forest;4
4778;249;208;119;land;false;forest;1
4779;171;241;187;land;false;hills;6
4780;172;208;168;land;true;jungle;5
4781;173;182;157;land;true;desert;3
4782;209;215;86;land;false;jungle;3
4783;121;251;248;land;false;hills;6
4784;80;214;219;land;true;hills;1
4785;152;168;187;land;false;forest;4
4786;227;180;249;land;true;desert;3
4787;224;81;237;land;true;forest;2
4788;212;170;131;land;false;forest;4
4789;121;237;248;land;true;jungle;3
4790;247;122;183;land;false;plains;3
4791;221;167;171;land;true;desert;3
4792;254;160;216;land;false;jungle;6
4793;223;251;172;land;true;plains;3
4794;191;254;105;land;false;forest;2
4795;177;246;205;land;true;forest;2
4796;115;202;208;land;false;forest;6
4797;122;237;180;land;false;hills;6
4798;246;205;117;land;true;plains;1
4799;231;241;158;land;true;jungle;2
4800;211;169;244;land;true;jungle;1
4801;227;134;196;land;false;plains;7
4802;72;248;253;land;false;desert;5
4803;211;196;108;land;true;jungle;6
4804;169;170;204;land;true;jungle;1
4805;208;163;219;land;true;jungle;3
4806;72;237;195;land;false;forest;4
4807;248;157;183;land;false;hills;7
4808;147;171;199;land;true;mountain;7
4809;65;246;247;land;false;hills;6
4810;220;155;127;land;true;hills;7
4811;171;200;231;land;false;plains;2
4812;237;228;108;land;true;plains;4
4813;56;241;232;land;false;plains;5
4814;184;201;233;land;false;forest;2
4815;247;213;108;land;false;jungle;3
4816;150;172;216;land;false;jungle;3
4817;233;169;168;land;false;hills;1
4818;96;208;203;land;false;desert;2
4819;174;192;244;land;false;jungle;3
4820;232;139;247;land;false;plains;2
4821;115;162;241;land;false;forest;2
4822;114;245;145;land;true;forest;6
4823;180;209;163;land;false;jungle;3
4824;186;137;243;land;false;plains;5
4825;184;194;124;land;true;hills;6
4826;219;246;37;land;true;plains;4
4827;79;216;226;land;false;forest;3
4828;251;164;185;land;false;mountain;6
4829;108;189;226;land;false;mountain;6
4830;98;198;245;land;false;hills;2
4831;178;188;224;land;false;plains;6
4832;223;168;125;land;true;forest;2
4833;229;138;237;land;true;jungle;6
4834;215;244;110;land;false;plains;6
4835;155;214;200;land;true;plains;4
4836;188;187;149;land;true;jungle;2
4837;84;217;252;land;true;forest;6
4838;249;144;236;land;true;hills;3
4839;124;237;246;land;true;plains;1
4840;169;206;252;land;false;jungle;1
4841;105;250;229;land;true;hills;3
4842;158;238;146;land;false;plains;7
4843;229;139;165;land;true;jungle;6
4844;167;176;245;land;true;jungle;6
4845;44;243;227;land;true;jungle;2
4846;115;186;203;land;false;plains;1
4847;243;251;120;land;true;jungle;3
4848;145;243;115;land;true;plains;1
4849;251;122;201;land;false;forest;1
4850;224;183;119;land;true;jungle;1
4851;224;240;84;land;false;desert;6
4852;168;219;164;land;true;jungle;6
4853;233;206;184;land;false;hills;6
4854;97;233;240;land;false;jungle;3
4855;166;236;205;land;false;hills;4
4856;213;161;133;land;false;jungle;3
4857;205;221;249;land;true;forest;2
4858;234;62;239;land;false;hills;6
4859;199;197;122;land;false;mountain;1
4860;234;82;220;land;false;desert;5
4861;133;203;213;land;false;jungle;3
4862;219;254;216;land;false;plains;6
4863;243;160;237;land;true;jungle;2
4864;140;223;210;land;false;plains;2
4865;246;215;234;land;true;jungle;2
4866;199;135;197;land;false;plains;3
4867;103;208;224;land;false;jungle;5
4868;216;75;218;land;false;forest;4
4869;196;224;244;land;true;plains;2
4870;235;190;190;land;false;forest;4
4871;252;119;222;land;true;jungle;1
4872;242;114;146;land;false;forest;4
4873;134;119;250;land;true;mountain;6
4874;221;114;209;land;true;plains;6
4875;220;159;130;land;false;desert;3
4876;163;177;177;land;false;forest;4
4877;128;190;198;land;false;forest;6
4878;122;146;252;land;false;plains;2
4879;196;178;191;land;true;forest;2
4880;208;191;205;land;false;hills;6
4881;234;227;220;land;false;mountain;6
4882;232;213;106;land;true;forest;4
4883;186;222;179;land;false;forest;5
4884;167;119;227;land;false;forest;5
4885;249;169;138;land;false;hills;3
4886;206;160;168;land;true;forest;4
4887;217;141;147;land;true;plains;1
4888;146;220;244;land;false;hills;6
4889;166;230;150;land;false;hills;5
4890;207;209;123;land;false;forest;6
4891;238;227;91;land;false;hills;2
4892;181;209;204;land;false;desert;3
4893;141;218;201;land;false;plains;5
4894;193;157;181;land;false;plains;2
4895;242;200;223;land;true;jungle;2
4896;253;175;108;land;false;mountain;2
4897;212;134;155;land;false;desert;5
4898;146;244;132;land;false;hills;7
4899;192;151;193;land;false;plains;6
4900;136;198;174;land;true;jungle;6
4901;150;229;203;land;true;jungle;6
4902;44;248;234;land;false;forest;4
4903;151;193;253;land;false;jungle;3
4904;155;174;250;land;false;plains;1
4905;183;145;184;land;true;hills;4
4906;239;27;243;land;false;jungle;6
4907;241;148;115;land;false;desert;5
4908;209;249;226;land;true;jungle;6
4909;243;230;115;land;false;forest;2
4910;209;203;252;land;false;hills;1
4911;249;203;183;land;true;plains;4
4912;235;227;233;land;false;jungle;3
4913;155;204;195;land;true;jungle;1
4914;57;253;223;land;true;marsh;6
4915;226;249;30;land;false;forest;4
4916;248;194;180;land;false;desert;2
4917;232;152;213;land;true;mountain;4
4918;242;239;131;land;true;plains;2
4919;58;236;223;land;false;plains;3
4920;133;236;191;land;false;mountain;4
4921;209;237;238;land;false;desert;2
4922;195;205;247;land;false;jungle;3
4923;220;191;192;land;true;jungle;6
4924;151;223;220;land;false;forest;4
4925;64;222;240;land;false;hills;7
4926;235;236;60;land;true;hills;3
4927;211;190;176;land;true;plains;1
4928;55;235;235;land;false;jungle;5
4929;111;251;193;land;true;jungle;6
4930;240;196;199;land;true;forest;4
4931;175;254;227;land;true;jungle;6
4932;180;129;246;land;false;forest;6
4933;135;218;218;land;false;plains;5
4934;147;145;224;land;true;plains;1
4935;222;233;208;land;false;plains;6
4936;190;227;122;land;false;desert;5
4937;174;241;234;land;true;jungle;6
4938;125;169;240;land;true;forest;2
4939;118;143;247;land;true;plains;7
4940;217;107;202;land;false;plains;4
4941;165;142;218;land;true;plains;6
4942;236;86;195;land;true;plains;1
4943;128;161;253;land;false;forest;4
4944;149;213;171;land;false;hills;6
4945;244;113;190;land;false;plains;1
4946;241;61;248;land;false;hills;6
4947;187;245;188;land;false;forest;2
4948;142;232;244;land;false;forest;3
4949;250;119;164;land;true;jungle;6
4950;220;228;133;land;false;desert;5
4951;135;209;234;land;true;jungle;6
4952;230;208;106;land;false;hills;6
4953;159;225;202;land;true;jungle;3
4954;241;235;184;land;false;forest;6
4955;208;82;238;land;true;jungle;6
4956;246;89;238;land;true;jungle;3
4957;242;221;146;land;false;plains;4
4958;242;234;81;land;true;jungle;6
4959;166;213;219;land;false;jungle;6
4960;246;195;165;land;false;forest;6
4961;218;222;111;land;false;plains;5
4962;146;219;198;land;false;jungle;3
4963;238;136;224;land;true;plains;2
4964;218;136;220;land;false;jungle;1
4965;180;247;198;land;true;plains;1
4966;175;249;246;land;false;forest;4
4967;217;41;250;land;true;jungle;2
4968;124;216;186;land;true;plains;2
4969;254;117;223;land;false;plains;6
4970;144;149;234;land;true;mountain;4
4971;55;253;245;land;false;forest;6
4972;232;174;223;land;false;forest;4
4973;215;248;154;land;true;plains;6
4974;230;221;100;land;true;forest;2
4975;248;136;168;land;true;plains;4
4976;209;212;99;land;false;desert;4
4977;204;141;205;land;true;hills;2
4978;207;179;229;land;false;plains;2
4979;155;188;210;land;false;plains;6
4980;113;252;201;land;false;jungle;5
4981;188;94;249;land;false;forest;4
4982;216;227;211;land;false;plains;2
4983;201;233;162;land;false;desert;5
4984;210;193;190;land;true;hills;7
4985;181;147;226;land;false;hills;6
4986;209;230;234;land;true;urban;5
4987;243;101;159;land;false;jungle;3
4988;236;196;228;land;true;forest;6
4989;220;240;154;land;true;marsh;7
4990;244;183;233;land;false;forest;1
4991;246;241;207;land;false;forest;4
4992;138;251;171;land;true;forest;7
4993;233;218;63;land;true;hills;7
4994;25;254;226;land;true;forest;2
4995;107;203;227;land;false;hills;6
4996;133;193;250;land;true;jungle;3
4997;233;232;243;land;true;jungle;6
4998;225;79;222;land;false;plains;6
4999;227;132;237;land;false;plains;4
5000;125;131;251;land;false;plains;7
5001;164;200;232;land;false;forest;4
5002;207;54;246;land;false;forest;4
5003;191;205;251;land;false;plains;5
5004;253;182;191;land;true;plains;6
5005;181;229;212;land;false;mountain;6
5006;236;195;115;land;true;marsh;5
5007;170;224;129;land;false;mountain;6
5008;197;167;196;land;true;forest;2
5009;236;162;126;land;false;plains;6
5010;237;91;199;land;false;hills;6
5011;179;187;223;land;false;hills;2
5012;238;185;153;land;true;desert;5
5013;196;217;171;land;true;mountain;7
5014;135;234;252;land;false;plains;2
5015;61;239;252;land;false;forest;4
5016;245;135;166;land;false;forest;4
5017;63;234;251;land;false;desert;4
5018;178;162;208;land;false;forest;4
5019;22;240;249;land;true;plains;1
5020;224;110;205;land;true;jungle;3
5021;161;222;164;land;true;jungle;2
5022;136;177;202;land;false;hills;6
5023;181;112;254;land;false;desert;6
5024;213;231;148;land;true;plains;2
5025;90;176;252;land;false;mountain;6
5026;232;170;184;land;true;jungle;6
5027;236;186;135;land;true;plains;6
5028;229;140;233;land;false;forest;1
5029;205;150;151;land;false;mountain;4
5030;155;183;249;land;true;plains;1
5031;83;254;171;land;true;marsh;4
5032;233;212;189;land;false;plains;6
5033;188;243;71;land;false;plains;6
5034;252;248;150;land;false;hills;6
5035;250;175;91;land;false;plains;6
5036;206;240;207;land;false;jungle;1
5037;95;191;230;land;false;forest;1
5038;238;210;122;land;true;jungle;6
5039;191;188;157;land;true;plains;2
5040;253;196;145;land;true;forest;4
5041;254;217;127;land;true;marsh;6
5042;241;128;153;land;true;forest;4
5043;197;250;162;land;true;jungle;6
5044;241;112;216;land;false;mountain;3
5045;40;230;236;land;true;jungle;6
5046;166;217;152;land;false;jungle;3
5047;206;242;194;land;false;hills;7
5048;195;240;240;land;false;forest;1
5049;121;178;228;land;true;jungle;6
5050;218;82;252;land;true;plains;4
5051;237;226;160;land;true;forest;2
5052;202;106;202;land;true;plains;6
5053;184;126;220;land;true;plains;1
5054;221;231;118;land;true;plains;2
5055;188;223;194;land;true;jungle;6
5056;253;170;175;land;false;mountain;4
5057;66;221;231;land;true;plains;5
5058;146;161;239;land;false;hills;6
5059;171;129;238;land;false;hills;6
5060;75;184;254;land;true;plains;6
5061;208;184;243;land;false;forest;4
5062;124;205;179;land;false;hills;6
5063;143;164;221;land;false;desert;6
5064;79;203;234;land;true;jungle;2
5065;182;171;191;land;true;plains;4
5066;226;184;197;land;false;forest;5
5067;178;163;240;land;false;forest;6
5068;251;105;234;land;true;jungle;6
5069;200;199;247;land;false;hills;6
5070;234;222;119;land;false;forest;4
5071;98;214;232;land;false;jungle;6
5072;182;174;145;land;true;desert;2
5073;214;248;120;land;true;plains;7
5074;221;81;243;land;false;hills;6
5075;196;205;174;land;false;plains;1
5076;86;251;171;land;false;plains;2
5077;188;254;137;land;true;hills;2
5078;252;84;197;land;false;forest;3
5079;156;173;197;land;true;hills;3
5080;117;201;234;land;false;plains;5
5081;237;215;242;land;false;plains;2
5082;178;173;223;land;true;jungle;3
5083;248;231;134;land;true;hills;1
5084;238;157;212;land;true;forest;2
5085;206;248;151;land;false;jungle;2
5086;211;190;250;land;true;plains;7
5087;185;236;240;land;false;forest;2
5088;103;238;227;land;false;plains;6
5089;179;145;236;land;false;plains;6
5090;220;143;167;land;false;forest;4
5091;201;160;219;land;false;plains;6
5092;216;214;229;land;false;mountain;2
5093;111;177;224;land;false;mountain;3
5094;231;174;116;land;true;forest;5
5095;252;252;146;land;false;jungle;6
5096;177;212;120;land;false;forest;4
5097;97;224;198;land;false;forest;1
5098;164;195;143;land;false;plains;1
5099;220;143;184;land;false;plains;6
5100;251;203;61;land;true;plains;1
5101;129;239;219;land;false;forest;4
5102;232;157;243;land;false;mountain;4
5103;78;188;246;land;true;plains;1
5104;83;247;217;land;false;plains;6
5105;198;127;192;land;true;jungle;1
5106;148;137;245;land;false;jungle;3
5107;156;165;248;land;true;jungle;2
5108;73;205;252;land;false;desert;5
5109;200;244;89;land;false;desert;2
5110;198;205;163;land;false;forest;4
5111;252;247;10;land;false;jungle;1
5112;246;41;246;land;false;plains;5
5113;121;236;229;land;true;jungle;2
5114;250;227;212;land;true;jungle;3
5115;187;95;229;land;true;forest;3
5116;185;250;68;land;false;forest;6
5117;254;238;146;land;false;hills;6
5118;229;231;159;land;true;forest;2
5119;198;245;192;land;false;jungle;3
5120;232;147;188;land;false;hills;6
5121;206;162;237;land;true;jungle;2
5122;223;125;181;land;false;desert;5
5123;228;226;145;land;false;plains;5
5124;201;247;70;land;true;hills;2
5125;189;175;168;land;true;forest;2
5126;162;234;143;land;true;plains;1
5127;100;230;211;land;true;forest;3
5128;201;159;220;land;false;jungle;3
5129;161;215;188;land;false;jungle;1
5130;193;169;174;land;false;plains;2
5131;235;46;246;land;false;hills;6
5132;215;189;166;land;true;desert;6
5133;200;137;203;land;false;jungle;3
5134;235;34;245;land;true;desert;5
5135;192;168;243;land;false;jungle;5
5136;193;191;205;land;true;marsh;6
5137;120;172;227;land;true;forest;4
5138;125;144;232;land;false;desert;2
5139;243;63;205;land;true;hills;6
5140;166;125;237;land;false;forest;4
5141;56;221;239;land;false;plains;6
5142;173;188;231;land;false;plains;2
5143;193;214;242;land;true;jungle;1
5144;198;219;114;land;false;plains;6
5145;102;176;230;land;false;forest;4
5146;254;187;78;land;true;forest;6
5147;95;248;233;land;true;plains;2
5148;154;224;248;land;false;forest;1
5149;229;245;37;land;true;hills;1
5150;146;197;163;land;false;jungle;3
5151;242;216;223;land;false;plains;6
5152;250;248;180;land;false;hills;2
5153;131;229;165;land;false;desert;5
5154;209;241;136;land;true;plains;4
5155;125;232;165;land;false;plains;4
5156;157;165;254;land;false;forest;3
5157;216;221;73;land;false;plains;5
5158;81;225;228;land;false;jungle;1
5159;236;167;156;land;false;plains;6
5160;254;56;201;land;false;forest;1
5161;199;180;221;land;false;jungle;3
5162;73;226;215;land;false;forest;6
5163;161;116;249;land;false;forest;1
5164;253;251;62;land;false;hills;6
5165;202;224;95;land;false;mountain;5
5166;201;237;125;land;false;plains;5
5167;143;235;125;land;false;jungle;3
5168;236;192;153;land;false;plains;2
5169;148;131;244;land;true;jungle;6
5170;244;222;77;land;true;hills;3
5171;209;184;144;land;false;desert;6
5172;125;201;242;land;false;desert;6
5173;192;200;226;land;false;plains;1
5174;250;239;222;land;true;forest;4
5175;135;202;219;land;false;forest;4
5176;192;248;234;land;true;plains;1
5177;162;174;167;land;true;plains;2
5178;189;186;130;land;false;forest;5
5179;228;101;202;land;true;desert;2
5180;122;185;201;land;false;forest;4
5181;250;124;187;land;false;jungle;3
5182;97;174;239;land;false;forest;3
5183;178;189;216;land;false;forest;1
5184;110;213;218;land;false;jungle;3
5185;172;102;244;land;true;plains;6
5186;204;174;156;land;true;forest;2
5187;211;145;185;land;true;plains;3
5188;190;236;82;land;true;jungle;6
5189;117;176;246;land;false;plains;2
5190;234;208;100;land;false;jungle;1
5191;200;185;223;land;true;hills;1
5192;204;105;202;land;false;hills;6
5193;123;226;152;land;false;hills;4
5194;205;217;102;land;false;hills;6
5195;160;229;251;land;false;plains;2
5196;236;173;102;land;false;desert;5
5197;243;243;233;land;false;desert;3
5198;210;194;193;land;true;jungle;6
5199;243;213;95;land;true;jungle;6
5200;91;229;201;land;true;jungle;3
5201;22;229;252;land;false;hills;6
5202;238;91;191;land;true;jungle;6
5203;186;253;192;land;false;hills;6
5204;218;244;219;land;true;hills;4
5205;242;195;172;land;false;hills;4
5206;230;53;250;land;true;jungle;6
5207;127;170;216;land;true;jungle;2
5208;163;178;201;land;false;forest;5
5209;200;179;230;land;false;desert;6
5210;251;113;157;land;false;plains;6
5211;216;246;86;land;false;forest;4
5212;178;193;225;land;true;plains;3
5213;173;254;189;land;false;desert;3
5214;173;226;104;land;false;forest;3
5215;175;178;152;land;false;hills;6
5216;151;172;252;land;false;forest;4
5217;175;223;177;land;false;desert;5
5218;132;239;189;land;false;forest;5
5219;207;196;161;land;false;hills;6
5220;140;227;139;land;true;jungle;2
5221;197;233;218;land;false;plains;1
5222;239;185;222;land;true;plains;6
5223;234;161;234;land;true;desert;3
5224;70;218;215;land;true;jungle;6
5225;241;213;103;land;true;jungle;6
5226;250;254;117;land;false;desert;5
5227;179;83;247;land;false;hills;6
5228;218;61;226;land;false;jungle;1
5229;212;56;240;land;false;plains;6
5230;249;169;150;land;false;plains;6
5231;164;228;116;land;false;plains;6
5232;145;163;194;land;false;plains;6
5233;206;227;215;land;false;forest;6
5234;205;125;226;land;true;forest;6
5235;152;187;226;land;true;forest;2
5236;216;90;217;land;true;jungle;2
5237;249;140;118;land;true;forest;2
5238;234;254;142;land;true;forest;2
5239;234;195;143;land;true;jungle;2
5240;197;181;230;land;true;forest;2
5241;220;254;229;land;true;jungle;2
5242;188;108;252;land;true;jungle;2
5243;227;134;173;land;true;jungle;2
5244;79;232;232;land;true;plains;6
5245;211;109;220;land;true;jungle;2
5246;104;190;252;land;true;jungle;2
5247;168;181;223;land;true;jungle;2
5248;155;254;150;land;true;jungle;2
5249;232;248;40;land;true;forest;2
5250;206;253;159;land;true;forest;2
5251;76;253;229;land;false;hills;6
5252;32;228;243;land;true;jungle;2
5253;238;135;239;land;true;jungle;2
5254;154;155;252;land;true;plains;6
5255;237;205;128;land;true;forest;2
5256;107;237;242;land;false;forest;6
5257;200;223;96;land;true;plains;6
5258;61;198;248;land;false;plains;6
5259;229;122;186;land;true;marsh;6
5260;241;203;122;land;true;jungle;2
5261;219;222;221;land;true;plains;6
5262;106;241;245;land;true;jungle;2
5263;194;229;193;land;true;jungle;2
5264;236;78;221;land;true;plains;6
5265;195;181;244;land;true;jungle;2
5266;188;222;185;land;true;plains;6
5267;226;161;153;land;true;jungle;2
5268;171;148;248;land;false;forest;6
5269;252;137;152;land;true;jungle;2
5270;218;234;138;land;true;jungle;2
5271;53;246;252;land;true;jungle;2
5272;98;219;214;land;false;jungle;2
5273;238;168;240;land;true;jungle;2
5274;201;175;205;land;false;jungle;2
5275;50;230;236;land;true;plains;6
5276;109;204;234;land;true;jungle;2
5277;240;217;248;land;false;jungle;2
5278;153;228;203;land;false;marsh;6
5279;248;119;209;land;true;forest;2
5280;237;91;184;land;false;jungle;2
5281;186;204;116;land;true;jungle;2
5282;245;137;244;land;true;jungle;2
5283;203;209;119;land;false;forest;6
5284;125;233;154;land;true;plains;6
5285;44;215;249;land;true;jungle;2
5286;133;179;195;land;true;plains;6
5287;176;136;241;land;true;jungle;2
5288;252;253;140;land;true;jungle;2
5289;181;206;241;land;false;jungle;2
5290;254;174;73;land;false;jungle;2
5291;87;251;209;land;true;plains;6
5292;229;180;193;land;true;hills;6
5293;161;199;183;land;true;forest;2
5294;213;150;165;land;true;plains;6
5295;183;126;217;land;true;jungle;2
5296;142;214;217;land;true;jungle;2
5297;219;168;231;land;true;plains;6
5298;212;245;99;land;true;forest;2
5299;251;146;252;land;true;jungle;2
5300;132;242;139;land;true;jungle;2
5301;183;188;144;land;true;hills;6
5302;252;252;246;land;false;forest;6
5303;247;71;217;land;true;hills;6
5304;140;230;228;land;false;forest;6
5305;177;104;220;land;false;plains;6
5306;45;250;247;land;true;forest;2
5307;206;229;103;land;true;hills;6
5308;231;135;164;land;true;jungle;2
5309;92;217;241;land;true;plains;6
5310;161;239;220;land;true;forest;2
5311;222;218;178;land;true;plains;6
5312;251;7;246;land;false;forest;6
5313;254;51;243;land;true;forest;2
5314;49;248;214;land;false;hills;6
5315;169;242;208;land;true;jungle;2
5316;228;188;221;land;true;forest;6
5317;195;197;245;land;false;hills;6
5318;220;175;122;land;false;forest;6
5319;234;230;156;land;false;hills;6
5320;178;211;148;land;true;jungle;6
5321;101;226;222;land;false;forest;6
5322;141;220;203;land;true;forest;6
5323;205;133;180;land;false;hills;6
5324;177;183;177;land;true;forest;2
5325;145;173;241;land;true;jungle;6
5326;196;238;244;land;true;forest;2
5327;225;243;78;land;false;hills;6
5328;223;233;48;land;false;hills;6
5329;228;143;232;land;false;hills;6
5330;235;227;44;land;true;forest;2
5331;197;160;199;land;false;hills;6
5332;246;107;215;land;true;forest;2
5333;218;200;224;land;false;jungle;6
5334;145;166;237;land;false;mountain;6
5335;127;238;251;land;true;forest;2
5336;213;162;240;land;true;jungle;2
5337;83;235;218;land;true;jungle;2
5338;224;239;140;land;true;jungle;6
5339;154;191;213;land;true;forest;2
5340;179;201;205;land;false;forest;6
5341;168;166;218;land;true;marsh;6
5342;206;245;142;land;true;jungle;2
5343;243;189;210;land;true;jungle;6
5344;224;224;121;land;false;jungle;6
5345;101;194;215;land;false;jungle;6
5346;183;225;242;land;false;plains;6
5347;224;214;65;land;true;marsh;6
5348;203;62;237;land;true;jungle;2
5349;137;218;164;land;true;forest;2
5350;244;116;232;land;true;jungle;6
5351;177;227;146;land;false;hills;6
5352;243;110;176;land;false;jungle;6
5353;235;141;217;land;true;forest;2
5354;191;225;168;land;false;forest;6
5355;142;218;179;land;true;marsh;6
5356;212;225;223;land;false;jungle;6
5357;188;224;152;land;true;jungle;6
5358;167;183;253;land;false;hills;6
5359;244;173;195;land;false;jungle;6
5360;214;135;183;land;true;forest;2
5361;219;177;217;land;false;marsh;6
5362;194;208;197;land;false;marsh;6
5363;191;202;234;land;true;forest;2
5364;204;185;182;land;true;hills;6
5365;65;190;253;land;false;hills;6
5366;204;233;202;land;true;jungle;6
5367;159;214;167;land;true;hills;6
5368;161;244;205;land;false;jungle;6
5369;197;154;197;land;true;hills;6
5370;129;234;158;land;true;hills;6
5371;218;236;152;land;true;marsh;6
5372;206;187;115;land;true;plains;2
5373;48;247;242;land;false;hills;6
5374;216;154;160;land;false;jungle;6
5375;109;251;169;land;false;hills;6
5376;241;156;251;land;true;marsh;6
5377;187;135;230;land;false;hills;6
5378;247;237;89;land;true;forest;2
5379;222;156;144;land;false;hills;6
5380;232;200;201;land;true;forest;2
5381;207;166;205;land;true;plains;2
5382;187;114;251;land;false;jungle;6
5383;195;182;215;land;false;mountain;6
5384;198;230;78;land;true;marsh;6
5385;228;154;231;land;false;hills;6
5386;239;189;213;land;false;hills;6
5387;205;167;180;land;true;jungle;6
5388;223;59;227;land;true;plains;2
5389;233;118;205;land;false;jungle;6
5390;97;252;190;land;true;forest;2
5391;197;233;251;land;true;forest;2
5392;185;94;228;land;false;jungle;6
5393;246;250;247;land;true;jungle;6
5394;146;197;186;land;true;forest;2
5395;168;200;136;land;false;hills;6
5396;143;122;244;land;false;jungle;6
5397;78;244;232;land;false;hills;6
5398;200;151;178;land;false;jungle;6
5399;204;248;145;land;true;jungle;6
5400;166;198;157;land;true;plains;2
5401;235;200;235;land;false;hills;1
5402;134;216;197;land;false;mountain;1
5403;210;251;160;land;true;jungle;6
5404;196;220;192;land;true;jungle;6
5405;151;207;172;land;true;forest;2
5406;244;59;213;land;true;forest;2
5407;245;56;219;land;true;forest;2
5408;184;115;210;land;true;hills;6
5409;148;203;245;land;false;jungle;6
5410;225;247;100;land;true;forest;2
5411;143;248;210;land;true;forest;2
5412;163;222;205;land;true;forest;2
5413;211;226;74;land;true;forest;2
5414;134;209;180;land;true;forest;2
5415;248;206;207;land;false;jungle;6
5416;214;171;202;land;true;forest;2
5417;222;153;143;land;true;hills;2
5418;150;162;220;land;false;jungle;6
5419;180;153;232;land;true;forest;2
5420;96;234;245;land;true;forest;2
5421;240;190;152;land;true;hills;2
5422;226;199;171;land;false;jungle;6
5423;209;216;125;land;true;forest;2
5424;161;127;249;land;true;hills;2
5425;221;229;120;land;true;forest;2
5426;218;87;229;land;true;hills;2
5427;213;212;204;land;false;hills;1
5428;204;252;106;land;false;hills;6
5429;243;227;77;land;false;forest;6
5430;163;225;252;land;true;forest;2
5431;242;215;55;land;false;jungle;6
5432;224;175;188;land;false;hills;6
5433;225;206;147;land;false;hills;1
5434;174;176;200;land;true;forest;2
5435;161;193;201;land;true;forest;2
5436;221;246;212;land;true;hills;2
5437;216;216;174;land;false;plains;1
5438;174;233;254;land;false;hills;6
5439;184;248;183;land;true;forest;2
5440;221;82;218;land;false;jungle;6
5441;145;189;194;land;true;forest;2
5442;91;251;235;land;true;forest;2
5443;228;148;204;land;false;jungle;6
5444;124;165;253;land;true;forest;2
5445;234;131;223;land;true;forest;2
5446;252;217;208;land;false;plains;2
5447;148;154;225;land;false;hills;6
5448;195;239;90;land;false;jungle;6
5449;147;245;138;land;true;forest;2
5450;163;250;98;land;true;forest;2
5451;162;242;124;land;true;forest;2
5452;200;213;164;land;true;forest;2
5453;79;247;254;land;true;forest;2
5454;92;253;173;land;true;forest;2
5455;222;115;204;land;true;plains;2
5456;123;249;130;land;true;plains;1
5457;150;203;202;land;false;jungle;6
5458;174;176;178;land;false;forest;6
5459;97;212;213;land;false;hills;6
5460;230;201;115;land;true;forest;2
5461;238;239;57;land;true;forest;2
5462;238;234;97;land;true;hills;2
5463;171;219;192;land;false;plains;1
5464;79;214;251;land;true;hills;2
5465;148;145;248;land;true;plains;2
5466;123;239;230;land;false;hills;2
5467;173;225;165;land;true;hills;2
5468;140;195;203;land;false;forest;6
5469;126;225;224;land;true;hills;2
5470;249;247;176;land;true;jungle;6
5471;128;221;235;land;true;forest;2
5472;230;218;160;land;false;plains;1
5473;157;222;209;land;false;plains;1
5474;132;220;216;land;true;plains;2
5475;231;146;140;land;true;plains;2
5476;216;213;103;land;true;hills;2
5477;220;116;239;land;false;plains;6
5478;233;71;222;land;true;plains;1
5479;236;55;251;land;false;jungle;6
5480;210;236;208;land;false;hills;6
5481;174;181;221;land;false;hills;6
5482;227;111;217;land;true;forest;2
5483;151;175;233;land;false;plains;1
5484;160;174;249;land;false;jungle;6
5485;234;42;236;land;true;forest;2
5486;156;167;216;land;false;hills;6
5487;195;151;243;land;true;plains;1
5488;195;172;219;land;true;forest;2
5489;247;195;227;land;false;plains;2
5490;189;227;220;land;true;plains;1
5491;244;245;140;land;false;hills;6
5492;146;238;242;land;false;jungle;6
5493;221;73;223;land;true;forest;2
5494;105;192;225;land;false;hills;2
5495;94;243;204;land;false;plains;1
5496;192;188;233;land;false;jungle;6
5497;206;179;248;land;false;forest;2
5498;196;242;91;land;false;plains;6
5499;241;103;254;land;true;plains;6
5500;169;238;177;land;false;plains;6
5501;58;229;238;land;false;hills;6
5502;104;234;224;land;false;jungle;6
5503;162;252;188;land;true;hills;2
5504;178;235;238;land;true;plains;1
5505;180;115;241;land;false;plains;1
5506;217;247;72;land;false;hills;6
5507;118;235;174;land;true;forest;2
5508;93;246;172;land;false;hills;6
5509;192;235;89;land;false;forest;6
5510;207;119;201;land;true;forest;2
5511;169;173;242;land;true;plains;1
5512;174;214;166;land;true;forest;2
5513;253;248;208;land;true;plains;1
5514;156;254;103;land;true;plains;1
5515;220;234;119;land;false;plains;6
5516;88;243;170;land;false;mountain;6
5517;230;157;216;land;false;hills;6
5518;252;247;2;land;false;hills;2
5519;244;162;196;land;false;plains;1
5520;239;237;74;land;false;forest;6
5521;144;250;205;land;false;plains;2
5522;250;208;216;land;true;plains;1
5523;253;168;95;land;true;jungle;6
5524;228;243;94;land;true;plains;1
5525;137;236;144;land;true;forest;2
5526;221;54;236;land;true;hills;1
5527;247;177;247;land;true;plains;1
5528;234;123;239;land;false;plains;1
5529;227;183;124;land;true;hills;1
5530;147;220;172;land;true;plains;1
5531;191;208;181;land;false;plains;1
5532;213;46;250;land;true;forest;2
5533;123;198;188;land;false;plains;2
5534;202;202;119;land;true;hills;1
5535;106;221;249;land;false;plains;1
5536;92;162;252;land;false;hills;2
5537;230;244;131;land;true;plains;1
5538;116;170;218;land;false;jungle;1
5539;249;235;86;land;false;jungle;6
5540;229;191;186;land;false;jungle;6
5541;237;176;250;land;true;jungle;6
5542;211;199;192;land;false;forest;2
5543;254;216;222;land;false;plains;2
5544;200;177;246;land;true;hills;1
5545;206;65;250;land;true;forest;2
5546;178;102;232;land;true;plains;1
5547;122;211;239;land;false;plains;1
5548;198;121;213;land;false;forest;6
5549;133;217;221;land;true;forest;2
5550;189;118;216;land;true;plains;1
5551;248;79;233;land;false;plains;6
5552;180;229;165;land;true;plains;1
5553;219;234;116;land;true;plains;1
5554;206;246;180;land;false;hills;6
5555;200;162;169;land;false;hills;6
5556;246;228;111;land;true;jungle;6
5557;235;221;209;land;true;forest;2
5558;33;245;250;land;true;forest;2
5559;134;211;159;land;false;mountain;2
5560;160;222;230;land;true;hills;1
5561;180;139;246;land;true;plains;1
5562;206;251;157;land;true;plains;1
5563;235;202;242;land;true;plains;6
5564;157;172;182;land;false;plains;1
5565;226;229;218;land;false;hills;6
5566;205;200;124;land;false;jungle;6
5567;253;143;217;land;false;plains;1
5568;145;211;234;land;false;plains;1
5569;149;155;219;land;false;jungle;6
5570;149;191;222;land;false;jungle;6
5571;110;217;197;land;true;forest;2
5572;229;241;180;land;false;plains;1
5573;30;250;247;land;false;plains;1
5574;178;229;112;land;true;jungle;6
5575;127;163;231;land;true;forest;2
5576;85;195;239;land;false;plains;6
5577;226;177;251;land;false;forest;2
5578;121;176;251;land;true;hills;1
5579;119;157;245;land;false;mountain;2
5580;197;154;159;land;false;plains;1
5581;178;209;136;land;false;hills;6
5582;136;196;240;land;true;jungle;6
5583;250;209;194;land;true;forest;2
5584;150;189;249;land;false;plains;1
5585;252;98;254;land;false;plains;6
5586;238;230;90;land;false;forest;6
5587;229;160;233;land;false;hills;1
5588;186;215;108;land;false;plains;1
5589;180;182;158;land;false;plains;6
5590;157;195;240;land;false;hills;6
5591;247;178;228;land;false;plains;1
5592;228;191;204;land;false;plains;1
5593;180;192;182;land;false;plains;2
5594;171;165;221;land;false;jungle;1
5595;112;238;197;land;false;hills;6
5596;96;224;194;land;true;hills;2
5597;187;194;176;land;true;hills;1
5598;228;51;224;land;false;jungle;1
5599;150;215;234;land;false;jungle;6
5600;252;168;101;land;false;plains;2
5601;249;150;113;land;false;plains;1
5602;249;232;241;land;false;plains;1
5603;154;189;214;land;false;hills;1
5604;243;218;101;land;true;forest;6
5605;153;253;205;land;false;hills;1
5606;66;221;253;land;false;plains;1
5607;207;144;248;land;false;hills;1
5608;185;170;148;land;false;hills;6
5609;156;141;213;land;true;jungle;6
5610;174;206;193;land;false;jungle;1
5611;80;253;170;land;true;forest;2
5612;99;222;196;land;false;mountain;2
5613;167;134;209;land;false;hills;1
5614;190;253;124;land;false;hills;1
5615;135;218;174;land;false;forest;6
5616;204;224;105;land;true;hills;1
5617;143;225;196;land;false;plains;1
5618;127;195;208;land;false;hills;6
5619;209;238;98;land;false;plains;1
5620;226;243;105;land;false;plains;1
5621;82;180;248;land;false;hills;1
5622;201;111;227;land;true;hills;1
5623;207;211;84;land;false;hills;1
5624;97;241;214;land;false;jungle;1
5625;242;228;79;land;false;forest;6
5626;239;87;242;land;true;forest;6
5627;39;242;246;land;true;forest;2
5628;81;248;232;land;true;hills;2
5629;242;213;196;land;false;plains;1
5630;211;230;104;land;true;jungle;6
5631;248;164;129;land;false;jungle;1
5632;240;89;208;land;false;jungle;1
5633;169;216;145;land;false;jungle;6
5634;209;208;251;land;false;hills;6
5635;239;41;226;land;false;jungle;1
5636;240;187;110;land;false;jungle;1
5637;160;236;156;land;false;hills;1
5638;126;191;234;land;true;marsh;6
5639;188;147;220;land;false;plains;2
5640;243;161;146;land;true;hills;1
5641;254;66;216;land;false;hills;1
5642;146;240;220;land;false;jungle;1
5643;196;239;84;land;true;forest;2
5644;182;226;232;land;false;plains;1
5645;201;178;154;land;false;plains;1
5646;118;214;248;land;false;hills;6
5647;178;210;245;land;true;jungle;6
5648;143;141;229;land;true;jungle;6
5649;121;219;207;land;false;forest;2
5650;75;209;224;land;false;hills;1
5651;181;176;159;land;false;hills;1
5652;228;191;88;land;false;hills;6
5653;222;74;218;land;false;plains;2
5654;200;226;169;land;false;hills;1
5655;137;157;207;land;false;plains;1
5656;227;145;184;land;false;plains;1
5657;212;239;81;land;true;hills;2
5658;177;97;254;land;false;plains;1
5659;86;193;242;land;false;plains;1
5660;91;222;240;land;false;plains;1
5661;232;146;162;land;false;hills;1
5662;208;227;84;land;false;plains;6
5663;80;246;228;land;true;hills;1
5664;240;143;235;land;true;hills;1
5665;182;253;149;land;false;jungle;1
5666;198;249;124;land;false;plains;2
5667;95;209;220;land;false;jungle;1
5668;252;166;95;land;false;hills;6
5669;133;194;239;land;true;jungle;6
5670;250;190;254;land;false;jungle;1
5671;237;93;195;land;false;plains;1
5672;245;219;167;land;true;forest;2
5673;215;231;126;land;false;plains;2
5674;207;252;206;land;false;jungle;1
5675;248;209;237;land;false;plains;1
5676;129;236;250;land;false;hills;6
5677;247;85;201;land;false;mountain;2
5678;200;168;253;land;false;hills;1
5679;118;238;208;land;false;plains;1
5680;181;178;143;land;false;plains;1
5681;185;251;177;land;false;plains;6
5682;143;201;246;land;true;jungle;6
5683;227;205;120;land;true;hills;2
5684;190;227;240;land;false;hills;6
5685;97;230;187;land;false;hills;6
5686;105;209;251;land;true;jungle;6
5687;250;92;201;land;false;hills;1
5688;246;228;203;land;false;plains;1
5689;110;254;144;land;false;plains;1
5690;198;205;234;land;false;forest;2
5691;248;221;34;land;true;hills;1
5692;174;170;250;land;false;mountain;1
5693;216;207;206;land;false;jungle;1
5694;211;182;165;land;false;forest;1
5695;182;250;248;land;false;hills;6
5696;252;84;179;land;false;hills;6
5697;214;171;223;land;false;plains;6
5698;216;108;193;land;true;marsh;6
5699;220;194;155;land;false;plains;2
5700;238;87;213;land;false;hills;1
5701;242;180;116;land;false;hills;6
5702;246;226;217;land;true;jungle;6
5703;166;243;230;land;false;forest;1
5704;248;180;124;land;false;plains;1
5705;221;219;210;land;false;plains;6
5706;204;233;182;land;false;forest;6
5707;192;147;241;land;false;plains;6
5708;218;190;128;land;false;plains;2
5709;225;235;104;land;false;hills;1
5710;182;244;229;land;false;plains;2
5711;227;141;140;land;false;plains;2
5712;254;180;163;land;false;hills;1
5713;218;221;146;land;false;plains;1
5714;214;129;213;land;false;plains;1
5715;154;146;253;land;true;jungle;6
5716;209;198;204;land;false;forest;1
5717;223;244;254;land;false;plains;1
5718;241;155;111;land;false;hills;6
5719;216;212;161;land;true;forest;2
5720;247;234;212;land;false;hills;6
5721;231;132;187;land;false;jungle;6
5722;116;231;217;land;true;jungle;6
5723;232;143;131;land;false;mountain;1
5724;188;250;240;land;false;plains;6
5725;171;225;238;land;false;plains;6
5726;148;173;233;land;false;hills;6
5727;160;237;213;land;false;forest;6
5728;240;177;162;land;false;hills;1
5729;109;188;238;land;false;hills;1
5730;186;175;243;land;false;forest;1
5731;107;250;232;land;false;plains;1
5732;125;213;174;land;false;plains;1
5733;212;252;253;land;true;jungle;6
5734;178;210;247;land;false;hills;1
5735;110;230;176;land;false;plains;1
5736;221;220;80;land;false;hills;1
5737;249;108;153;land;false;jungle;6
5738;206;214;105;land;false;hills;1
5739;240;207;209;land;false;plains;1
5740;212;168;186;land;false;plains;1
5741;113;254;146;land;false;plains;1
5742;242;90;203;land;false;plains;6
5743;232;238;239;land;false;hills;6
5744;227;146;166;land;false;hills;1
5745;203;221;135;land;false;plains;1
5746;224;143;212;land;false;plains;1
5747;85;225;227;land;false;hills;6
5748;188;96;241;land;false;jungle;6
5749;109;203;214;land;false;jungle;6
5750;179;242;251;land;false;plains;6
5751;192;244;170;land;true;plains;6
5752;231;179;251;land;true;jungle;6
5753;194;188;188;land;false;hills;6
5754;253;241;34;land;false;plains;1
5755;164;166;187;land;false;plains;6
5756;222;209;196;land;false;jungle;6
5757;202;168;165;land;false;plains;6
5758;207;161;221;land;false;plains;2
5759;201;106;214;land;false;forest;1
5760;151;228;178;land;false;jungle;6
5761;252;183;200;land;false;hills;6
5762;196;235;118;land;false;jungle;6
5763;157;127;241;land;true;plains;6
5764;251;209;189;land;true;marsh;6
5765;98;236;250;land;true;hills;6
5766;76;245;198;land;true;forest;2
5767;203;118;181;land;false;mountain;2
5768;220;40;250;land;false;mountain;1
5769;96;237;170;land;false;forest;1
5770;235;223;149;land;false;plains;1
5771;136;211;156;land;false;forest;6
5772;250;178;125;land;false;plains;1
5773;239;92;192;land;false;hills;6
5774;129;242;183;land;false;hills;1
5775;232;190;182;land;false;forest;1
5776;251;247;234;land;false;plains;6
5777;210;115;214;land;false;forest;2
5778;193;177;136;land;true;jungle;6
5779;113;166;244;land;true;forest;6
5780;206;235;170;land;false;hills;1
5781;211;227;163;land;false;plains;1
5782;174;170;246;land;false;plains;1
5783;141;252;188;land;false;hills;6
5784;222;159;149;land;false;hills;6
5785;249;105;177;land;false;plains;6
5786;237;222;46;land;false;mountain;2
5787;217;198;186;land;false;hills;1
5788;220;185;211;land;false;plains;2
5789;136;208;250;land;false;hills;6
5790;198;208;210;land;true;forest;2
5791;174;241;92;land;false;forest;1
5792;104;172;242;land;false;plains;6
5793;103;233;238;land;false;forest;6
5794;80;251;181;land;true;forest;6
5795;216;77;241;land;false;plains;6
5796;245;237;216;land;false;hills;1
5797;175;212;223;land;false;hills;1
5798;154;119;241;land;false;plains;1
5799;178;150;239;land;true;jungle;6
5800;219;211;150;land;false;hills;6
5801;220;192;235;land;true;forest;2
5802;241;241;131;land;false;forest;2
5803;254;203;182;land;false;hills;6
5804;145;202;213;land;false;hills;6
5805;152;244;213;land;false;plains;2
5806;158;234;215;land;true;hills;2
5807;148;213;189;land;true;hills;1
5808;211;181;204;land;true;plains;1
5809;167;254;199;land;false;hills;6
5810;109;223;185;land;false;forest;1
5811;166;202;137;land;false;forest;1
5812;238;64;228;land;false;jungle;6
5813;222;62;229;land;false;forest;6
5814;205;195;144;land;true;hills;2
5815;230;209;137;land;true;hills;1
5816;189;251;120;land;false;hills;6
5817;251;241;176;land;false;hills;6
5818;247;227;39;land;false;plains;6
5819;205;176;137;land;false;plains;2
5820;213;226;191;land;false;forest;2
5821;246;246;56;land;false;plains;2
5822;252;58;252;land;false;mountain;2
5823;194;212;224;land;false;forest;1
5824;204;185;243;land;false;forest;1
5825;247;246;42;land;true;plains;1
5826;151;252;201;land;false;forest;6
5827;226;37;246;land;true;jungle;6
5828;206;200;253;land;false;hills;1
5829;156;220;252;land;true;plains;1
5830;112;225;209;land;false;hills;6
5831;233;146;124;land;false;forest;6
5832;155;228;248;land;false;hills;6
5833;190;104;231;land;false;mountain;1
5834;247;180;83;land;false;hills;1
5835;240;41;242;land;false;forest;1
5836;240;208;229;land;false;hills;6
5837;151;179;218;land;true;forest;6
5838;170;136;246;land;true;jungle;6
5839;233;245;206;land;false;forest;6
5840;158;243;104;land;true;forest;2
5841;228;140;189;land;false;mountain;1
5842;154;137;242;land;false;hills;6
5843;218;147;249;land;false;jungle;6
5844;220;89;229;land;false;hills;6
5845;133;230;231;land;false;forest;1
5846;233;219;95;land;false;plains;1
5847;152;223;198;land;true;forest;2
5848;227;151;214;land;false;forest;1
5849;199;229;122;land;true;plains;6
5850;222;172;233;land;false;mountain;6
5851;176;146;185;land;true;hills;2
5852;108;244;236;land;true;jungle;6
5853;182;225;244;land;false;hills;6
5854;238;185;167;land;false;plains;2
5855;198;117;199;land;false;forest;1
5856;234;154;115;land;true;plains;1
5857;247;198;77;land;false;forest;1
5858;221;214;108;land;true;plains;1
5859;161;204;231;land;false;forest;2
5860;211;213;116;land;false;hills;1
5861;54;246;217;land;true;jungle;6
5862;135;169;220;land;false;hills;6
5863;76;183;254;land;false;hills;6
5864;230;162;144;land;true;marsh;6
5865;129;227;227;land;false;mountain;1
5866;224;232;155;land;true;plains;1
5867;169;249;84;land;true;plains;1
5868;245;197;229;land;false;forest;6
5869;241;172;147;land;false;hills;6
5870;64;214;229;land;true;forest;2
5871;137;222;222;land;false;forest;2
5872;227;204;229;land;false;hills;1
5873;99;233;178;land;false;mountain;6
5874;116;140;250;land;false;forest;6
5875;251;233;105;land;false;hills;6
5876;158;205;233;land;false;forest;1
5877;86;195;232;land;true;forest;6
5878;235;81;223;land;false;forest;1
5879;163;248;232;land;false;forest;1
5880;155;207;148;land;false;hills;6
5881;227;187;165;land;false;hills;6
5882;123;247;254;land;false;mountain;2
5883;252;83;212;land;true;marsh;6
5884;242;140;192;land;false;mountain;2
5885;202;239;92;land;false;plains;1
5886;153;123;225;land;false;hills;6
5887;176;232;170;land;false;hills;6
5888;197;176;230;land;false;jungle;6
5889;228;237;126;land;false;forest;1
5890;178;162;165;land;false;forest;1
5891;213;128;222;land;true;plains;1
5892;113;204;230;land;true;jungle;6
5893;233;194;221;land;false;jungle;6
5894;212;138;253;land;true;forest;6
5895;199;127;211;land;true;forest;2
5896;231;209;222;land;true;plains;1
5897;192;227;218;land;false;hills;1
5898;153;252;244;land;false;forest;1
5899;143;232;155;land;false;forest;6
5900;212;250;126;land;false;hills;2
5901;168;187;209;land;true;jungle;6
5902;141;232;214;land;false;forest;2
5903;187;208;246;land;true;forest;2
5904;51;236;239;land;true;forest;2
5905;186;243;248;land;false;plains;1
5906;176;238;132;land;true;forest;2
5907;248;202;108;land;false;forest;1
5908;186;236;220;land;true;jungle;6
5909;135;215;151;land;false;mountain;6
5910;169;138;235;land;false;hills;6
5911;245;252;109;land;false;hills;6
5912;177;200;131;land;false;plains;2
5913;188;78;253;land;false;mountain;2
5914;225;139;160;land;false;forest;1
5915;242;196;219;land;false;jungle;6
5916;231;56;246;land;true;jungle;6
5917;143;204;169;land;false;plains;2
5918;222;168;159;land;true;jungle;6
5919;148;183;185;land;true;forest;2
5920;253;217;69;land;true;forest;2
5921;195;160;239;land;false;hills;1
5922;155;201;239;land;false;forest;1
5923;165;177;196;land;true;jungle;6
5924;183;234;222;land;false;hills;6
5925;192;174;231;land;false;forest;2
5926;231;107;252;land;false;hills;1
5927;105;242;221;land;true;jungle;6
5928;142;218;195;land;false;forest;2
5929;201;188;181;land;true;hills;1
5930;103;202;227;land;false;plains;2
5931;223;112;210;land;false;forest;1
5932;187;222;147;land;false;forest;1
5933;235;219;169;land;true;jungle;6
5934;128;246;133;land;false;hills;1
5935;231;110;217;land;false;plains;2
5936;250;233;128;land;false;mountain;2
5937;127;228;196;land;false;hills;6
5938;223;195;244;land;false;forest;6
5939;245;246;215;land;false;hills;1
5940;240;252;249;land;false;hills;6
5941;234;195;72;land;false;forest;6
5942;190;114;244;land;true;hills;2
5943;150;200;155;land;false;plains;2
5944;218;214;140;land;false;forest;2
5945;202;160;145;land;false;forest;1
5946;234;191;170;land;false;forest;1
5947;75;231;242;land;false;mountain;6
5948;136;216;219;land;false;hills;6
5949;223;168;199;land;false;hills;6
5950;252;247;78;land;false;forest;6
5951;170;192;227;land;false;hills;6
5952;120;243;185;land;true;jungle;6
5953;213;179;138;land;true;jungle;6
5954;193;202;164;land;false;hills;6
5955;245;149;181;land;false;hills;6
5956;236;130;248;land;false;mountain;1
5957;171;238;226;land;false;hills;1
5958;158;171;175;land;false;forest;1
5959;167;201;215;land;false;hills;6
5960;122;231;168;land;false;mountain;6
5961;103;239;178;land;false;forest;6
5962;246;229;168;land;true;hills;2
5963;225;170;137;land;false;hills;6
5964;222;149;187;land;false;plains;6
5965;131;202;190;land;false;forest;2
5966;151;144;220;land;false;forest;1
5967;247;191;160;land;false;forest;6
5968;245;190;80;land;false;plains;2
5969;235;111;156;land;true;jungle;6
5970;231;211;152;land;false;hills;6
5971;110;220;223;land;false;plains;2
5972;59;203;253;land;false;hills;1
5973;138;200;201;land;false;forest;1
5974;158;181;254;land;false;forest;1
5975;218;206;169;land;false;mountain;6
5976;225;169;252;land;false;plains;2
5977;154;254;97;land;false;mountain;1
5978;70;237;244;land;false;forest;1
5979;245;117;151;land;false;forest;6
5980;154;193;174;land;false;forest;2
5981;247;245;55;land;false;jungle;1
5982;203;251;226;land;false;forest;1
5983;187;161;174;land;true;jungle;6
5984;224;101;183;land;false;forest;6
5985;206;199;124;land;false;plains;2
5986;194;249;172;land;false;jungle;1
5987;216;240;74;land;false;forest;1
5988;161;204;224;land;false;hills;6
5989;232;68;202;land;true;hills;2
5990;145;107;253;land;false;forest;1
5991;105;235;198;land;false;forest;1
5992;187;132;238;land;false;plains;1
5993;250;148;237;land;true;plains;1
5994;133;232;183;land;true;jungle;6
5995;218;80;245;land;false;hills;6
5996;180;158;203;land;false;forest;6
5997;253;228;107;land;false;forest;6
5998;93;196;225;land;false;hills;2
5999;243;86;224;land;false;hills;2
6000;224;176;127;land;false;plains;2
6001;147;236;225;land;false;hills;1
6002;197;238;250;land;false;hills;6
6003;117;191;229;land;false;hills;6
6004;161;174;170;land;false;hills;6
6005;253;116;241;land;true;hills;6
6006;119;251;250;land;true;jungle;6
6007;196;185;197;land;false;mountain;6
6008;104;215;203;land;true;forest;2
6009;191;135;225;land;false;forest;6
6010;158;122;240;land;false;plains;6
6011;160;246;177;land;false;hills;6
6012;204;219;194;land;false;jungle;1
6013;234;114;178;land;false;jungle;1
6014;168;189;247;land;false;forest;1
6015;56;245;231;land;true;jungle;6
6016;241;252;252;land;false;hills;2
6017;228;219;243;land;false;hills;1
6018;216;229;137;land;false;hills;6
6019;165;198;236;land;false;mountain;6
6020;238;125;169;land;false;forest;2
6021;162;250;167;land;true;jungle;1
6022;234;216;109;land;false;forest;1
6023;206;151;189;land;false;hills;6
6024;134;191;195;land;false;forest;6
6025;220;179;193;land;true;hills;2
6026;104;187;247;land;true;hills;1
6027;207;230;70;land;true;jungle;6
6028;70;241;237;land;false;mountain;6
6029;154;219;179;land;false;hills;6
6030;176;226;234;land;false;forest;6
6031;247;178;226;land;true;hills;2
6032;140;227;228;land;false;hills;6
6033;239;45;250;land;false;hills;6
6034;239;240;193;land;false;hills;6
6035;174;156;212;land;false;plains;6
6036;183;212;144;land;false;jungle;1
6037;188;230;240;land;false;jungle;1
6038;152;106;254;land;false;hills;6
6039;226;111;248;land;false;jungle;1
6040;131;187;186;land;false;forest;1
6041;221;88;192;land;true;forest;2
6042;184;233;86;land;true;plains;2
6043;242;116;210;land;false;hills;2
6044;99;226;197;land;false;forest;2
6045;153;168;192;land;false;forest;2
6046;252;248;237;land;true;jungle;6
6047;185;247;170;land;false;forest;6
6048;119;252;130;land;true;forest;2
6049;247;138;198;land;true;jungle;1
6050;207;230;126;land;false;jungle;1
6051;250;232;47;land;false;hills;6
6052;207;236;200;land;false;forest;6
6053;91;228;194;land;false;hills;6
6054;39;228;235;land;false;forest;1
6055;145;149;220;land;true;hills;6
6056;214;231;191;land;false;plains;6
6057;196;135;217;land;true;forest;6
6058;217;224;171;land;false;plains;2
6059;231;224;153;land;false;forest;2
6060;163;177;223;land;false;mountain;1
6061;130;212;232;land;true;jungle;6
6062;87;229;228;land;false;hills;6
6063;186;166;149;land;true;forest;2
6064;148;205;237;land;true;forest;2
6065;191;185;196;land;false;hills;6
6066;71;218;213;land;true;marsh;6
6067;188;93;254;land;false;forest;1
6068;251;225;83;land;false;mountain;6
6069;174;129;199;land;false;hills;6
6070;172;239;201;land;false;hills;6
6071;58;214;254;land;false;hills;6
6072;200;172;217;land;true;jungle;6
6073;172;221;227;land;true;jungle;6
6074;206;81;251;land;false;hills;6
6075;254;215;48;land;true;forest;6
6076;248;195;205;land;true;jungle;6
6077;234;186;135;land;false;plains;2
6078;115;223;230;land;false;jungle;1
6079;148;167;229;land;true;hills;2
6080;141;228;220;land;false;plains;2
6081;136;246;139;land;false;forest;2
6082;156;148;197;land;true;jungle;6
6083;208;200;166;land;false;plains;6
6084;185;187;253;land;true;forest;2
6085;193;228;213;land;false;forest;1
6086;190;222;117;land;true;marsh;6
6087;176;227;127;land;false;hills;6
6088;136;174;202;land;false;plains;6
6089;231;154;200;land;false;plains;6
6090;111;203;253;land;false;forest;6
6091;217;131;176;land;false;forest;2
6092;234;250;54;land;false;mountain;1
6093;130;254;225;land;false;jungle;1
6094;254;157;183;land;false;forest;6
6095;207;197;138;land;false;forest;6
6096;195;154;164;land;false;hills;6
6097;252;221;39;land;false;hills;6
6098;241;34;232;land;false;jungle;1
6099;207;244;138;land;false;forest;6
6100;208;195;200;land;false;plains;6
6101;121;195;252;land;true;plains;2
6102;133;172;242;land;true;forest;2
6103;136;234;157;land;false;hills;2
6104;244;128;154;land;false;forest;1
6105;141;180;245;land;true;jungle;6
6106;245;91;188;land;false;jungle;2
6107;243;158;225;land;true;hills;1
6108;239;184;230;land;false;plains;1
6109;179;243;204;land;false;jungle;1
6110;155;238;150;land;false;hills;6
6111;243;139;245;land;false;hills;6
6112;192;171;247;land;true;jungle;6
6113;83;246;201;land;true;jungle;2
6114;155;158;217;land;false;hills;6
6115;230;190;224;land;true;forest;2
6116;123;184;216;land;false;hills;2
6117;249;208;79;land;false;forest;2
6118;117;234;183;land;false;hills;6
6119;231;73;222;land;false;jungle;2
6120;143;186;225;land;true;hills;1
6121;183;215;110;land;false;plains;1
6122;244;146;240;land;false;hills;6
6123;215;231;116;land;false;jungle;1
6124;195;178;223;land;true;forest;2
6125;216;162;137;land;true;hills;2
6126;225;235;182;land;false;plains;2
6127;236;188;147;land;false;plains;2
6128;157;130;226;land;true;jungle;1
6129;164;192;181;land;false;jungle;1
6130;161;215;247;land;true;forest;2
6131;173;252;122;land;false;jungle;1
6132;211;208;244;land;false;jungle;1
6133;143;211;216;land;true;forest;6
6134;225;158;203;land;true;forest;2
6135;230;104;211;land;false;hills;1
6136;250;119;209;land;false;hills;6
6137;181;246;153;land;false;forest;6
6138;192;226;230;land;false;hills;7
6139;225;234;230;land;true;jungle;6
6140;142;220;177;land;true;plains;2
6141;35;228;249;land;true;forest;2
6142;191;143;220;land;true;forest;2
6143;251;127;161;land;false;forest;2
6144;210;246;169;land;true;hills;1
6145;201;247;220;land;false;hills;6
6146;195;109;228;land;true;jungle;6
6147;213;161;217;land;false;plains;6
6148;239;249;42;land;false;plains;6
6149;168;192;206;land;false;plains;6
6150;239;252;189;land;true;forest;6
6151;228;208;232;land;true;forest;2
6152;169;253;87;land;false;hills;6
6153;208;96;219;land;true;jungle;2
6154;157;181;169;land;false;forest;1
6155;172;194;143;land;false;jungle;1
6156;247;235;105;land;false;forest;1
6157;181;199;218;land;false;hills;6
6158;213;239;121;land;false;plains;6
6159;163;229;143;land;false;jungle;2
6160;238;66;231;land;false;hills;1
6161;164;175;235;land;false;jungle;1
6162;147;239;117;land;false;hills;6
6163;172;219;150;land;false;hills;6
6164;235;172;190;land;false;plains;6
6165;238;177;184;land;true;forest;2
6166;171;172;218;land;false;forest;2
6167;236;190;210;land;true;hills;2
6168;195;148;222;land;true;hills;1
6169;176;167;231;land;false;jungle;1
6170;172;216;239;land;false;jungle;1
6171;221;218;92;land;true;jungle;2
6172;172;202;129;land;false;plains;2
6173;244;196;132;land;true;plains;1
6174;124;225;172;land;false;plains;2
6175;113;194;242;land;false;forest;6
6176;189;238;175;land;false;forest;6
6177;163;239;109;land;false;hills;6
6178;240;254;247;land;true;jungle;6
6179;206;212;198;land;false;plains;6
6180;250;145;213;land;true;forest;2
6181;225;154;234;land;true;forest;2
6182;229;185;230;land;false;jungle;1
6183;100;228;205;land;false;jungle;1
6184;192;110;234;land;false;hills;6
6185;164;231;203;land;false;forest;6
6186;245;219;126;land;true;jungle;2
6187;112;225;206;land;true;forest;2
6188;4;250;253;land;true;jungle;1
6189;237;83;251;land;false;hills;1
6190;88;221;218;land;false;jungle;1
6191;145;219;230;land;true;jungle;6
6192;248;213;110;land;false;hills;6
6193;253;83;215;land;true;jungle;6
6194;206;228;103;land;true;forest;2
6195;87;235;183;land;false;jungle;2
6196;165;216;235;land;false;mountain;6
6197;225;213;217;land;false;jungle;2
6198;250;239;169;land;true;jungle;1
6199;162;180;192;land;false;plains;6
6200;252;114;248;land;true;hills;2
6201;230;180;110;land;true;plains;1
6202;246;158;230;land;false;jungle;1
6203;91;206;220;land;true;plains;1
6204;238;213;213;land;true;jungle;6
6205;237;230;106;land;true;jungle;6
6206;250;120;250;land;false;hills;6
6207;211;135;191;land;false;plains;6
6208;210;218;216;land;true;hills;1
6209;164;105;240;land;false;jungle;1
6210;243;168;145;land;false;plains;6
6211;254;208;82;land;false;plains;6
6212;213;239;99;land;true;jungle;2
6213;248;193;173;land;false;jungle;1
6214;74;233;242;land;false;jungle;1
6215;164;222;242;land;false;hills;6
6216;222;155;206;land;true;hills;1
6217;148;249;108;land;true;jungle;1
6218;73;186;252;land;false;plains;6
6219;246;246;97;land;false;hills;6
6220;182;215;241;land;false;plains;6
6221;207;191;220;land;true;jungle;6
6222;147;249;153;land;false;plains;2
6223;114;251;171;land;false;jungle;1
6224;100;235;251;land;false;forest;1
6225;252;165;157;land;false;plains;6
6226;243;73;209;land;true;hills;6
6227;217;185;148;land;false;plains;6
6228;193;251;127;land;false;hills;6
6229;149;233;251;land;true;hills;2
6230;240;179;176;land;true;desert;2
6231;186;226;246;land;false;forest;2
6232;68;233;254;land;false;hills;1
6233;167;101;240;land;true;forest;1
6234;159;249;104;land;true;jungle;6
6235;198;249;189;land;false;hills;6
6236;213;151;173;land;false;forest;6
6237;176;240;221;land;false;hills;6
6238;241;182;113;land;false;hills;6
6239;48;215;241;land;true;jungle;6
6240;249;227;172;land;false;hills;6
6241;206;86;234;land;false;hills;6
6242;209;244;240;land;false;hills;6
6243;251;222;47;land;true;jungle;6
6244;159;188;193;land;true;jungle;1
6245;132;164;242;land;false;jungle;1
6246;167;247;132;land;true;hills;1
6247;164;254;242;land;false;forest;1
6248;220;196;203;land;false;hills;6
6249;218;107;245;land;true;jungle;6
6250;207;86;225;land;true;hills;2
6251;197;190;222;land;false;forest;2
6252;173;120;221;land;true;hills;1
6253;217;187;237;land;false;jungle;1
6254;214;233;253;land;false;hills;6
6255;242;251;25;land;false;hills;6
6256;61;219;225;land;true;jungle;2
6257;251;201;182;land;true;jungle;1
6258;196;237;130;land;false;forest;7
6259;225;220;240;land;false;hills;6
6260;162;213;127;land;false;forest;2
6261;204;158;184;land;false;jungle;2
6262;245;213;116;land;true;jungle;1
6263;215;70;245;land;false;jungle;1
6264;200;240;194;land;false;plains;2
6265;217;191;131;land;true;jungle;6
6266;241;224;245;land;true;jungle;6
6267;229;232;197;land;false;hills;2
6268;136;210;161;land;false;jungle;1
6269;162;206;137;land;false;plains;6
6270;250;222;196;land;false;plains;2
6271;224;164;181;land;false;jungle;1
6272;247;224;155;land;true;jungle;1
6273;206;199;241;land;true;forest;1
6274;100;243;162;land;true;forest;1
6275;252;94;192;land;false;forest;1
6276;203;144;218;land;false;hills;6
6277;229;254;213;land;false;plains;6
6278;144;128;240;land;false;plains;6
6279;209;126;230;land;true;jungle;2
6280;184;173;234;land;false;hills;2
6281;184;135;200;land;false;jungle;2
6282;150;189;207;land;false;hills;1
6283;56;244;238;land;true;hills;1
6284;199;167;208;land;true;hills;1
6285;189;194;172;land;true;jungle;1
6286;175;163;216;land;true;hills;1
6287;205;194;125;land;false;hills;6
6288;36;238;253;land;false;hills;6
6289;187;206;183;land;false;plains;6
6290;166;123;254;land;false;jungle;1
6291;219;241;58;land;true;jungle;1
6292;203;173;171;land;true;hills;1
6293;225;215;120;land;true;jungle;6
6294;209;145;185;land;false;forest;6
6295;128;198;222;land;true;jungle;2
6296;235;94;181;land;true;jungle;2
6297;184;196;212;land;true;jungle;1
6298;63;245;252;land;true;jungle;1
6299;211;228;247;land;false;hills;6
6300;200;137;253;land;false;plains;6
6301;171;176;244;land;false;hills;1
6302;166;245;125;land;true;hills;1
6303;118;227;191;land;false;hills;6
6304;223;253;113;land;false;forest;6
6305;241;88;193;land;false;plains;6
6306;228;247;184;land;true;jungle;2
6307;202;77;238;land;false;forest;6
6308;139;166;210;land;false;forest;6
6309;112;243;245;land;true;jungle;1
6310;225;108;169;land;false;plains;6
6311;252;163;101;land;false;hills;6
6312;254;186;180;land;false;plains;6
6313;245;136;230;land;true;plains;6
6314;235;42;241;land;true;jungle;6
6315;222;238;223;land;true;forest;2
6316;183;236;236;land;true;forest;1
6317;153;159;246;land;false;forest;6
6318;102;230;245;land;false;hills;6
6319;250;183;190;land;true;jungle;2
6320;229;186;235;land;true;jungle;2
6321;56;244;223;land;true;jungle;1
6322;134;225;213;land;true;plains;1
6323;237;253;218;land;false;forest;2
6324;180;98;237;land;true;jungle;1
6325;241;154;122;land;true;jungle;1
6326;178;165;176;land;false;hills;1
6327;108;193;250;land;true;hills;1
6328;201;108;218;land;true;jungle;1
6329;230;213;187;land;false;hills;6
6330;233;252;21;land;false;hills;6
6331;236;171;142;land;true;forest;6
6332;119;244;188;land;true;jungle;2
6333;216;245;118;land;false;forest;2
6334;117;252;212;land;false;jungle;1
6335;109;241;179;land;false;plains;1
6336;232;173;219;land;false;mountain;1
6337;241;67;229;land;false;hills;6
6338;178;117;219;land;false;plains;2
6339;231;95;207;land;true;jungle;1
6340;245;230;215;land;true;forest;6
6341;193;215;184;land;true;jungle;2
6342;195;253;186;land;false;jungle;2
6343;193;230;140;land;true;hills;1
6344;115;195;206;land;false;hills;6
6345;61;237;242;land;false;forest;6
6346;210;237;222;land;true;jungle;1
6347;108;188;245;land;false;plains;6
6348;183;184;136;land;true;plains;6
6349;252;234;223;land;false;jungle;1
6350;113;248;180;land;true;forest;2
6351;61;231;218;land;false;forest;2
6352;195;155;235;land;true;jungle;2
6353;94;228;219;land;true;jungle;1
6354;165;247;153;land;false;forest;1
6355;145;253;165;land;true;jungle;1
6356;94;214;207;land;false;hills;6
6357;241;68;230;land;true;jungle;6
6358;223;178;115;land;false;plains;2
6359;226;158;121;land;false;hills;6
6360;133;232;222;land;false;forest;6
6361;207;130;243;land;true;jungle;2
6362;198;218;161;land;false;plains;6
6363;248;221;251;land;true;plains;6
6364;73;246;200;land;true;jungle;1
6365;250;197;91;land;true;jungle;1
6366;251;234;126;land;true;jungle;1
6367;221;155;149;land;true;hills;1
6368;163;240;159;land;false;plains;1
6369;216;168;234;land;true;plains;1
6370;156;162;245;land;false;hills;6
6371;112;244;214;land;false;desert;6
6372;183;156;182;land;false;hills;6
6373;245;217;218;land;false;plains;6
6374;249;194;247;land;false;hills;2
6375;248;150;160;land;false;jungle;2
6376;47;245;224;land;false;jungle;1
6377;95;217;216;land;false;jungle;1
6378;117;226;192;land;false;forest;6
6379;201;153;173;land;false;forest;6
6380;242;226;245;land;false;forest;6
6381;179;241;94;land;true;hills;1
6382;231;238;152;land;true;forest;6
6383;237;249;177;land;false;forest;6
6384;190;230;137;land;false;plains;6
6385;47;220;244;land;true;jungle;2
6386;229;195;188;land;true;jungle;2
6387;122;249;253;land;false;hills;6
6388;232;223;137;land;true;jungle;6
6389;252;245;33;land;false;plains;6
6390;167;190;160;land;false;forest;6
6391;231;240;110;land;false;hills;6
6392;207;235;74;land;false;hills;6
6393;194;226;229;land;false;hills;6
6394;249;236;89;land;false;hills;6
6395;202;130;221;land;false;plains;6
6396;152;244;182;land;false;plains;2
6397;104;200;224;land;true;jungle;2
6398;209;83;238;land;true;jungle;1
6399;208;193;160;land;false;forest;6
6400;151;188;228;land;false;forest;6
6401;141;193;171;land;true;jungle;6
6402;183;245;110;land;true;jungle;2
6403;202;217;191;land;true;plains;1
6404;165;231;241;land;false;jungle;1
6405;142;203;202;land;true;forest;6
6406;183;222;152;land;false;plains;6
6407;249;156;224;land;true;jungle;1
6408;203;165;233;land;true;jungle;2
6409;172;169;168;land;true;plains;1
6410;234;130;163;land;true;hills;1
6411;169;188;178;land;false;forest;6
6412;108;223;220;land;true;jungle;6
6413;164;217;173;land;true;jungle;6
6414;138;248;233;land;true;plains;2
6415;196;106;202;land;false;plains;2
6416;189;221;181;land;false;jungle;2
6417;243;170;134;land;true;hills;1
6418;61;236;212;land;false;plains;6
6419;175;132;210;land;false;jungle;1
6420;244;102;216;land;false;forest;6
6421;196;163;155;land;false;jungle;6
6422;240;173;127;land;false;plains;2
6423;190;209;211;land;true;jungle;1
6424;163;196;148;land;true;plains;1
6425;182;235;205;land;false;forest;1
6426;97;211;241;land;false;plains;7
6427;129;168;211;land;true;jungle;6
6428;205;189;195;land;false;forest;2
6429;117;245;199;land;false;jungle;1
6430;153;251;171;land;true;jungle;1
6431;240;230;35;land;true;hills;1
6432;213;122;190;land;true;jungle;1
6433;248;160;183;land;false;plains;6
6434;75;230;228;land;false;desert;2
6435;140;212;236;land;true;forest;1
6436;251;98;181;land;false;forest;6
6437;150;195;171;land;false;hills;6
6438;245;194;161;land;true;jungle;1
6439;249;133;144;land;true;jungle;1
6440;210;243;65;land;false;jungle;1
6441;237;243;78;land;true;hills;1
6442;190;97;244;land;true;plains;6
6443;130;239;161;land;false;hills;6
6444;242;236;167;land;true;jungle;1
6445;192;136;244;land;false;plains;1
6446;138;191;189;land;false;forest;6
6447;69;228;251;land;false;hills;6
6448;185;177;205;land;false;plains;6
6449;193;225;204;land;true;plains;2
6450;219;176;179;land;false;forest;2
6451;217;236;58;land;false;plains;1
6452;221;200;111;land;false;plains;1
6453;141;219;163;land;true;jungle;1
6454;227;121;198;land;true;hills;1
6455;238;100;174;land;false;desert;6
6456;244;164;212;land;false;forest;6
6457;213;229;75;land;true;jungle;2
6458;229;175;165;land;true;jungle;2
6459;164;215;136;land;true;jungle;1
6460;211;236;109;land;true;hills;1
6461;95;172;245;land;true;jungle;1
6462;103;205;223;land;true;jungle;2
6463;180;224;241;land;false;plains;1
6464;206;199;127;land;false;mountain;1
6465;210;137;192;land;true;jungle;1
6466;200;194;141;land;false;hills;6
6467;204;211;163;land;false;forest;6
6468;159;169;206;land;true;jungle;1
6469;226;166;220;land;true;jungle;1
6470;92;247;248;land;false;hills;1
6471;158;221;165;land;false;forest;6
6472;55;208;239;land;false;desert;6
6473;225;129;247;land;false;forest;6
6474;246;150;206;land;true;jungle;2
6475;197;193;183;land;false;plains;2
6476;205;199;250;land;false;forest;2
6477;238;117;201;land;true;jungle;1
6478;247;235;178;land;false;forest;1
6479;234;253;78;land;false;forest;1
6480;238;152;119;land;true;hills;1
6481;191;199;173;land;true;plains;1
6482;225;142;208;land;false;jungle;1
6483;121;199;245;land;false;forest;2
6484;224;204;98;land;true;jungle;2
6485;101;228;238;land;true;jungle;1
6486;113;220;171;land;false;forest;1
6487;250;207;220;land;true;jungle;6
6488;243;235;231;land;true;plains;2
6489;233;91;254;land;false;desert;2
6490;69;235;233;land;false;jungle;1
6491;207;159;192;land;false;jungle;1
6492;161;229;220;land;true;hills;7
6493;223;176;127;land;false;desert;6
6494;216;140;229;land;false;plains;6
6495;251;225;91;land;false;forest;6
6496;234;129;147;land;true;desert;2
6497;213;204;118;land;false;jungle;2
6498;227;225;186;land;true;jungle;1
6499;226;146;141;land;true;hills;1
6500;223;194;103;land;false;forest;1
6501;235;138;156;land;false;hills;6
6502;56;238;211;land;false;plains;6
6503;209;124;230;land;true;jungle;1
6504;176;199;214;land;false;jungle;1
6505;249;244;21;land;true;plains;7
6506;251;210;123;land;true;plains;7
6507;225;254;96;land;true;plains;7
6508;162;153;227;land;true;plains;6
6509;120;210;179;land;false;forest;2
6510;226;220;72;land;true;plains;1
6511;228;241;244;land;true;forest;1
6512;158;192;247;land;false;hills;6
6513;254;223;64;land;false;plains;6
6514;113;161;248;land;false;plains;1
6515;252;198;121;land;false;forest;1
6516;226;135;196;land;true;plains;2
6517;226;250;123;land;true;plains;2
6518;147;222;221;land;true;desert;2
6519;189;218;140;land;false;forest;2
6520;187;151;175;land;false;hills;7
6521;156;254;121;land;true;jungle;2
6522;159;209;231;land;true;jungle;2
6523;222;156;125;land;false;jungle;2
6524;228;91;222;land;true;jungle;1
6525;222;242;133;land;true;plains;1
6526;241;198;224;land;true;jungle;1
6527;234;128;202;land;false;forest;6
6528;192;253;116;land;true;jungle;2
6529;240;107;210;land;true;plains;1
6530;115;171;237;land;true;plains;1
6531;249;101;215;land;true;plains;7
6532;185;225;94;land;false;forest;6
6533;174;204;232;land;false;forest;6
6534;229;147;138;land;true;jungle;6
6535;201;136;251;land;false;forest;2
6536;207;171;129;land;true;plains;2
6537;181;243;172;land;true;mountain;1
6538;244;199;107;land;true;plains;1
6539;230;174;232;land;true;plains;1
6540;198;99;249;land;false;hills;7
6541;154;237;170;land;false;hills;7
6542;177;115;209;land;true;jungle;6
6543;170;222;125;land;false;jungle;1
6544;197;127;211;land;false;jungle;6
6545;212;138;239;land;false;plains;6
6546;250;164;178;land;true;jungle;1
6547;220;76;205;land;false;forest;1
6548;222;171;238;land;true;plains;1
6549;248;190;224;land;true;forest;1
6550;222;96;199;land;false;hills;6
6551;249;224;126;land;false;plains;6
6552;245;245;140;land;false;forest;2
6553;130;204;209;land;true;jungle;2
6554;199;206;98;land;false;forest;2
6555;157;252;133;land;true;jungle;1
6556;227;160;217;land;true;plains;1
6557;252;127;192;land;false;hills;6
6558;218;209;77;land;false;hills;6
6559;231;85;193;land;true;jungle;6
6560;207;71;224;land;true;jungle;6
6561;104;174;225;land;true;forest;1
6562;91;171;250;land;false;forest;1
6563;43;234;253;land;false;forest;6
6564;228;190;103;land;true;desert;2
6565;253;248;59;land;false;forest;2
6566;120;242;238;land;true;jungle;2
6567;170;226;152;land;true;jungle;1
6568;235;211;172;land;true;jungle;1
6569;228;227;90;land;false;jungle;6
6570;159;138;207;land;false;desert;2
6571;250;230;195;land;false;jungle;2
6572;190;145;176;land;true;plains;7
6573;161;213;147;land;false;plains;7
6574;150;123;237;land;false;plains;6
6575;162;215;157;land;false;hills;7
6576;154;246;183;land;false;forest;2
6577;171;144;194;land;true;jungle;1
6578;130;158;249;land;false;hills;6
6579;178;87;250;land;true;jungle;2
6580;152;223;133;land;true;jungle;1
6581;247;58;197;land;false;plains;1
6582;187;160;251;land;true;forest;1
6583;126;228;148;land;false;hills;6
6584;142;208;179;land;true;plains;2
6585;245;115;213;land;true;desert;2
6586;146;241;140;land;true;plains;1
6587;163;170;227;land;true;forest;7
6588;149;226;193;land;true;forest;7
6589;168;103;242;land;false;hills;6
6590;215;167;175;land;false;plains;6
6591;163;246;211;land;false;hills;6
6592;232;93;221;land;false;desert;6
6593;141;199;239;land;true;plains;2
6594;138;211;207;land;false;plains;2
6595;128;238;189;land;false;jungle;1
6596;242;201;92;land;true;hills;1
6597;82;248;249;land;false;hills;7
6598;150;229;226;land;false;mountain;6
6599;220;194;181;land;false;hills;7
6600;72;222;221;land;true;plains;2
6601;237;148;243;land;false;forest;1
6602;234;173;195;land;true;desert;7
6603;252;211;65;land;false;plains;7
6604;220;250;203;land;false;hills;6
6605;238;166;166;land;false;hills;6
6606;189;187;248;land;false;forest;6
6607;192;101;226;land;true;jungle;6
6608;242;228;140;land;true;plains;2
6609;205;242;226;land;false;plains;2
6610;248;233;156;land;false;jungle;2
6611;148;205;178;land;true;desert;7
6612;177;223;157;land;true;forest;7
6613;221;201;127;land;true;plains;2
6614;226;192;165;land;false;forest;2
6615;69;231;236;land;true;desert;7
6616;109;247;213;land;true;hills;7
6617;201;250;108;land;false;desert;7
6618;62;199;244;land;false;mountain;7
6619;202;83;254;land;false;forest;2
6620;231;165;169;land;true;desert;7
6621;107;207;210;land;true;forest;7
6622;106;227;251;land;false;hills;7
6623;185;142;204;land;false;plains;6
6624;172;141;192;land;true;plains;2
6625;188;168;184;land;false;forest;2
6626;204;252;160;land;false;forest;2
6627;205;231;116;land;true;jungle;2
6628;251;237;19;land;true;plains;1
6629;251;238;59;land;true;plains;1
6630;217;95;199;land;false;plains;7
6631;226;220;154;land;false;hills;7
6632;157;227;200;land;false;hills;6
6633;215;194;182;land;true;desert;2
6634;172;104;231;land;true;jungle;1
6635;134;230;216;land;true;jungle;1
6636;92;222;235;land;true;forest;1
6637;234;205;181;land;true;forest;1
6638;188;205;170;land;true;desert;7
6639;166;197;205;land;true;plains;2
6640;248;62;232;land;true;jungle;1
6641;252;87;189;land;false;hills;6
6642;182;215;196;land;true;jungle;6
6643;228;159;151;land;true;plains;2
6644;215;230;184;land;true;plains;2
6645;241;253;119;land;false;jungle;2
6646;124;238;218;land;true;jungle;1
6647;128;232;236;land;true;forest;1
6648;243;205;252;land;false;hills;6
6649;237;62;208;land;false;desert;6
6650;243;131;164;land;false;forest;2
6651;194;191;217;land;true;forest;1
6652;194;243;108;land;true;desert;7
6653;242;234;165;land;false;hills;7
6654;173;195;151;land;false;plains;7
6655;225;240;182;land;false;hills;6
6656;177;155;199;land;false;hills;6
6657;223;111;228;land;true;jungle;1
6658;168;152;224;land;false;hills;7
6659;33;250;238;land;false;desert;2
6660;195;237;155;land;false;forest;2
6661;217;182;237;land;false;forest;2
6662;159;214;248;land;false;plains;6
6663;234;238;78;land;false;forest;2
6664;11;250;243;land;true;jungle;7
6665;187;137;223;land;false;hills;6
6666;84;223;241;land;false;plains;6
6667;133;240;248;land;false;forest;6
6668;152;150;224;land;true;plains;2
6669;182;239;145;land;false;hills;2
6670;196;188;200;land;false;jungle;2
6671;87;180;253;land;false;jungle;1
6672;101;249;194;land;true;desert;7
6673;208;164;184;land;true;jungle;2
6674;61;208;251;land;false;hills;6
6675;221;118;165;land;true;jungle;2
6676;222;171;159;land;true;jungle;1
6677;202;181;227;land;true;jungle;7
6678;142;189;239;land;false;plains;6
6679;163;205;135;land;false;forest;2
6680;193;253;212;land;false;hills;6
6681;64;227;246;land;true;jungle;6
6682;25;246;252;land;true;jungle;1
6683;106;241;210;land;false;desert;7
6684;248;111;253;land;true;plains;2
6685;220;168;145;land;false;forest;2
6686;108;152;244;land;true;jungle;1
6687;160;123;247;land;false;hills;6
6688;173;254;96;land;false;plains;6
6689;105;254;195;land;true;forest;6
6690;65;240;252;land;true;desert;2
6691;164;182;211;land;true;jungle;1
6692;242;152;116;land;true;forest;1
6693;123;236;154;land;false;hills;7
6694;148;194;176;land;false;desert;6
6695;102;193;242;land;true;jungle;2
6696;214;114;180;land;false;hills;7
6697;104;241;193;land;false;hills;7
6698;253;175;227;land;true;jungle;2
6699;186;115;230;land;true;plains;2
6700;177;174;244;land;true;desert;7
6701;242;220;139;land;false;hills;7
6702;242;148;167;land;false;hills;6
6703;220;249;136;land;true;desert;2
6704;105;240;195;land;true;jungle;1
6705;113;215;206;land;true;forest;1
6706;199;230;197;land;false;plains;7
6707;113;215;227;land;false;hills;7
6708;155;201;195;land;false;hills;7
6709;83;246;233;land;false;hills;6
6710;219;221;206;land;false;hills;6
6711;216;186;217;land;false;forest;6
6712;249;140;248;land;true;plains;2
6713;178;197;249;land;false;hills;7
6714;230;224;106;land;false;hills;6
6715;124;182;244;land;true;jungle;6
6716;234;147;227;land;false;forest;2
6717;220;96;231;land;false;plains;6
6718;178;210;219;land;false;plains;6
6719;234;214;167;land;true;jungle;2
6720;249;242;184;land;true;jungle;2
6721;184;200;208;land;false;hills;6
6722;221;103;201;land;false;desert;6
6723;248;158;220;land;true;jungle;2
6724;153;206;208;land;true;desert;2
6725;228;215;97;land;false;plains;2
6726;247;139;133;land;false;forest;2
6727;96;254;193;land;false;hills;6
6728;196;143;211;land;false;hills;6
6729;152;169;253;land;false;plains;6
6730;188;215;168;land;false;jungle;2
6731;112;191;235;land;true;jungle;1
6732;209;252;210;land;false;desert;7
6733;246;180;225;land;false;plains;7
6734;238;225;252;land;false;hills;6
6735;79;193;242;land;false;plains;6
6736;97;190;242;land;true;jungle;2
6737;226;121;200;land;true;jungle;2
6738;149;217;152;land;false;desert;6
6739;113;154;253;land;false;hills;6
6740;244;253;213;land;false;plains;2
6741;223;130;182;land;true;jungle;2
6742;182;125;201;land;false;hills;6
6743;245;72;221;land;true;jungle;2
6744;214;139;188;land;false;plains;2
6745;173;194;249;land;false;plains;2
6746;157;119;248;land;false;forest;2
6747;236;243;27;land;true;jungle;1
6748;88;194;242;land;false;plains;7
6749;244;71;216;land;true;jungle;2
6750;135;188;218;land;false;jungle;2
6751;240;240;202;land;true;jungle;1
6752;122;235;154;land;true;jungle;1
6753;179;203;245;land;false;plains;6
6754;197;123;241;land;true;jungle;6
6755;243;199;237;land;true;jungle;2
6756;250;154;132;land;true;hills;7
6757;82;221;214;land;true;jungle;2
6758;189;232;143;land;true;plains;1
6759;105;238;248;land;true;hills;7
6760;228;129;211;land;false;hills;6
6761;214;243;237;land;false;jungle;2
6762;244;135;197;land;true;jungle;1
6763;221;191;132;land;false;hills;6
6764;177;247;118;land;false;desert;6
6765;118;235;248;land;false;hills;2
6766;233;227;218;land;false;plains;2
6767;234;115;174;land;true;plains;7
6768;247;182;186;land;false;plains;7
6769;150;233;195;land;false;desert;7
6770;153;188;216;land;false;hills;6
6771;141;132;238;land;false;desert;2
6772;132;187;188;land;false;plains;2
6773;249;224;84;land;false;plains;2
6774;146;181;218;land;true;jungle;2
6775;246;241;96;land;true;mountain;7
6776;194;250;59;land;false;hills;6
6777;238;174;241;land;false;hills;6
6778;130;182;250;land;false;jungle;2
6779;183;205;202;land;true;plains;2
6780;208;235;100;land;false;jungle;2
6781;81;227;202;land;true;plains;1
6782;208;134;210;land;false;desert;7
6783;133;195;252;land;true;jungle;2
6784;222;248;150;land;true;hills;7
6785;182;233;170;land;true;desert;7
6786;225;29;252;land;true;plains;7
6787;193;236;158;land;false;jungle;2
6788;236;251;59;land;true;jungle;2
6789;225;246;61;land;false;forest;2
6790;192;111;213;land;true;jungle;1
6791;242;101;191;land;true;plains;7
6792;234;97;231;land;false;plains;6
6793;214;130;217;land;false;forest;6
6794;223;126;198;land;true;jungle;6
6795;171;166;206;land;false;forest;2
6796;207;150;211;land;false;hills;6
6797;201;243;204;land;false;hills;6
6798;172;207;135;land;false;desert;6
6799;144;168;189;land;false;desert;2
6800;176;249;151;land;false;desert;2
6801;159;204;238;land;true;plains;1
6802;207;200;136;land;false;desert;7
6803;165;230;251;land;false;plains;6
6804;186;122;247;land;true;jungle;2
6805;91;221;237;land;true;jungle;2
6806;83;216;209;land;true;plains;1
6807;250;118;182;land;true;mountain;7
6808;203;150;190;land;true;desert;2
6809;252;238;99;land;true;plains;1
6810;237;208;227;land;false;hills;7
6811;229;120;175;land;false;desert;6
6812;225;162;128;land;false;desert;6
6813;185;251;204;land;true;desert;2
6814;163;173;185;land;false;jungle;2
6815;226;195;137;land;true;plains;1
6816;208;143;243;land;false;hills;6
6817;198;254;94;land;false;hills;6
6818;126;226;194;land;true;jungle;6
6819;148;115;249;land;false;plains;2
6820;128;167;252;land;false;plains;2
6821;233;173;202;land;false;plains;7
6822;132;174;202;land;false;hills;7
6823;244;212;210;land;false;desert;6
6824;211;195;245;land;true;plains;2
6825;223;216;170;land;true;jungle;2
6826;143;208;212;land;true;plains;2
6827;206;69;239;land;false;jungle;2
6828;110;217;187;land;true;jungle;2
6829;151;197;240;land;false;plains;2
6830;72;193;245;land;true;jungle;2
6831;217;204;223;land;false;hills;7
6832;91;235;235;land;true;jungle;6
6833;253;47;239;land;true;plains;1
6834;206;173;186;land;true;plains;1
6835;228;192;150;land;false;hills;6
6836;249;196;85;land;true;jungle;6
6837;171;193;219;land;true;plains;2
6838;241;150;190;land;true;jungle;7
6839;165;242;251;land;true;hills;7
6840;208;124;210;land;false;hills;6
6841;91;223;216;land;true;plains;1
6842;206;79;241;land;true;jungle;6
6843;198;190;240;land;true;jungle;2
6844;215;171;161;land;false;hills;7
6845;214;135;225;land;false;desert;6
6846;188;103;243;land;true;jungle;6
6847;175;245;199;land;false;desert;2
6848;198;210;253;land;false;forest;2
6849;144;210;185;land;true;jungle;2
6850;114;234;174;land;true;jungle;2
6851;201;113;231;land;true;jungle;2
6852;223;205;112;land;false;forest;2
6853;72;250;240;land;true;jungle;7
6854;206;116;184;land;true;jungle;6
6855;190;197;193;land;false;plains;2
6856;155;169;246;land;false;forest;6
6857;248;146;107;land;true;jungle;6
6858;178;226;120;land;false;forest;6
6859;251;71;183;land;false;hills;2
6860;127;247;172;land;false;jungle;2
6861;248;199;112;land;true;plains;1
6862;220;137;232;land;false;hills;6
6863;93;253;200;land;false;desert;6
6864;194;121;219;land;false;plains;6
6865;114;158;250;land;false;jungle;2
6866;83;237;205;land;true;plains;1
6867;180;103;238;land;true;hills;7
6868;75;239;194;land;false;hills;7
6869;106;247;222;land;false;hills;7
6870;249;246;103;land;false;hills;6
6871;212;223;71;land;false;hills;6
6872;98;211;236;land;false;hills;2
6873;218;248;145;land;true;jungle;2
6874;183;156;181;land;false;hills;7
6875;204;125;208;land;false;jungle;2
6876;239;104;252;land;false;forest;2
6877;186;251;173;land;true;jungle;6
6878;129;219;176;land;false;desert;2
6879;185;245;103;land;false;hills;2
6880;129;183;207;land;false;desert;6
6881;141;202;158;land;true;jungle;6
6882;205;192;235;land;false;hills;2
6883;73;240;230;land;false;plains;1
6884;233;143;131;land;false;hills;7
6885;249;185;150;land;false;hills;6
6886;115;251;252;land;true;jungle;6
6887;92;188;247;land;false;jungle;2
6888;246;213;134;land;false;desert;2
6889;183;145;214;land;false;jungle;2
6890;205;248;79;land;false;hills;6
6891;232;92;227;land;true;hills;7
6892;141;209;240;land;false;forest;6
6893;112;217;202;land;true;jungle;2
6894;248;211;250;land;true;jungle;2
6895;235;207;87;land;false;hills;7
6896;198;234;96;land;false;forest;6
6897;185;86;250;land;false;hills;2
6898;232;170;211;land;false;jungle;2
6899;227;128;181;land;true;plains;1
6900;248;117;217;land;true;forest;7
6901;253;232;215;land;true;hills;7
6902;233;142;227;land;false;hills;7
6903;83;243;224;land;false;hills;6
6904;203;163;231;land;false;forest;2
6905;125;184;206;land;true;plains;1
6906;115;184;226;land;true;forest;7
6907;54;226;242;land;false;hills;6
6908;222;85;211;land;false;plains;2
6909;225;77;234;land;false;plains;2
6910;121;236;187;land;false;desert;6
6911;220;154;226;land;true;forest;6
6912;154;174;217;land;false;hills;6
6913;125;254;147;land;true;jungle;6
6914;184;200;173;land;true;hills;7
6915;192;149;221;land;false;hills;6
6916;52;224;239;land;true;hills;2
6917;220;243;204;land;false;hills;6
6918;221;209;176;land;false;jungle;2
6919;209;235;90;land;false;plains;2
6920;218;155;207;land;true;jungle;6
6921;240;215;214;land;true;jungle;2
6922;112;145;252;land;false;plains;2
6923;240;201;73;land;true;jungle;2
6924;230;210;69;land;true;plains;1
6925;131;230;140;land;false;hills;6
6926;169;170;248;land;true;jungle;6
6927;216;225;228;land;false;hills;7
6928;218;247;142;land;false;jungle;2
6929;247;174;164;land;false;plains;2
6930;228;112;208;land;true;hills;7
6931;253;187;188;land;false;desert;6
6932;63;196;250;land;false;hills;6
6933;251;219;39;land;false;forest;6
6934;198;190;173;land;true;forest;6
6935;92;244;230;land;false;plains;2
6936;131;186;226;land;true;jungle;2
6937;161;189;198;land;true;hills;7
6938;219;82;220;land;true;jungle;6
6939;182;215;137;land;false;plains;2
6940;230;96;197;land;false;plains;2
6941;184;134;219;land;true;forest;1
6942;85;220;196;land;true;hills;6
6943;164;201;181;land;true;jungle;6
6944;235;154;213;land;true;hills;7
6945;149;242;136;land;false;desert;6
6946;104;243;250;land;true;jungle;6
6947;121;214;231;land;false;desert;2
6948;171;224;147;land;true;jungle;6
6949;230;203;115;land;true;desert;6
6950;198;73;239;land;true;jungle;6
6951;203;226;225;land;true;plains;2
6952;197;121;223;land;true;jungle;2
6953;189;85;240;land;true;plains;1
6954;246;153;134;land;true;plains;1
6955;186;242;134;land;true;hills;7
6956;205;245;114;land;false;hills;7
6957;202;191;135;land;false;hills;6
6958;231;216;220;land;false;hills;6
6959;224;130;208;land;true;jungle;2
6960;234;140;228;land;false;plains;2
6961;231;190;234;land;true;hills;7
6962;191;239;126;land;true;hills;7
6963;40;221;245;land;true;jungle;6
6964;136;235;171;land;true;jungle;2
6965;226;34;254;land;true;plains;7
6966;61;235;211;land;true;plains;7
6967;168;232;157;land;false;hills;7
6968;195;95;253;land;true;hills;7
6969;112;208;195;land;true;forest;1
6970;252;181;151;land;false;desert;6
6971;234;224;174;land;true;plains;2
6972;181;214;234;land;true;jungle;6
6973;201;208;142;land;true;jungle;6
6974;229;201;199;land;false;desert;6
6975;235;233;66;land;false;hills;6
6976;120;254;131;land;true;jungle;6
6977;205;158;208;land;false;mountain;2
6978;173;227;131;land;true;jungle;2
6979;234;225;132;land;true;forest;1
6980;136;238;246;land;true;jungle;6
6981;223;202;177;land;false;desert;6
6982;47;213;245;land;true;desert;2
6983;234;192;143;land;false;desert;2
6984;234;166;188;land;false;plains;2
6985;240;99;203;land;false;hills;7
6986;154;227;232;land;true;desert;6
6987;250;71;230;land;true;jungle;6
6988;96;208;214;land;false;desert;2
6989;239;250;19;land;true;mountain;7
6990;206;244;51;land;true;jungle;6
6991;138;241;219;land;true;jungle;6
6992;246;208;97;land;true;jungle;2
6993;207;252;120;land;true;plains;2
6994;234;92;248;land;true;hills;7
6995;231;212;157;land;false;hills;7
6996;205;206;155;land;true;jungle;6
6997;196;93;234;land;true;plains;7
6998;221;40;246;land;true;jungle;2
6999;236;228;160;land;true;forest;1
7000;104;235;210;land;true;hills;7
7001;165;226;138;land;false;mountain;7
7002;144;200;236;land;true;plains;2
7003;229;187;119;land;false;plains;2
7004;241;204;57;land;true;jungle;1
7005;149;164;192;land;true;hills;7
7006;139;130;239;land;false;hills;7
7007;210;249;107;land;false;forest;6
7008;131;206;194;land;false;forest;6
7009;161;166;234;land;true;hills;7
7010;252;67;225;land;true;hills;7
7011;194;172;212;land;false;plains;2
7012;121;232;247;land;false;plains;2
7013;192;197;132;land;true;plains;2
7014;224;101;227;land;true;hills;7
7015;173;193;218;land;true;jungle;1
7016;71;212;239;land;false;mountain;2
7017;234;101;222;land;true;forest;1
7018;48;214;242;land;true;jungle;1
7019;243;172;152;land;true;hills;7
7020;139;167;239;land;true;jungle;2
7021;143;253;198;land;false;desert;2
7022;203;108;214;land;false;desert;2
7023;253;165;162;land;true;jungle;6
7024;141;206;198;land;true;jungle;6
7025;222;139;146;land;false;desert;2
7026;175;228;243;land;true;plains;2
7027;166;231;223;land;true;jungle;6
7028;212;246;156;land;true;plains;2
7029;50;254;211;land;true;jungle;2
7030;253;38;242;land;true;plains;2
7031;254;246;65;land;true;forest;1
7032;142;228;148;land;true;hills;7
7033;158;221;209;land;true;hills;7
7034;223;252;162;land;true;hills;7
7035;217;237;67;land;true;desert;6
7036;156;243;157;land;true;jungle;6
7037;235;226;205;land;true;jungle;6
7038;110;220;179;land;true;jungle;2
7039;72;244;236;land;true;forest;1
7040;180;190;246;land;true;plains;7
7041;138;182;247;land;false;hills;2
7042;114;179;240;land;false;mountain;2
7043;183;177;194;land;true;plains;7
7044;228;225;104;land;false;plains;6
7045;106;244;191;land;false;plains;6
7046;245;78;200;land;true;hills;7
7047;241;173;157;land;true;hills;7
7048;166;252;144;land;true;plains;2
7049;111;252;140;land;true;jungle;1
7050;251;100;162;land;false;hills;6
7051;250;20;241;land;true;plains;2
7052;252;187;166;land;true;plains;2
7053;91;231;236;land;true;forest;1
7054;249;164;230;land;true;plains;7
7055;47;232;247;land;true;hills;7
7056;254;93;246;land;true;jungle;6
7057;156;250;158;land;false;desert;2
7058;182;188;189;land;false;hills;7
7059;187;201;187;land;true;jungle;6
7060;181;83;240;land;true;hills;7
7061;243;83;206;land;true;hills;7
7062;160;214;130;land;true;forest;6
7063;143;230;239;land;false;hills;6
7064;202;181;172;land;false;desert;2
7065;227;229;168;land;false;hills;7
7066;159;207;147;land;true;plains;1
7067;235;245;231;land;true;forest;7
7068;181;200;213;land;false;hills;7
7069;147;249;147;land;true;forest;7
7070;222;156;231;land;true;hills;7
7071;158;190;224;land;true;hills;7
7072;131;198;186;land;true;plains;2
7073;228;197;242;land;true;hills;2
7074;226;229;157;land;true;hills;7
7075;214;243;49;land;true;hills;7
7076;231;34;245;land;true;jungle;6
7077;156;251;138;land;true;plains;1
7078;216;179;230;land;true;hills;7
7079;233;104;235;land;true;jungle;6
7080;129;200;229;land;true;jungle;2
7081;218;208;239;land;false;plains;1
7082;143;123;250;land;true;hills;7
7083;221;131;254;land;true;forest;6
7084;237;244;43;land;true;forest;7
7085;247;123;149;land;false;desert;6
7086;76;195;251;land;true;jungle;2
7087;234;62;250;land;true;plains;1
7088;238;238;128;land;true;hills;7
7089;251;135;190;land;true;jungle;2
7090;242;84;198;land;false;hills;2
7091;174;238;230;land;false;plains;1
7092;228;175;177;land;true;jungle;6
7093;88;237;230;land;true;forest;7
7094;151;122;244;land;true;forest;7
7095;238;112;166;land;true;hills;7
7096;27;251;242;land;true;jungle;2
7097;155;210;147;land;true;plains;6
7098;218;121;210;land;true;plains;6
7099;110;236;194;land;false;hills;2
7100;219;224;111;land;true;plains;7
7101;248;196;185;land;false;hills;6
7102;122;234;248;land;true;plains;2
7103;254;108;209;land;true;plains;1
7104;129;148;233;land;true;plains;1
7105;169;168;182;land;false;plains;2
7106;228;166;198;land;false;desert;2
7107;253;243;57;land;false;hills;2
7108;203;153;197;land;true;plains;2
7109;86;184;234;land;false;desert;7
7110;201;152;163;land;true;desert;6
7111;135;152;244;land;false;mountain;6
7112;250;12;250;land;true;jungle;2
7113;92;235;231;land;true;plains;1
7114;142;122;246;land;false;desert;7
7115;164;193;251;land;true;plains;6
7116;194;103;208;land;false;mountain;2
7117;183;218;165;land;false;plains;1
7118;238;147;238;land;false;plains;1
7119;155;119;238;land;true;plains;7
7120;70;244;232;land;true;desert;6
7121;247;60;197;land;false;desert;2
7122;180;242;240;land;true;desert;6
7123;155;126;243;land;true;desert;6
7124;199;198;239;land;true;desert;2
7125;252;187;228;land;true;plains;1
7126;237;227;194;land;true;desert;1
7127;74;214;227;land;true;jungle;2
7128;237;153;245;land;true;plains;1
7129;234;109;242;land;true;plains;1
7130;234;141;134;land;true;plains;6
7131;229;170;142;land;true;plains;2
7132;248;119;165;land;true;plains;1
7133;104;193;215;land;false;desert;6
7134;236;170;184;land;true;plains;1
7135;165;109;230;land;true;plains;1
7136;129;198;206;land;true;plains;1
7137;170;157;234;land;true;forest;6
7138;207;160;151;land;true;jungle;6
7139;210;147;147;land;true;plains;1
7140;73;218;245;land;true;desert;6
7141;221;182;132;land;true;jungle;6
7142;179;155;224;land;true;desert;1
7143;193;219;103;land;true;hills;6
7144;243;209;150;land;true;plains;2
7145;137;198;181;land;true;plains;1
7146;213;210;158;land;false;desert;6
7147;122;210;188;land;false;plains;6
7148;175;137;196;land;false;desert;2
7149;158;240;127;land;true;plains;1
7150;192;233;221;land;true;plains;1
7151;251;206;98;land;true;forest;6
7152;247;169;138;land;true;forest;6
7153;152;185;196;land;true;desert;1
7154;100;221;210;land;true;plains;1
7155;84;212;215;land;true;desert;7
7156;232;240;158;land;false;desert;2
7157;172;202;175;land;true;plains;1
7158;230;204;79;land;true;plains;1
7159;189;165;150;land;true;plains;1
7160;30;254;222;land;true;plains;1
7161;201;119;198;land;false;hills;6
7162;165;217;203;land;true;desert;1
7163;162;248;194;land;true;jungle;6
7164;194;132;252;land;true;plains;2
7165;112;216;203;land;true;plains;6
7166;237;207;107;land;true;hills;2
7167;188;223;235;land;true;plains;1
7168;237;250;122;land;true;jungle;6
7169;240;118;171;land;true;desert;1
7170;217;190;154;land;true;plains;1
7171;162;225;130;land;true;hills;6
7172;223;227;88;land;true;plains;2
7173;215;165;208;land;true;plains;1
7174;200;245;127;land;false;desert;6
7175;141;211;233;land;true;desert;2
7176;205;197;232;land;true;plains;1
7177;43;237;222;land;true;hills;2
7178;162;218;253;land;true;plains;2
7179;172;179;223;land;true;hills;2
7180;218;110;236;land;true;desert;6
7181;106;220;253;land;true;jungle;6
7182;204;174;175;land;true;desert;1
7183;217;254;31;land;true;plains;6
7184;213;196;119;land;true;desert;7
7185;179;211;181;land;true;desert;7
7186;247;122;249;land;true;jungle;6
7187;219;208;195;land;false;desert;2
7188;163;202;219;land;true;plains;1
7189;223;157;127;land;true;forest;6
7190;206;108;194;land;false;mountain;2
7191;214;133;216;land;true;plains;1
7192;246;228;84;land;true;forest;6
7193;251;89;236;land;true;desert;6
7194;245;78;217;land;true;plains;2
7195;220;203;114;land;false;desert;6
7196;171;89;251;land;true;forest;5
7197;219;101;186;land;false;jungle;3
7198;208;216;132;land;true;plains;1
7199;235;156;204;land;true;plains;1
7200;191;203;116;land;true;forest;6
7201;200;251;187;land;true;plains;6
7202;180;228;186;land;false;desert;2
7203;253;129;172;land;true;jungle;6
7204;248;166;234;land;true;plains;2
7205;113;242;193;land;false;mountain;2
7206;228;114;176;land;true;plains;6
7207;176;106;231;land;true;jungle;6
7208;211;217;91;land;true;plains;1
7209;186;239;88;land;true;plains;1
7210;110;209;186;land;true;plains;1
7211;175;79;254;land;false;desert;6
7212;160;232;131;land;false;desert;2
7213;243;78;207;land;true;forest;5
7214;84;234;186;land;false;jungle;3
7215;140;193;212;land;true;plains;1
7216;216;219;94;land;true;plains;2
7217;216;217;187;land;true;plains;1
7218;247;154;150;land;false;plains;6
7219;131;194;183;land;true;desert;6
7220;253;219;139;land;true;plains;1
7221;225;188;248;land;true;desert;6
7222;156;166;236;land;false;hills;6
7223;242;178;122;land;true;plains;1
7224;211;210;252;land;false;desert;2
7225;27;230;247;land;true;plains;1
7226;166;196;140;land;false;hills;6
7227;204;197;197;land;true;desert;6
7228;107;242;241;land;true;desert;2
7229;202;198;218;land;true;desert;2
7230;218;202;113;land;true;plains;1
7231;224;207;204;land;true;plains;6
7232;204;178;136;land;false;desert;2
7233;193;142;177;land;true;desert;2
7234;238;242;214;land;true;plains;1
7235;194;177;139;land;true;plains;1
7236;170;239;97;land;false;plains;6
7237;152;178;250;land;true;plains;1
7238;157;162;219;land;true;plains;1
7239;186;152;212;land;true;plains;6
7240;165;183;186;land;true;desert;2
7241;226;149;247;land;true;hills;6
7242;247;214;80;land;true;plains;6
7243;190;161;177;land;true;hills;6
7244;225;223;219;land;true;hills;6
7245;220;80;235;land;true;plains;1
7246;225;236;123;land;false;desert;6
7247;249;67;253;land;false;hills;6
7248;188;208;126;land;true;desert;6
7249;146;185;173;land;false;hills;6
7250;229;115;178;land;false;desert;2
7251;247;87;180;land;true;plains;1
7252;231;164;202;land;true;mountain;6
7253;190;139;239;land;true;desert;6
7254;213;193;224;land;true;jungle;6
7255;185;113;211;land;true;desert;2
7256;207;117;237;land;true;hills;6
7257;201;195;206;land;true;desert;2
7258;232;83;245;land;true;mountain;6
7259;229;210;228;land;false;desert;6
7260;201;154;239;land;true;plains;1
7261;204;129;200;land;true;forest;5
7262;200;150;193;land;false;desert;6
7263;224;166;224;land;false;hills;6
7264;71;253;223;land;true;jungle;6
7265;234;177;189;land;true;desert;2
7266;235;68;251;land;true;plains;1
7267;251;116;151;land;false;hills;6
7268;201;178;210;land;true;forest;2
7269;109;248;226;land;false;desert;6
7270;100;224;184;land;true;desert;2
7271;88;232;189;land;true;plains;6
7272;229;250;90;land;true;desert;6
7273;110;222;251;land;true;desert;6
7274;190;75;251;land;false;hills;6
7275;233;202;94;land;true;plains;1
7276;214;168;151;land;false;desert;6
7277;231;41;242;land;false;desert;2
7278;193;244;254;land;false;desert;2
7279;229;170;199;land;false;hills;6
7280;214;52;248;land;true;plains;3
7281;220;234;191;land;true;plains;1
7282;235;62;253;land;false;plains;6
7283;243;188;238;land;false;mountain;6
7284;209;62;245;land;true;desert;2
7285;224;143;136;land;true;jungle;2
7286;214;143;213;land;true;desert;2
7287;230;175;201;land;false;plains;6
7288;113;244;173;land;true;plains;6
7289;89;218;224;land;false;desert;6
7290;160;226;147;land;true;plains;1
7291;244;46;231;land;true;plains;6
7292;231;177;118;land;true;plains;1
7293;247;163;250;land;true;plains;1
7294;207;146;192;land;true;plains;6
7295;179;139;226;land;true;plains;1
7296;179;212;127;land;true;jungle;2
7297;227;123;209;land;true;plains;1
7298;241;143;152;land;true;plains;1
7299;253;204;178;land;false;hills;6
7300;156;249;145;land;false;desert;2
7301;190;154;187;land;true;desert;5
7302;204;77;242;land;true;plains;1
7303;175;168;181;land;true;plains;1
7304;234;217;95;land;true;hills;6
7305;192;218;230;land;true;plains;1
7306;173;104;246;land;false;hills;6
7307;237;103;185;land;false;hills;6
7308;249;145;243;land;true;desert;2
7309;225;238;63;land;true;plains;1
7310;209;124;226;land;false;hills;6
7311;192;189;206;land;true;plains;1
7312;179;232;90;land;true;plains;1
7313;176;170;202;land;true;desert;5
7314;188;66;248;land;false;desert;2
7315;180;107;233;land;false;hills;6
7316;228;126;196;land;false;hills;6
7317;248;204;64;land;true;plains;1
7318;248;107;254;land;true;plains;1
7319;60;251;230;land;false;hills;6
7320;182;192;233;land;false;hills;5
7321;253;126;208;land;true;plains;1
7322;67;235;246;land;true;forest;6
7323;213;214;237;land;true;jungle;6
7324;146;194;202;land;false;desert;6
7325;212;207;229;land;true;desert;2
7326;153;221;207;land;true;jungle;3
7327;133;222;223;land;true;desert;5
7328;211;104;236;land;false;hills;6
7329;240;246;85;land;true;plains;3
7330;237;246;233;land;false;desert;6
7331;213;119;192;land;false;plains;6
7332;189;117;246;land;true;plains;6
7333;157;153;228;land;true;plains;1
7334;81;220;214;land;true;plains;1
7335;156;203;171;land;false;forest;5
7336;123;226;193;land;true;hills;6
7337;208;225;176;land;false;plains;1
7338;248;119;246;land;false;plains;6
7339;152;229;161;land;true;desert;2
7340;133;162;247;land;true;plains;6
7341;250;154;247;land;true;desert;2
7342;95;228;247;land;true;plains;1
7343;211;227;253;land;true;plains;1
7344;185;246;149;land;true;plains;3
7345;198;193;203;land;false;plains;6
7346;214;130;226;land;false;plains;6
7347;185;215;234;land;true;desert;2
7348;147;211;197;land;true;plains;1
7349;243;119;166;land;false;hills;6
7350;230;168;245;land;true;plains;3
7351;226;249;178;land;true;desert;2
7352;162;115;226;land;true;jungle;6
7353;162;215;204;land;true;plains;3
7354;152;234;183;land;true;plains;6
7355;133;221;211;land;true;plains;6
7356;216;176;210;land;false;hills;6
7357;250;235;182;land;true;plains;1
7358;187;92;240;land;true;plains;1
7359;252;180;110;land;true;desert;2
7360;138;216;180;land;true;plains;1
7361;204;227;117;land;true;plains;6
7362;159;164;197;land;false;plains;3
7363;184;172;225;land;true;desert;2
7364;240;198;208;land;true;plains;1
7365;184;229;149;land;true;plains;6
7366;248;239;133;land;true;plains;6
7367;234;186;253;land;true;plains;6
7368;214;158;177;land;true;plains;6
7369;244;90;236;land;false;desert;5
7370;230;55;239;land;true;plains;6
7371;97;212;202;land;false;plains;6
7372;135;196;179;land;true;plains;6
7373;101;173;239;land;true;plains;1
7374;253;181;251;land;true;plains;1
7375;177;200;171;land;false;plains;6
7376;207;185;129;land;true;desert;5
7377;230;116;244;land;true;plains;6
7378;250;139;155;land;true;plains;6
7379;222;92;247;land;true;plains;6
7380;227;151;169;land;false;desert;5
7381;241;209;56;land;true;plains;6
7382;217;225;78;land;true;plains;6
7383;221;167;241;land;false;hills;6
7384;225;174;251;land;true;plains;1
7385;233;240;132;land;true;jungle;3
7386;253;114;147;land;true;jungle;6
7387;211;253;116;land;true;plains;6
7388;152;159;241;land;true;desert;5
7389;82;247;190;land;true;plains;6
7390;253;175;253;land;true;plains;6
7391;223;178;187;land;true;jungle;3
7392;244;226;223;land;true;jungle;6
7393;204;252;144;land;true;jungle;6
7394;175;190;189;land;true;jungle;6
7395;184;244;205;land;true;plains;6
7396;224;202;217;land;true;jungle;6
7397;252;171;129;land;false;plains;6
7398;243;186;90;land;true;plains;6
7399;218;159;131;land;true;plains;6
7400;186;216;103;land;true;jungle;6
7401;244;130;220;land;false;plains;6
7402;203;141;254;land;true;plains;6
7403;223;253;177;land;false;plains;6
7404;169;244;105;land;true;jungle;6
7405;246;154;245;land;true;plains;3
7406;244;159;153;land;true;jungle;6
7407;179;97;248;land;true;plains;6
7408;244;240;193;land;false;plains;6
7409;104;254;145;land;true;hills;6
7410;140;188;200;land;true;hills;6
7411;184;238;125;land;true;plains;3
7412;107;184;244;land;true;plains;3
7413;196;157;148;land;true;jungle;6
7414;141;235;169;land;true;desert;3
7415;213;134;165;land;true;plains;6
7416;197;153;168;land;true;desert;3
7417;238;169;192;land;true;desert;3
7418;210;173;193;land;true;plains;6
7419;218;205;206;land;true;hills;3
7420;228;215;169;land;true;plains;3
7421;102;252;149;land;true;mountain;6
7422;148;148;209;land;false;plains;6
7423;223;91;207;land;true;desert;3
7424;240;179;113;land;true;plains;6
7425;245;240;232;land;false;desert;3
7426;222;109;178;land;true;desert;3
7427;98;188;218;land;false;plains;6
7428;205;229;199;land;true;plains;3
7429;222;211;165;land;true;jungle;6
7430;102;251;182;land;false;desert;5
7431;171;121;231;land;true;plains;6
7432;254;184;229;land;true;desert;5
7433;150;234;248;land;true;plains;6
7434;214;225;99;land;false;hills;6
7435;228;211;72;land;true;jungle;6
7436;203;184;131;land;true;jungle;3
7437;252;149;173;land;true;plains;6
7438;72;245;216;land;false;plains;6
7439;178;171;176;land;true;plains;6
7440;184;164;194;land;false;desert;5
7441;254;249;245;land;true;plains;6
7442;126;223;202;land;true;plains;3
7443;223;222;177;land;true;jungle;3
7444;151;136;235;land;false;plains;6
7445;239;145;215;land;true;plains;6
7446;231;102;223;land;false;desert;3
7447;137;174;244;land;true;hills;6
7448;242;240;141;land;false;hills;3
7449;195;61;249;land;true;jungle;6
7450;208;124;215;land;false;plains;6
7451;155;244;249;land;false;plains;6
7452;221;242;120;land;true;jungle;3
7453;211;232;203;land;true;hills;3
7454;115;203;248;land;true;desert;5
7455;253;166;231;land;true;plains;6
7456;243;165;171;land;false;hills;6
7457;249;69;241;land;false;hills;6
7458;240;238;210;land;true;jungle;6
7459;222;95;233;land;true;plains;6
7460;250;171;214;land;true;jungle;6
7461;247;72;198;land;true;forest;6
7462;213;248;53;land;true;jungle;3
7463;51;210;251;land;true;jungle;6
7464;132;191;187;land;true;hills;6
7465;254;195;211;land;false;hills;6
7466;164;170;211;land;false;plains;3
7467;229;247;48;land;false;hills;6
7468;231;145;127;land;false;hills;6
7469;209;40;254;land;true;jungle;6
7470;194;76;237;land;true;jungle;6
7471;238;155;124;land;true;plains;6
7472;234;101;179;land;false;hills;6
7473;231;221;155;land;false;desert;3
7474;158;236;233;land;true;hills;6
7475;108;251;222;land;false;hills;6
7476;247;220;96;land;true;plains;6
7477;172;155;193;land;true;jungle;3
7478;192;192;237;land;false;hills;6
7479;208;169;238;land;true;jungle;6
7480;212;169;218;land;false;hills;6
7481;200;143;181;land;true;forest;6
7482;239;169;146;land;true;forest;3
7483;137;196;238;land;false;hills;6
7484;212;196;141;land;false;hills;6
7485;239;123;169;land;false;desert;5
7486;247;114;220;land;true;desert;5
7487;125;246;200;land;true;jungle;6
7488;165;155;226;land;false;plains;6
7489;189;201;244;land;true;forest;6
7490;128;226;236;land;false;plains;6
7491;208;94;249;land;true;jungle;3
7492;179;194;216;land;false;hills;6
7493;104;212;220;land;true;jungle;3
7494;254;201;184;land;true;jungle;3
7495;219;104;205;land;true;plains;5
7496;241;179;228;land;true;hills;3
7497;154;236;193;land;false;desert;6
7498;245;248;244;land;true;desert;3
7499;165;101;244;land;false;plains;6
7500;91;233;208;land;false;hills;6
7501;203;122;225;land;false;plains;6
7502;177;172;219;land;true;jungle;3
7503;247;227;246;land;true;forest;6
7504;246;240;166;land;false;hills;6
7505;218;92;235;land;false;hills;3
7506;198;248;81;land;true;jungle;3
7507;242;130;220;land;true;hills;6
7508;109;182;245;land;true;hills;3
7509;99;243;195;land;true;hills;3
7510;147;231;225;land;true;jungle;3
7511;193;124;205;land;false;desert;5
7512;250;96;194;land;true;jungle;3
7513;156;223;137;land;false;desert;5
7514;146;247;230;land;true;jungle;3
7515;253;166;232;land;true;plains;6
7516;244;218;225;land;false;desert;3
7517;186;134;188;land;true;desert;3
7518;127;177;227;land;false;jungle;3
7519;152;230;250;land;false;desert;6
7520;233;222;178;land;true;jungle;6
7521;191;241;247;land;true;hills;6
7522;169;233;252;land;false;hills;6
7523;150;184;181;land;false;hills;6
7524;203;142;202;land;true;jungle;3
7525;133;235;161;land;true;jungle;3
7526;112;189;200;land;false;hills;3
7527;207;212;175;land;false;mountain;3
7528;177;194;181;land;true;jungle;3
7529;234;124;245;land;true;jungle;3
7530;101;233;202;land;true;jungle;3
7531;217;217;225;land;true;hills;6
7532;223;154;154;land;false;jungle;3
7533;234;176;199;land;true;plains;6
7534;121;148;242;land;false;hills;6
7535;249;73;230;land;true;forest;6
7536;199;191;184;land;false;mountain;3
7537;118;150;238;land;false;desert;5
7538;146;162;199;land;false;hills;6
7539;180;160;189;land;false;desert;5
7540;3;253;251;land;true;desert;5
7541;251;131;177;land;true;jungle;3
7542;223;66;251;land;true;plains;6
7543;160;212;237;land;true;hills;6
7544;246;141;179;land;false;hills;6
7545;178;149;240;land;true;jungle;6
7546;204;226;208;land;true;forest;6
7547;215;68;218;land;false;jungle;3
7548;215;199;209;land;false;hills;6
7549;205;159;238;land;false;plains;5
7550;231;127;188;land;true;hills;3
7551;197;139;174;land;true;forest;5
7552;155;254;189;land;false;jungle;3
7553;13;254;244;land;true;jungle;6
7554;220;245;197;land;false;mountain;6
7555;151;228;237;land;false;hills;6
7556;160;194;243;land;true;plains;6
7557;120;209;201;land;false;plains;5
7558;234;212;167;land;false;desert;6
7559;221;231;75;land;true;forest;6
7560;132;188;239;land;false;hills;3
7561;135;242;225;land;true;plains;6
7562;218;233;193;land;true;jungle;6
7563;222;210;183;land;true;hills;6
7564;235;98;223;land;false;hills;6
7565;206;243;114;land;true;desert;5
7566;245;206;51;land;true;hills;6
7567;164;130;234;land;true;desert;6
7568;166;229;146;land;true;plains;3
7569;187;190;227;land;true;jungle;3
7570;248;174;211;land;true;jungle;6
7571;146;173;213;land;true;hills;6
7572;100;244;234;land;false;desert;6
7573;210;187;120;land;true;hills;3
7574;205;227;106;land;false;mountain;5
7575;170;172;238;land;true;hills;6
7576;250;237;212;land;true;jungle;6
7577;247;174;130;land;false;desert;6
7578;39;254;246;land;true;jungle;6
7579;79;247;178;land;true;jungle;6
7580;238;252;16;land;false;desert;6
7581;159;241;240;land;true;hills;3
7582;236;191;134;land;true;forest;3
7583;253;213;99;land;false;forest;5
7584;182;199;173;land;true;jungle;6
7585;106;242;210;land;false;hills;6
7586;190;137;234;land;true;jungle;6
7587;201;139;183;land;true;plains;6
7588;184;213;253;land;true;desert;6
7589;48;253;241;land;true;jungle;3
7590;148;192;170;land;true;plains;6
7591;184;136;236;land;false;mountain;3
7592;74;189;253;land;false;desert;5
7593;245;106;223;land;true;jungle;6
7594;229;254;119;land;true;desert;6
7595;164;206;136;land;true;jungle;3
7596;192;159;165;land;false;marsh;5
7597;214;174;221;land;false;forest;3
7598;68;252;208;land;true;hills;6
7599;127;199;204;land;true;jungle;6
7600;204;198;170;land;false;hills;3
7601;146;202;219;land;false;desert;5
7602;199;145;182;land;true;hills;6
7603;101;228;239;land;true;jungle;6
7604;171;253;96;land;false;desert;6
7605;142;229;146;land;true;plains;6
7606;160;238;169;land;true;jungle;3
7607;199;227;94;land;false;jungle;3
7608;216;216;152;land;false;desert;5
7609;109;164;240;land;true;plains;6
7610;133;237;138;land;true;plains;6
7611;181;231;198;land;true;jungle;3
7612;230;185;87;land;false;hills;5
7613;221;205;85;land;false;jungle;3
7614;204;118;181;land;true;jungle;5
7615;250;39;232;land;false;jungle;5
7616;190;219;151;land;false;desert;6
7617;171;216;138;land;true;hills;3
7618;187;239;184;land;false;forest;3
7619;234;57;230;land;true;hills;3
7620;160;235;169;land;true;plains;6
7621;130;158;251;land;true;hills;3
7622;159;230;224;land;true;plains;6
7623;248;240;150;land;true;desert;6
7624;253;233;235;land;false;desert;5
7625;247;67;245;land;true;jungle;3
7626;247;43;235;land;true;desert;6
7627;241;189;167;land;true;jungle;3
7628;188;171;153;land;false;jungle;3
7629;244;224;44;land;true;plains;6
7630;239;203;71;land;false;jungle;5
7631;251;53;213;land;true;jungle;6
7632;204;230;198;land;true;hills;3
7633;244;71;226;land;false;forest;5
7634;204;161;186;land;false;desert;5
7635;245;43;219;land;true;plains;6
7636;251;182;122;land;true;desert;6
7637;174;106;230;land;true;desert;6
7638;223;220;228;land;true;jungle;3
7639;213;221;127;land;true;jungle;6
7640;213;169;205;lake;false;jungle;5
7641;252;151;122;land;true;jungle;3
7642;210;207;238;land;false;mountain;3
7643;238;148;187;land;false;jungle;3
7644;174;240;216;land;false;jungle;5
7645;236;145;162;land;true;jungle;6
7646;253;235;74;land;false;desert;5
7647;177;133;250;land;false;plains;3
7648;156;210;216;land;false;jungle;5
7649;226;247;89;land;false;forest;5
7650;243;215;111;land;true;jungle;6
7651;210;135;174;land;false;desert;5
7652;248;110;243;land;false;mountain;5
7653;173;147;244;land;false;mountain;3
7654;188;103;224;land;true;jungle;3
7655;211;92;229;land;false;jungle;5
7656;106;188;253;land;true;jungle;3
7657;230;90;210;land;true;jungle;3
7658;253;166;100;land;false;desert;5
7659;164;111;236;land;true;jungle;6
7660;34;225;253;land;true;jungle;6
7661;177;133;239;land;true;jungle;5
7662;232;243;230;land;true;jungle;6
7663;244;67;235;land;true;hills;3
7664;245;52;208;land;true;jungle;6
7665;246;85;186;land;false;jungle;5
7666;230;225;244;land;false;desert;5
7667;88;238;243;land;true;jungle;3
7668;206;254;180;land;false;jungle;3
7669;248;145;139;land;false;desert;5
7670;247;109;188;land;false;mountain;3
7671;169;214;204;land;false;forest;5
7672;225;215;148;land;false;jungle;3
7673;228;121;177;land;false;jungle;3
7674;212;238;118;land;true;jungle;3
7675;186;200;217;land;true;jungle;5
7676;252;215;34;land;false;jungle;5
7677;212;202;142;land;true;desert;5
7678;165;228;158;land;true;jungle;6
7679;145;248;187;land;true;jungle;6
7680;181;214;249;land;false;jungle;5
7681;240;126;146;land;true;jungle;6
7682;211;88;207;land;true;jungle;6
7683;116;237;182;land;false;jungle;3
7684;110;155;249;land;true;hills;3
7685;233;226;188;land;false;desert;5
7686;242;211;124;land;false;desert;5
7687;211;134;253;land;true;jungle;3
7688;191;228;106;land;false;jungle;3
7689;147;212;151;land;true;jungle;3
7690;119;245;138;land;true;jungle;5
7691;155;199;250;land;true;jungle;3
7692;241;235;246;land;true;jungle;6
7693;97;188;252;land;true;forest;3
7694;237;248;26;land;true;jungle;6
7695;215;176;129;land;true;jungle;6
7696;192;112;217;land;true;desert;5
7697;243;232;228;land;true;jungle;6
7698;153;221;193;land;false;desert;5
7699;218;209;170;land;true;jungle;6
7700;82;194;243;land;false;jungle;3
7701;226;190;232;land;false;urban;5
7702;201;250;207;land;false;mountain;3
7703;225;216;240;land;true;jungle;3
7704;223;243;94;land;true;marsh;3
7705;109;215;226;land;false;desert;5
7706;145;197;161;land;false;plains;5
7707;170;165;183;land;true;jungle;3
7708;203;156;187;land;true;jungle;6
7709;249;181;229;land;false;jungle;5
7710;230;111;211;land;false;mountain;3
7711;228;102;223;land;false;desert;5
7712;242;52;227;land;true;jungle;6
7713;195;197;208;land;false;hills;5
7714;155;152;206;land;false;desert;5
7715;230;85;221;land;true;urban;5
7716;228;158;183;land;true;forest;3
7717;71;193;243;land;true;marsh;3
7718;237;63;244;land;false;jungle;5
7719;101;250;243;land;false;hills;5
7720;176;232;168;land;true;jungle;6
7721;164;250;213;land;true;jungle;6
7722;219;166;174;land;true;jungle;6
7723;205;131;180;land;false;marsh;3
7724;155;222;174;land;true;jungle;6
7725;237;248;226;land;true;jungle;6
7726;120;195;229;land;true;jungle;6
7727;253;228;169;land;true;plains;4
7728;207;167;213;land;false;desert;5
7729;246;252;190;land;false;marsh;3
7730;207;143;198;land;false;jungle;3
7731;248;231;246;land;true;jungle;6
7732;252;155;218;land;true;jungle;6
7733;132;221;215;land;true;jungle;6
7734;139;254;240;land;false;jungle;3
7735;247;63;239;land;false;hills;3
7736;158;156;252;land;true;jungle;6
7737;195;112;196;land;true;forest;3
7738;141;166;252;land;false;hills;3
7739;235;126;192;land;false;jungle;3
7740;204;167;250;land;false;marsh;3
7741;238;157;114;land;false;marsh;3
7742;220;234;242;land;false;desert;5
7743;116;211;217;land;false;plains;5
7744;240;241;225;land;true;jungle;6
7745;135;244;233;land;false;hills;3
7746;254;233;217;land;false;jungle;3
7747;211;180;194;land;false;desert;5
7748;254;225;90;land;false;forest;3
7749;222;168;248;land;false;jungle;3
7750;170;215;149;land;true;jungle;6
7751;239;195;146;land;true;jungle;6
7752;228;69;229;land;true;jungle;3
7753;130;246;209;land;false;jungle;3
7754;218;235;161;land;false;desert;5
7755;204;178;155;land;false;mountain;3
7756;151;154;220;land;false;jungle;3
7757;225;179;146;land;false;jungle;3
7758;204;221;96;land;true;jungle;6
7759;217;214;181;land;false;jungle;3
7760;110;170;234;land;false;desert;5
7761;247;183;146;land;false;desert;5
7762;211;245;125;land;false;desert;5
7763;215;135;187;land;false;forest;5
7764;98;196;238;land;false;desert;5
7765;248;164;204;land;true;jungle;6
7766;230;235;141;land;false;jungle;3
7767;247;157;213;land;true;jungle;6
7768;140;250;214;land;false;jungle;3
7769;170;155;211;land;false;jungle;3
7770;148;147;249;land;false;desert;5
7771;108;204;191;land;true;jungle;6
7772;135;242;187;land;false;jungle;3
7773;141;224;232;land;true;jungle;6
7774;128;195;200;land;false;jungle;3
7775;233;62;232;land;false;jungle;3
7776;133;215;241;land;false;plains;5
7777;155;239;186;land;false;desert;5
7778;149;226;189;land;false;jungle;3
7779;142;195;198;land;false;jungle;3
7780;250;191;186;land;false;jungle;3
7781;217;244;187;land;true;jungle;6
7782;111;214;215;land;false;desert;5
7783;68;250;204;land;true;jungle;6
7784;164;254;119;land;false;forest;3
7785;136;237;190;land;true;jungle;6
7786;143;204;215;land;false;jungle;3
7787;219;145;202;land;false;jungle;3
7788;240;184;101;land;false;jungle;3
7789;172;227;175;land;true;jungle;3
7790;244;74;234;land;false;jungle;3
7791;166;177;238;land;false;desert;5
7792;179;207;192;land;false;jungle;3
7793;218;166;117;land;false;plains;5
7794;198;203;249;land;true;jungle;6
7795;243;211;169;land;false;plains;5
7796;209;161;184;land;false;jungle;3
7797;211;142;249;land;true;desert;5
7798;150;242;158;land;true;jungle;6
7799;76;202;235;land;true;jungle;3
7800;244;50;250;land;false;jungle;3
7801;93;233;175;land;true;plains;6
7802;172;210;170;land;true;jungle;3
7803;119;171;249;land;false;jungle;3
7804;235;136;176;land;false;plains;5
7805;195;167;154;land;false;desert;5
7806;152;143;243;land;false;mountain;5
7807;241;195;248;land;false;jungle;3
7808;231;102;204;land;false;jungle;3
7809;158;212;189;land;true;mountain;5
7810;248;74;218;land;false;desert;5
7811;233;183;193;land;true;jungle;6
7812;153;168;205;land;false;jungle;3
7813;196;219;212;land;false;forest;3
7814;194;179;195;land;false;jungle;3
7815;188;112;232;land;true;jungle;3
7816;153;210;217;land;true;mountain;5
7817;219;185;97;land;false;jungle;3
7818;246;48;245;land;false;desert;5
7819;209;99;202;land;false;jungle;3
7820;218;176;126;land;false;jungle;3
7821;241;124;150;land;true;jungle;6
7822;204;200;170;land;true;jungle;6
7823;132;212;203;land;false;desert;5
7824;163;220;192;land;true;jungle;6
7825;195;170;152;land;false;desert;5
7826;142;215;204;land;false;forest;5
7827;194;188;225;land;false;jungle;3
7828;124;227;238;land;false;jungle;3
7829;216;68;253;land;false;plains;5
7830;216;109;224;land;false;mountain;3
7831;212;166;197;land;false;forest;3
7832;169;158;220;land;false;plains;5
7833;240;226;193;land;false;desert;5
7834;232;207;193;land;true;mountain;5
7835;152;169;215;land;false;plains;5
7836;129;253;196;land;true;jungle;6
7837;248;154;141;land;true;jungle;6
7838;213;254;119;land;false;marsh;3
7839;156;248;251;land;false;mountain;5
7840;133;165;235;land;false;jungle;3
7841;190;206;231;land;true;jungle;6
7842;216;109;235;land;false;plains;5
7843;188;151;221;land;false;plains;5
7844;226;233;161;land;true;jungle;6
7845;168;246;231;land;false;mountain;5
7846;247;31;228;land;false;desert;5
7847;204;157;183;land;true;jungle;6
7848;158;181;244;land;false;hills;5
7849;84;230;231;land;false;jungle;3
7850;233;180;232;land;false;plains;5
7851;232;240;39;land;false;desert;5
7852;229;106;182;land;false;desert;5
7853;240;161;217;land;false;marsh;3
7854;239;161;205;land;false;jungle;3
7855;246;202;156;land;false;jungle;3
7856;86;210;220;land;false;marsh;3
7857;195;199;114;land;false;desert;5
7858;148;121;237;land;false;plains;5
7859;142;182;229;land;false;jungle;3
7860;119;158;244;land;true;jungle;6
7861;224;191;92;land;false;forest;5
7862;241;86;217;land;false;plains;5
7863;241;117;206;land;true;jungle;6
7864;249;119;154;land;false;hills;5
7865;118;154;250;land;false;jungle;3
7866;184;133;230;land;false;jungle;3
7867;221;184;163;land;true;mountain;5
7868;115;254;156;land;true;jungle;6
7869;49;204;248;land;false;jungle;3
7870;155;128;218;land;false;jungle;3
7871;139;190;172;land;false;hills;5
7872;226;173;111;land;true;jungle;3
7873;186;115;251;land;false;forest;5
7874;235;210;199;land;false;jungle;3
7875;230;225;177;land;false;plains;5
7876;250;209;92;land;true;plains;5
7877;225;180;156;land;true;jungle;6
7878;248;160;125;land;true;jungle;6
7879;254;148;182;land;false;jungle;3
7880;183;204;186;land;false;jungle;3
7881;223;175;136;land;false;marsh;3
7882;115;188;242;land;false;mountain;5
7883;112;217;230;land;true;jungle;6
7884;205;254;75;land;false;desert;5
7885;120;225;163;land;false;jungle;3
7886;134;250;165;land;false;jungle;3
7887;219;210;246;land;false;plains;5
7888;117;225;184;land;false;jungle;3
7889;203;201;97;land;false;plains;5
7890;172;197;139;land;false;mountain;5
7891;212;169;227;land;true;jungle;3
7892;163;138;225;land;false;jungle;3
7893;143;130;228;land;false;plains;5
7894;227;169;158;land;true;plains;5
7895;103;217;193;land;true;urban;5
7896;176;232;103;land;true;jungle;6
7897;113;185;242;land;false;forest;5
7898;251;172;234;land;true;jungle;6
7899;192;103;223;land;false;jungle;3
7900;190;208;109;land;false;marsh;3
7901;165;225;179;land;true;jungle;6
7902;155;253;146;land;false;forest;3
7903;233;174;251;land;false;forest;5
7904;244;156;111;land;false;forest;5
7905;190;209;199;land;false;forest;5
7906;218;178;201;land;false;mountain;5
7907;239;237;33;land;true;jungle;6
7908;250;65;220;land;false;jungle;3
7909;187;185;180;land;true;jungle;6
7910;83;245;222;land;true;jungle;3
7911;139;249;140;land;false;jungle;3
7912;212;165;246;land;false;urban;5
7913;164;247;144;land;true;plains;6
7914;191;180;196;land;false;forest;5
7915;250;37;236;land;true;forest;5
7916;252;159;176;land;false;mountain;5
7917;101;216;198;land;false;jungle;3
7918;142;236;220;land;false;jungle;3
7919;190;234;81;land;false;mountain;5
7920;201;206;106;land;true;jungle;6
7921;193;245;156;land;true;jungle;3
7922;100;215;205;land;false;desert;5
7923;250;252;115;land;false;jungle;3
7924;225;194;92;land;false;jungle;3
7925;214;251;111;land;true;jungle;6
7926;243;117;245;land;true;jungle;6
7927;253;168;149;land;false;jungle;3
7928;197;249;124;land;false;jungle;3
7929;246;152;188;land;false;jungle;3
7930;199;143;213;land;false;forest;5
7931;174;175;237;land;true;jungle;6
7932;181;165;190;land;false;jungle;3
7933;201;240;247;land;false;jungle;3
7934;151;245;212;land;false;desert;5
7935;182;219;139;land;false;forest;5
7936;159;191;189;land;true;jungle;6
7937;210;237;190;land;false;mountain;5
7938;213;148;208;land;false;urban;5
7939;229;94;212;land;true;jungle;6
7940;239;53;210;land;true;forest;5
7941;106;173;238;land;false;urban;5
7942;226;175;216;land;false;forest;5
7943;229;182;167;land;false;forest;5
7944;218;210;133;land;false;urban;5
7945;250;172;117;land;true;jungle;6
7946;250;154;113;land;true;jungle;6
7947;249;185;113;land;false;mountain;5
7948;57;219;233;land;false;mountain;5
7949;219;129;217;land;false;forest;5
7950;126;181;202;land;true;jungle;6
7951;80;232;213;land;true;jungle;6
7952;240;239;205;land;false;jungle;3
7953;176;184;230;land;true;jungle;6
7954;216;224;242;land;true;jungle;6
7955;190;136;177;land;true;jungle;6
7956;217;196;251;land;true;jungle;6
7957;152;196;242;land;true;jungle;6
7958;247;121;176;land;true;mountain;5
7959;167;234;149;land;true;jungle;6
7960;113;226;217;land;false;mountain;5
7961;117;218;189;land;true;jungle;6
7962;94;249;168;land;false;forest;5
7963;226;165;152;land;false;mountain;5
7964;189;176;227;land;false;mountain;5
7965;220;139;243;land;true;plains;6
7966;180;200;123;land;false;forest;5
7967;244;113;153;land;false;hills;5
7968;145;150;242;land;false;mountain;5
7969;238;60;205;land;true;jungle;6
7970;251;76;241;land;false;jungle;3
7971;235;192;134;land;false;mountain;5
7972;95;169;243;land;false;mountain;5
7973;252;213;215;land;true;jungle;6
7974;92;227;183;land;false;marsh;3
7975;191;141;232;land;false;mountain;5
7976;233;75;216;land;false;forest;5
7977;132;156;253;land;false;jungle;3
7978;254;198;218;land;false;desert;5
7979;217;181;186;land;true;jungle;6
7980;227;191;234;land;false;forest;5
7981;138;219;156;land;true;mountain;5
7982;214;229;83;land;false;marsh;3
7983;228;102;193;land;true;jungle;6
7984;104;254;250;land;true;jungle;6
7985;158;230;167;land;false;mountain;3
7986;50;210;248;land;false;forest;5
7987;135;199;172;land;true;forest;5
7988;128;214;238;land;true;jungle;6
7989;147;208;189;land;true;marsh;5
7990;206;183;226;land;true;plains;5
7991;232;199;250;land;false;mountain;5
7992;237;155;167;land;true;forest;5
7993;226;76;252;land;false;jungle;3
7994;209;247;254;land;false;desert;5
7995;173;143;231;land;true;mountain;5
7996;131;227;201;land;false;marsh;5
7997;88;218;204;land;false;marsh;3
7998;251;103;205;land;false;jungle;3
7999;254;230;143;land;false;forest;5
8000;164;194;229;land;false;urban;5
8001;229;223;63;land;false;desert;5
8002;196;199;218;land;true;mountain;5
8003;182;118;227;land;false;hills;5
8004;121;242;201;land;false;jungle;3
8005;194;240;111;land;false;forest;5
8006;246;103;202;land;false;mountain;5
8007;215;209;125;land;true;jungle;6
8008;82;227;199;land;true;marsh;5
8009;144;150;241;land;true;marsh;5
8010;134;246;151;land;true;forest;5
8011;193;200;229;land;true;forest;5
8012;253;246;170;land;false;jungle;3
8013;250;180;135;land;false;forest;5
8014;227;90;219;land;false;forest;3
8015;233;94;216;land;false;jungle;3
8016;197;254;69;land;false;jungle;3
8017;16;235;254;land;false;marsh;3
8018;244;134;141;land;false;forest;5
8019;140;218;165;land;false;forest;5
8020;174;116;236;land;true;hills;5
8021;128;172;252;land;false;jungle;3
8022;217;185;217;land;true;plains;5
8023;230;210;221;land;false;desert;5
8024;183;210;160;land;true;forest;5
8025;122;180;216;land;true;desert;5
8026;251;107;251;land;false;jungle;3
8027;214;117;215;land;false;jungle;3
8028;237;238;34;land;true;hills;5
8029;239;138;248;land;true;jungle;6
8030;233;215;126;land;true;urban;5
8031;231;210;171;land;false;forest;5
8032;112;230;193;land;true;marsh;5
8033;117;251;176;land;true;marsh;5
8034;56;244;203;land;true;plains;5
8035;115;160;226;land;false;jungle;3
8036;109;248;158;land;false;jungle;3
8037;100;243;194;land;false;jungle;3
8038;197;138;195;land;true;jungle;6
8039;186;214;104;land;true;jungle;6
8040;223;199;89;land;true;jungle;6
8041;231;248;33;land;true;jungle;6
8042;218;132;250;land;false;forest;5
8043;180;200;172;land;true;jungle;3
8044;188;185;199;land;true;plains;5
8045;169;192;178;land;false;jungle;3
8046;223;121;193;land;true;jungle;6
8047;141;189;219;land;true;plains;5
8048;185;165;199;land;true;plains;5
8049;204;234;68;land;false;jungle;3
8050;238;102;204;land;false;forest;5
8051;144;223;138;land;true;jungle;6
8052;225;167;113;land;false;jungle;3
8053;184;242;183;land;false;forest;3
8054;252;191;206;land;true;jungle;6
8055;186;129;204;land;true;jungle;6
8056;87;241;181;land;true;jungle;6
8057;221;173;132;land;true;jungle;6
8058;233;236;126;land;false;jungle;3
8059;202;217;109;land;true;jungle;6
8060;199;189;193;land;true;jungle;6
8061;228;251;201;land;true;jungle;6
8062;62;221;231;land;true;jungle;6
8063;216;144;169;land;false;jungle;3
8064;232;90;235;land;false;jungle;3
8065;205;191;213;land;false;hills;5
8066;207;228;109;land;true;jungle;6
8067;249;117;206;land;true;jungle;6
8068;208;156;182;land;false;plains;5
8069;81;249;232;land;true;jungle;6
8070;222;245;207;land;true;jungle;6
8071;203;154;145;land;false;jungle;3
8072;121;198;229;land;false;forest;5
8073;122;172;225;land;true;jungle;6
8074;72;238;249;land;true;jungle;6
8075;145;208;176;land;true;jungle;6
8076;253;111;225;land;false;jungle;6
8077;120;152;237;land;false;jungle;5
8078;203;167;133;land;true;jungle;6
8079;245;156;170;land;false;forest;5
8080;71;234;227;land;false;jungle;3
8081;236;149;219;land;true;jungle;6
8082;168;179;246;land;true;jungle;6
8083;108;166;243;land;true;plains;5
8084;245;100;240;land;false;forest;3
8085;174;223;244;land;false;jungle;3
8086;214;138;186;land;false;plains;5
8087;35;249;218;land;true;jungle;6
8088;176;209;239;land;true;jungle;6
8089;127;225;214;land;true;jungle;3
8090;245;254;25;land;true;jungle;6
8091;234;232;106;land;false;plains;5
8092;214;211;145;land;true;jungle;6
8093;163;113;242;land;true;jungle;6
8094;213;121;226;land;false;jungle;3
8095;192;191;190;land;false;forest;5
8096;211;206;248;land;true;jungle;6
8097;121;232;242;land;true;jungle;3
8098;163;218;241;land;false;forest;3
8099;237;140;131;land;false;plains;5
8100;107;212;203;land;true;plains;3
8101;103;212;211;land;false;jungle;3
8102;147;247;209;land;false;jungle;5
8103;242;75;243;land;true;jungle;6
8104;179;141;181;land;false;forest;5
8105;245;246;167;land;true;jungle;3
8106;215;245;152;land;true;jungle;3
8107;161;250;146;land;false;mountain;3
8108;226;95;187;land;false;jungle;5
8109;254;249;254;land;false;hills;5
8110;200;140;173;land;false;jungle;5
8111;253;162;102;land;true;plains;5
8112;225;164;148;land;true;jungle;6
8113;176;206;130;land;false;forest;3
8114;242;252;100;land;false;hills;5
8115;213;171;210;land;false;plains;5
8116;159;242;165;land;true;jungle;6
8117;247;240;78;land;true;forest;3
8118;177;208;158;land;false;forest;3
8119;216;154;180;land;false;mountain;5
8120;218;227;241;land;true;hills;3
8121;244;146;238;land;false;forest;3
8122;252;106;147;land;false;plains;5
8123;219;181;210;land;false;plains;5
8124;171;243;96;land;false;plains;3
8125;174;149;228;land;false;forest;5
8126;186;138;218;land;true;plains;5
8127;117;234;184;land;false;plains;5
8128;126;232;249;land;false;forest;3
8129;219;240;90;land;false;forest;5
8130;222;151;152;land;false;forest;5
8131;212;239;212;land;true;plains;5
8132;87;242;205;land;false;forest;3
8133;234;148;230;land;true;plains;5
8134;166;169;231;land;false;plains;3
8135;159;180;181;land;false;forest;5
8136;209;193;215;land;false;forest;5
8137;224;179;169;land;false;forest;5
8138;245;47;234;land;false;forest;5
8139;200;139;231;land;true;plains;5
8140;195;252;75;land;false;forest;3
8141;141;216;170;land;false;forest;5
8142;201;204;139;land;true;jungle;6
8143;166;238;108;land;false;plains;3
8144;182;243;125;land;true;jungle;6
8145;172;129;222;land;false;plains;5
8146;254;96;174;land;true;jungle;6
8147;210;205;247;land;false;forest;3
8148;154;219;201;land;false;forest;5
8149;245;71;224;land;false;desert;3
8150;225;191;249;land;false;plains;5
8151;155;233;133;land;false;plains;5
8152;248;253;229;land;true;jungle;6
8153;209;162;159;land;false;forest;3
8154;185;177;229;land;false;plains;5
8155;189;210;125;land;false;hills;3
8156;189;152;231;land;false;plains;5
8157;149;237;211;land;true;plains;5
8158;86;248;224;land;true;plains;4
8159;234;249;147;land;true;plains;4
8160;158;177;236;land;true;jungle;6
8161;241;201;157;land;false;plains;5
8162;249;253;191;land;false;plains;5
8163;158;173;178;land;true;plains;4
8164;236;249;212;land;false;plains;5
8165;29;244;250;land;true;plains;4
8166;189;199;204;land;false;desert;5
8167;251;135;217;land;false;plains;5
8168;115;231;173;land;true;forest;4
8169;249;66;189;land;false;plains;5
8170;246;135;169;land;false;plains;5
8171;229;229;124;land;false;plains;5
8172;164;140;210;land;true;jungle;6
8173;191;222;125;land;false;plains;5
8174;227;235;134;land;true;forest;4
8175;64;225;238;land;false;desert;3
8176;183;212;157;land;true;plains;4
8177;171;169;197;land;false;desert;3
8178;222;244;135;land;true;hills;4
8179;158;227;226;land;true;jungle;6
8180;237;161;178;land;false;desert;3
8181;150;141;217;land;true;plains;4
8182;213;137;237;land;true;forest;4
8183;135;163;247;land;false;plains;5
8184;146;202;236;land;true;forest;4
8185;212;196;170;land;false;forest;4
8186;191;140;215;land;false;plains;5
8187;92;225;244;land;true;forest;4
8188;238;231;125;land;false;desert;5
8189;230;237;118;land;true;forest;4
8190;250;178;198;land;true;mountain;4
8191;201;152;215;land;true;plains;4
8192;209;222;147;land;true;desert;3
8193;178;120;235;land;true;jungle;6
8194;130;188;247;land;true;jungle;6
8195;215;163;176;land;true;plains;4
8196;188;193;149;land;false;forest;4
8197;205;98;226;land;false;desert;3
8198;152;199;173;land;false;plains;4
8199;194;137;209;land;false;desert;5
8200;218;53;235;land;true;plains;4
8201;254;210;180;land;false;desert;3
8202;252;148;160;land;false;plains;4
8203;238;86;245;land;true;hills;4
8204;165;247;100;land;false;plains;5
8205;242;107;165;land;false;plains;4
8206;156;245;241;land;false;plains;5
8207;134;229;190;land;true;jungle;6
8208;169;250;83;land;true;plains;4
8209;150;192;208;land;true;plains;5
8210;240;111;189;land;true;plains;4
8211;219;172;157;land;false;desert;5
8212;115;253;237;land;false;mountain;3
8213;150;157;243;land;false;plains;4
8214;234;201;76;land;false;forest;4
8215;217;139;202;land;true;jungle;6
8216;246;184;144;land;false;mountain;4
8217;218;219;144;land;false;desert;5
8218;232;224;145;land;false;plains;4
8219;162;127;215;land;true;plains;5
8220;168;199;210;land;false;plains;4
8221;230;133;221;land;false;forest;4
8222;68;239;225;land;true;plains;4
8223;239;167;218;land;false;plains;4
8224;180;242;107;land;false;lakes;5
8225;172;121;238;land;false;plains;4
8226;237;194;143;land;false;desert;5
8227;250;225;120;land;true;plains;5
8228;165;141;249;land;false;plains;4
8229;219;210;229;land;false;desert;5
8230;249;174;195;lake;false;lakes;5
8231;121;212;192;land;false;plains;4
8232;214;247;234;land;false;desert;5
8233;197;154;242;land;true;plains;4
8234;241;219;73;land;false;plains;4
8235;183;204;164;land;false;desert;5
8236;245;148;238;land;false;plains;4
8237;236;176;188;land;true;plains;4
8238;230;178;211;land;true;plains;4
8239;251;137;160;land;true;hills;3
8240;90;225;200;lake;false;plains;5
8241;203;228;162;land;true;jungle;6
8242;211;176;133;land;false;plains;4
8243;253;174;107;land;false;desert;3
8244;182;119;226;land;false;plains;4
8245;200;218;125;land;false;plains;4
8246;211;254;134;land;true;plains;4
8247;147;193;240;land;false;desert;5
8248;194;178;246;land;false;plains;4
8249;216;182;146;land;true;hills;3
8250;143;173;234;land;false;desert;3
8251;196;229;228;land;false;plains;4
8252;227;170;185;land;false;plains;4
8253;183;174;168;land;false;desert;5
8254;246;162;182;land;true;forest;4
8255;200;140;199;land;false;forest;5
8256;126;178;217;land;false;plains;4
8257;88;240;253;land;false;desert;5
8258;243;175;125;land;true;forest;4
8259;222;217;162;land;false;mountain;5
8260;247;227;223;land;true;forest;4
8261;217;215;237;land;false;forest;4
8262;224;227;111;land;false;forest;4
8263;159;232;215;land;false;plains;4
8264;131;143;247;land;false;desert;3
8265;173;129;202;land;false;hills;4
8266;29;236;238;land;false;mountain;3
8267;169;216;128;land;true;mountain;5
8268;206;165;149;land;true;plains;4
8269;247;92;236;land;true;mountain;5
8270;206;166;171;land;false;mountain;4
8271;223;242;78;land;false;hills;5
8272;234;177;92;land;true;plains;4
8273;237;246;163;land;false;mountain;4
8274;251;87;226;land;false;plains;5
8275;60;245;253;land;false;plains;4
8276;249;149;242;land;true;forest;5
8277;240;193;109;land;false;desert;5
8278;194;244;137;land;false;plains;4
8279;132;252;220;land;true;jungle;6
8280;153;208;170;land;true;desert;3
8281;190;127;224;land;false;plains;4
8282;198;92;229;land;true;forest;5
8283;229;121;242;land;false;plains;4
8284;227;249;80;land;false;plains;5
8285;185;227;221;land;false;plains;4
8286;227;232;227;land;true;jungle;6
8287;254;134;180;land;false;desert;3
8288;211;188;108;land;false;plains;4
8289;225;106;240;land;true;plains;4
8290;201;215;196;land;false;plains;4
8291;2;253;250;land;true;desert;3
8292;219;236;76;land;true;forest;5
8293;232;221;103;land;false;jungle;4
8294;236;173;129;land;true;jungle;6
8295;221;193;228;land;false;desert;5
8296;106;251;194;land;false;plains;4
8297;28;253;226;land;false;plains;4
8298;246;63;216;land;false;desert;3
8299;196;213;197;land;true;hills;4
8300;250;57;223;land;false;jungle;4
8301;229;213;217;land;false;forest;4
8302;244;254;219;land;false;forest;5
8303;219;97;186;land;false;jungle;4
8304;182;140;198;land;false;forest;4
8305;243;237;205;land;false;mountain;4
8306;163;247;151;land;false;forest;5
8307;245;253;65;land;false;jungle;3
8308;221;86;230;land;false;forest;4
8309;182;221;215;land;false;jungle;3
8310;239;96;244;land;false;desert;3
8311;246;242;108;land;false;plains;4
8312;242;163;227;land;false;forest;4
8313;145;156;248;land;false;jungle;3
8314;232;215;116;land;false;jungle;3
8315;244;206;114;land;true;forest;4
8316;231;186;99;land;true;desert;3
8317;135;235;178;land;true;forest;4
8318;73;248;229;land;false;mountain;4
8319;207;251;112;land;false;desert;3
8320;249;139;168;land;true;forest;4
8321;123;223;189;land;false;plains;4
8322;157;150;218;land;true;forest;4
8323;148;252;121;land;false;hills;4
8324;254;138;200;land;true;forest;4
8325;109;169;226;land;true;jungle;6
8326;208;127;174;land;false;mountain;4
8327;183;238;91;land;false;jungle;3
8328;104;241;180;land;false;plains;4
8329;212;239;230;land;false;forest;4
8330;62;244;248;land;false;desert;4
8331;162;202;152;land;true;forest;4
8332;207;171;179;land;true;jungle;6
8333;95;250;200;land;false;forest;4
8334;147;172;226;land;false;plains;4
8335;235;176;202;land;false;forest;4
8336;254;174;213;land;false;forest;4
8337;251;176;116;land;false;forest;4
8338;106;180;242;land;false;forest;4
8339;242;254;192;land;false;mountain;4
8340;208;153;143;land;false;forest;4
8341;140;226;180;land;false;forest;4
8342;215;91;201;land;true;forest;4
8343;180;189;142;land;false;mountain;4
8344;184;123;244;land;false;forest;4
8345;78;252;200;land;true;desert;3
8346;148;204;241;land;false;forest;4
8347;102;184;238;land;true;jungle;6
8348;219;223;230;land;false;desert;3
8349;224;141;226;land;false;forest;4
8350;206;111;223;land;false;forest;4
8351;145;165;252;land;false;forest;4
8352;201;250;87;land;false;forest;4
8353;240;187;236;land;true;desert;3
8354;165;211;205;land;false;forest;4
8355;227;162;135;land;false;plains;4
8356;241;176;122;land;false;forest;4
8357;205;190;242;land;false;desert;4
8358;176;219;147;land;false;forest;4
8359;208;139;183;land;false;plains;4
8360;229;235;158;land;false;desert;3
8361;171;246;211;land;false;forest;4
8362;243;221;60;land;true;forest;4
8363;67;229;252;land;false;mountain;3
8364;196;159;167;land;false;plains;4
8365;146;245;118;land;true;forest;4
8366;239;227;50;land;false;forest;4
8367;192;221;223;land;true;forest;4
8368;43;244;245;land;false;forest;4
8369;118;221;224;land;true;forest;4
8370;146;208;199;land;false;plains;4
8371;150;142;244;land;false;forest;4
8372;135;185;235;land;true;forest;4
8373;103;201;244;land;true;forest;4
8374;235;237;228;land;true;desert;3
8375;142;205;191;land;false;forest;4
8376;213;217;186;land;true;forest;4
8377;240;147;182;land;false;forest;4
8378;223;39;247;land;true;forest;4
8379;105;196;239;land;true;jungle;6
8380;98;251;174;land;true;forest;4
8381;157;239;174;land;false;forest;4
8382;213;189;192;land;false;mountain;3
8383;187;235;170;land;false;forest;4
8384;194;213;140;land;false;forest;4
8385;206;177;127;land;false;forest;4
8386;220;149;227;land;false;forest;4
8387;224;93;226;land;false;plains;4
8388;217;62;228;land;true;desert;3
8389;88;252;168;land;false;forest;4
8390;230;228;71;land;false;plains;4
8391;154;231;233;land;false;forest;4
8392;248;108;237;land;false;forest;4
8393;232;241;81;land;true;forest;4
8394;233;221;166;land;true;jungle;6
8395;176;186;159;land;false;desert;4
8396;213;252;118;land;false;forest;4
8397;188;198;233;land;false;forest;4
8398;95;173;252;land;false;forest;4
8399;250;55;206;land;false;forest;4
8400;204;217;184;land;true;jungle;6
8401;227;97;189;land;true;forest;4
8402;151;129;228;land;false;forest;4
8403;68;252;197;land;false;plains;4
8404;241;238;121;land;true;forest;4
8405;217;138;148;land;true;jungle;6
8406;209;103;213;land;false;plains;4
8407;125;230;241;land;false;desert;4
8408;249;208;116;land;false;forest;4
8409;184;108;243;land;true;forest;4
8410;185;217;160;land;false;forest;4
8411;217;175;117;land;true;forest;4
8412;165;220;236;land;false;forest;4
8413;246;174;105;land;false;desert;4
8414;168;180;212;land;true;jungle;6
8415;142;215;183;land;false;desert;3
8416;250;127;243;land;true;jungle;6
8417;246;223;115;land;false;plains;4
8418;146;157;221;land;true;forest;4
8419;135;219;158;land;false;forest;4
8420;247;177;89;land;true;forest;4
8421;204;152;227;land;false;desert;3
8422;202;190;135;land;false;forest;4
8423;227;227;180;land;false;forest;4
8424;84;247;223;land;false;forest;4
8425;186;164;157;land;false;desert;4
8426;183;153;209;land;true;forest;4
8427;242;170;142;land;false;forest;4
8428;178;179;193;land;true;forest;4
8429;245;199;228;land;false;forest;4
8430;151;239;122;land;false;forest;4
8431;249;212;199;land;false;desert;3
8432;202;112;238;land;false;desert;3
8433;224;248;69;land;false;forest;4
8434;239;243;58;land;true;forest;4
8435;233;190;171;land;false;forest;4
8436;233;230;77;land;true;desert;3
8437;128;215;192;land;false;forest;4
8438;100;204;226;land;false;hills;4
8439;250;169;247;land;true;forest;4
8440;43;247;246;land;false;forest;4
8441;193;198;210;land;false;desert;3
8442;240;228;46;land;false;forest;4
8443;218;156;187;land;false;forest;4
8444;248;56;237;land;false;forest;4
8445;226;215;208;land;true;forest;4
8446;235;162;235;land;true;plains;4
8447;235;233;130;land;false;forest;4
8448;165;197;141;land;false;forest;4
8449;66;249;252;land;true;forest;4
8450;84;184;243;land;false;forest;4
8451;190;195;202;land;false;forest;4
8452;231;229;240;land;false;forest;4
8453;108;246;253;land;true;forest;4
8454;231;139;148;land;false;mountain;4
8455;171;119;225;land;true;plains;4
8456;175;238;147;land;true;forest;4
8457;69;221;234;land;false;forest;4
8458;239;168;148;land;false;forest;4
8459;226;254;250;land;false;forest;4
8460;170;148;247;land;true;forest;4
8461;237;93;210;land;true;desert;3
8462;142;212;190;land;false;forest;4
8463;254;111;165;land;false;mountain;4
8464;158;224;234;land;false;hills;4
8465;236;154;152;land;false;forest;4
8466;168;200;212;land;false;forest;4
8467;132;243;253;land;false;forest;4
8468;216;247;231;land;false;forest;4
8469;222;153;176;land;false;plains;4
8470;252;210;159;land;false;forest;4
8471;250;214;154;land;false;forest;4
8472;230;156;214;land;false;forest;4
8473;155;154;253;land;false;forest;4
8474;240;195;138;land;false;forest;4
8475;67;200;235;land;false;forest;4
8476;228;169;202;land;false;forest;4
8477;240;183;197;land;false;mountain;4
8478;156;209;157;land;false;plains;4
8479;226;169;139;land;false;forest;4
8480;165;226;237;land;false;forest;4
8481;221;76;245;land;false;forest;4
8482;150;244;236;land;false;plains;4
8483;237;231;192;land;true;forest;4
8484;158;205;215;land;false;forest;4
8485;183;207;149;land;false;desert;4
8486;246;245;15;land;false;forest;4
8487;248;104;177;land;false;plains;4
8488;211;231;73;land;false;desert;4
8489;250;164;111;land;false;hills;4
8490;201;227;188;land;true;forest;4
8491;246;119;179;land;false;mountain;4
8492;158;215;145;land;false;forest;4
8493;195;221;224;land;false;forest;4
8494;217;223;104;land;false;hills;4
8495;204;251;93;land;false;forest;4
8496;206;78;222;land;false;plains;4
8497;197;206;156;land;false;forest;4
8498;232;29;248;land;false;mountain;4
8499;193;246;233;land;true;marsh;4
8500;154;230;173;land;false;mountain;4
8501;189;130;188;land;false;forest;4
8502;224;237;131;land;false;forest;4
8503;238;80;254;land;false;forest;4
8504;135;222;158;land;false;forest;4
8505;196;232;139;land;false;forest;4
8506;249;214;40;land;true;forest;4
8507;183;137;231;land;false;forest;4
8508;203;253;205;land;false;forest;4
8509;139;226;166;land;false;forest;4
8510;245;162;235;land;true;marsh;4
8511;55;252;241;land;false;forest;4
8512;185;224;240;land;false;forest;4
8513;206;239;198;land;false;forest;4
8514;119;244;173;land;false;forest;4
8515;208;191;189;land;true;forest;4
8516;241;122;227;land;false;hills;4
8517;113;203;233;land;false;forest;4
8518;180;235;204;land;false;hills;4
8519;234;165;176;land;true;hills;4
8520;171;169;231;land;false;forest;4
8521;245;243;34;land;false;marsh;4
8522;173;176;159;land;false;forest;4
8523;67;232;229;land;true;forest;4
8524;143;171;241;land;false;forest;4
8525;149;240;246;land;false;forest;4
8526;233;103;245;land;false;forest;4
8527;149;175;247;land;true;forest;4
8528;164;232;157;land;true;mountain;4
8529;243;151;163;land;false;forest;4
8530;83;239;210;land;false;plains;4
8531;127;234;248;land;false;forest;4
8532;213;179;205;land;false;mountain;4
8533;166;253;206;land;false;marsh;4
8534;254;204;210;land;false;forest;4
8535;93;213;243;land;true;forest;4
8536;192;234;118;land;false;forest;4
8537;248;221;87;land;false;marsh;4
8538;218;129;169;land;false;marsh;4
8539;246;200;82;land;false;forest;4
8540;229;90;248;land;true;mountain;4
8541;181;199;206;land;true;forest;4
8542;174;243;128;land;false;forest;4
8543;235;194;192;land;false;forest;4
8544;210;92;234;land;true;forest;4
8545;209;132;245;land;false;plains;4
8546;140;183;189;land;false;forest;4
8547;158;243;103;land;false;forest;4
8548;254;211;123;land;false;forest;4
8549;140;239;242;land;false;forest;4
8550;227;206;158;land;false;forest;4
8551;231;137;237;land;false;forest;4
8552;252;240;140;land;true;forest;4
8553;200;207;139;land;false;forest;4
8554;191;251;205;land;false;forest;4
8555;195;210;107;land;false;forest;4
8556;202;138;228;land;true;plains;4
8557;178;130;196;land;false;marsh;4
8558;221;159;243;land;true;marsh;4
8559;133;222;230;land;false;forest;4
8560;151;211;253;land;false;forest;4
8561;203;93;246;land;false;plains;4
8562;228;118;254;land;false;forest;4
8563;100;232;202;land;false;mountain;4
8564;100;213;248;land;false;forest;4
8565;219;241;195;land;false;mountain;4
8566;229;205;110;land;true;forest;4
8567;147;234;145;land;false;forest;4
8568;121;245;158;land;false;forest;4
8569;175;162;177;land;false;plains;4
8570;154;170;178;land;false;forest;4
8571;189;199;176;land;false;forest;4
8572;245;121;241;land;false;forest;4
8573;97;196;227;land;true;hills;4
8574;170;141;212;land;false;forest;4
8575;235;228;103;land;true;jungle;6
8576;244;127;180;land;false;forest;4
8577;198;190;253;land;false;forest;4
8578;138;218;236;land;true;forest;4
8579;189;178;236;land;false;forest;4
8580;208;151;165;land;true;plains;4
8581;196;223;122;land;false;forest;4
8582;79;239;193;land;false;forest;4
8583;160;250;200;land;true;plains;4
8584;159;172;250;land;true;forest;4
8585;238;252;49;land;false;forest;4
8586;150;183;185;land;true;hills;4
8587;116;166;221;land;true;forest;4
8588;247;82;174;land;false;forest;4
8589;245;197;219;land;false;forest;4
8590;236;210;69;land;false;forest;4
8591;219;131;193;land;false;forest;4
8592;217;210;209;land;false;mountain;4
8593;239;217;124;land;true;forest;4
8594;206;219;177;land;false;forest;4
8595;58;234;228;land;true;jungle;6
8596;239;47;234;land;false;mountain;4
8597;166;189;231;land;true;jungle;6
8598;120;192;201;land;false;forest;4
8599;88;251;252;land;false;forest;4
8600;106;235;246;land;true;hills;4
8601;224;205;122;land;true;forest;4
8602;13;251;242;land;false;forest;4
8603;98;254;176;land;false;forest;4
8604;153;175;216;land;false;forest;4
8605;187;90;235;land;false;forest;4
8606;207;125;213;land;false;forest;4
8607;109;241;249;land;true;jungle;6
8608;237;107;170;land;false;mountain;4
8609;252;218;196;land;false;forest;4
8610;211;232;224;land;false;forest;4
8611;252;100;231;land;false;forest;4
8612;221;163;251;land;false;forest;4
8613;170;206;237;land;false;forest;4
8614;230;59;236;land;false;forest;4
8615;158;181;230;land;true;forest;4
8616;171;203;175;land;false;mountain;4
8617;213;245;123;land;true;mountain;4
8618;235;241;216;land;true;forest;4
8619;107;210;203;land;false;mountain;4
8620;231;146;136;land;false;forest;4
8621;208;206;139;land;true;mountain;4
8622;229;236;161;land;false;forest;4
8623;220;206;83;land;false;mountain;4
8624;219;220;124;land;false;hills;4
8625;232;128;163;land;true;forest;4
8626;186;239;239;land;false;forest;4
8627;204;240;163;land;false;forest;4
8628;218;229;87;land;false;plains;4
8629;151;254;223;land;true;forest;4
8630;249;232;63;land;true;mountain;4
8631;195;142;245;land;false;forest;4
8632;237;80;232;land;true;forest;4
8633;228;149;124;land;false;forest;4
8634;251;121;150;land;false;forest;4
8635;178;222;180;land;false;forest;4
8636;235;86;224;land;false;hills;4
8637;46;213;243;land;false;forest;4
8638;217;238;251;land;false;forest;4
8639;190;150;209;land;false;forest;4
8640;87;237;233;land;true;forest;4
8641;189;105;231;land;false;forest;4
8642;231;201;232;land;true;forest;4
8643;240;175;163;land;false;forest;4
8644;220;197;114;land;true;hills;4
8645;138;254;128;land;false;forest;4
8646;87;204;222;land;false;forest;4
8647;244;156;249;land;false;forest;4
8648;252;140;120;land;false;forest;4
8649;244;230;84;land;false;forest;4
8650;155;206;163;land;false;forest;4
8651;178;210;193;land;false;forest;4
8652;205;222;203;land;false;forest;4
8653;240;224;145;land;false;jungle;3
8654;207;190;186;land;false;forest;4
8655;183;236;177;land;true;hills;4
8656;57;232;226;land;false;forest;4
8657;238;82;244;land;true;mountain;4
8658;209;238;116;land;false;forest;4
8659;150;251;193;land;false;forest;4
8660;118;215;192;land;false;forest;4
8661;251;147;160;land;true;forest;4
8662;233;125;160;land;false;forest;4
8663;168;177;174;land;true;hills;4
8664;79;209;215;land;false;forest;4
8665;144;131;238;land;true;forest;4
8666;213;245;218;land;false;forest;4
8667;241;229;41;land;false;forest;4
8668;182;246;93;land;false;forest;4
8669;233;184;145;land;true;forest;4
8670;216;126;211;land;false;forest;4
8671;234;216;192;land;false;forest;4
8672;212;245;57;land;true;mountain;4
8673;218;164;247;land;false;forest;4
8674;207;167;245;land;false;forest;4
8675;237;146;148;land;false;forest;4
8676;233;152;248;land;false;forest;4
8677;169;230;143;land;false;plains;4
8678;220;132;158;land;false;forest;4
8679;154;145;208;land;false;forest;4
8680;186;222;247;land;false;forest;4
8681;185;169;201;land;false;forest;4
8682;243;211;220;land;true;forest;4
8683;245;248;90;land;true;forest;4
8684;236;198;211;land;false;forest;4
8685;187;188;246;land;true;forest;4
8686;167;234;128;land;false;forest;4
8687;195;200;251;land;false;forest;4
8688;219;194;247;land;false;forest;4
8689;191;223;193;land;false;forest;4
8690;107;209;217;land;true;forest;4
8691;219;175;221;land;true;forest;4
8692;131;214;196;land;false;forest;4
8693;188;110;228;land;false;forest;4
8694;186;215;222;land;false;forest;4
8695;243;26;252;land;false;forest;4
8696;234;107;223;land;false;forest;4
8697;245;177;136;land;true;forest;4
8698;184;248;180;land;false;plains;4
8699;250;94;242;land;true;forest;4
8700;149;242;149;land;true;forest;4
8701;221;155;236;land;false;forest;4
8702;235;80;196;land;false;forest;4
8703;237;89;237;land;true;forest;4
8704;62;218;246;land;false;forest;4
8705;182;209;161;land;false;forest;4
8706;170;161;202;land;true;forest;4
8707;119;248;234;land;true;forest;4
8708;82;241;222;land;false;forest;4
8709;116;194;244;land;true;forest;4
8710;190;226;215;land;false;forest;4
8711;146;134;223;land;false;forest;4
8712;203;138;184;land;true;forest;4
8713;229;41;232;lake;false;plains;4
8714;138;194;183;land;false;plains;4
8715;220;168;186;land;false;forest;4
8716;222;253;233;land;false;plains;4
8717;183;252;188;land;false;plains;4
8718;217;183;191;land;true;forest;4
8719;134;201;195;land;false;forest;4
8720;171;227;216;land;false;forest;4
8721;192;198;189;land;true;forest;4
8722;199;253;58;land;false;forest;4
8723;113;246;188;land;true;forest;4
8724;232;245;76;land;true;forest;4
8725;251;249;245;land;false;forest;4
8726;247;126;226;land;true;forest;4
8727;169;243;222;land;true;forest;4
8728;225;190;214;land;true;forest;4
8729;131;181;199;land;true;forest;4
8730;245;251;50;land;true;forest;4
8731;248;244;111;land;true;plains;4
8732;181;232;100;land;false;plains;4
8733;188;251;169;land;true;forest;4
8734;245;205;139;land;true;forest;4
8735;184;184;192;land;true;forest;4
8736;199;125;191;land;true;forest;4
8737;187;122;254;land;true;forest;4
8738;211;246;61;land;true;forest;4
8739;233;166;136;land;true;forest;4
8740;226;232;199;land;true;plains;4
8741;211;232;85;land;true;forest;4
8742;161;133;247;land;true;forest;4
8743;227;61;241;land;true;forest;4
8744;151;190;253;land;true;forest;4
8745;151;155;204;land;true;forest;4
8746;174;203;236;land;true;plains;4
8747;219;165;178;land;true;forest;4
8748;188;250;227;land;true;plains;4
8749;103;231;188;land;true;plains;4
8750;212;228;190;land;true;plains;4
8751;28;252;221;land;true;plains;4
8752;92;186;246;land;false;plains;4
8753;245;121;136;land;true;plains;4
8754;186;206;212;land;true;plains;4
8755;154;123;229;land;true;plains;4
8756;146;203;156;land;true;plains;4
8757;216;100;215;land;true;plains;4
8758;213;224;93;land;true;plains;4
8759;224;252;137;land;true;plains;4
8760;39;249;249;land;true;plains;4
8761;148;243;111;land;true;plains;4
8762;220;104;184;land;true;plains;4
8763;229;91;211;land;true;plains;4
8764;239;211;205;land;true;plains;4
8765;244;226;253;land;true;plains;4
8766;235;223;239;land;true;jungle;2
8767;178;201;179;land;true;jungle;2
8768;169;237;181;land;true;plains;2
8769;148;238;167;land;true;plains;1
8770;198;227;78;land;true;jungle;2
8771;67;252;184;land;true;jungle;6
8772;221;214;157;land;true;forest;2
8773;236;223;50;land;true;plains;1
8774;189;196;212;land;true;jungle;3
8775;189;218;193;land;true;jungle;3
8776;222;213;237;land;true;jungle;3
8777;123;254;135;land;true;jungle;3
8778;204;228;232;land;true;jungle;3
8779;241;14;250;land;true;jungle;3
8780;163;137;247;land;true;jungle;3
8781;198;243;137;land;true;jungle;3
8782;246;95;216;land;true;jungle;3
8783;88;204;219;land;true;jungle;6
8784;95;168;240;land;true;jungle;3
8785;157;189;220;land;true;jungle;3
8786;155;245;115;land;true;jungle;6
8787;182;181;228;land;true;jungle;6
8788;19;15;20;sea;false;ocean;0
8789;3;4;66;sea;false;ocean;0
8790;26;9;56;sea;false;ocean;0
8791;6;57;16;sea;true;ocean;0
8792;7;63;21;sea;true;ocean;0
8793;74;8;8;sea;false;ocean;0
8794;4;43;11;sea;false;ocean;0
8795;7;20;27;sea;false;ocean;0
8796;9;10;65;sea;true;ocean;0
8797;14;29;41;sea;false;ocean;0
8798;13;40;27;sea;false;ocean;0
8799;23;24;15;sea;false;ocean;0
8800;16;18;46;sea;false;ocean;0
8801;3;22;13;sea;false;ocean;0
8802;52;7;4;sea;false;ocean;0
8803;22;53;4;sea;false;ocean;0
8804;4;4;54;sea;false;ocean;0
8805;4;49;27;sea;false;ocean;0
8806;5;1;8;sea;false;ocean;0
8807;17;19;56;sea;true;ocean;0
8808;15;5;65;sea;false;ocean;0
8809;21;13;15;sea;false;ocean;0
8810;37;17;6;sea;false;ocean;0
8811;5;20;2;sea;false;ocean;0
8812;72;3;6;sea;false;ocean;0
8813;33;32;27;sea;false;ocean;0
8814;3;78;4;sea;false;ocean;0
8815;21;10;58;sea;false;ocean;0
8816;24;38;22;sea;false;ocean;0
8817;15;0;43;sea;false;ocean;0
8818;27;21;40;sea;false;ocean;0
8819;29;15;48;sea;false;ocean;0
8820;82;7;8;sea;false;ocean;0
8821;32;9;0;sea;true;ocean;0
8822;61;2;34;sea;false;ocean;0
8823;11;55;21;sea;false;ocean;0
8824;11;17;23;sea;false;ocean;0
8825;18;29;34;sea;false;ocean;0
8826;24;6;12;sea;true;ocean;0
8827;30;46;19;sea;false;ocean;0
8828;36;27;0;sea;false;ocean;0
8829;30;36;5;sea;false;ocean;0
8830;49;28;18;sea;false;ocean;0
8831;47;33;7;sea;false;ocean;0
8832;47;25;0;sea;false;ocean;0
8833;36;9;6;sea;false;ocean;0
8834;2;14;51;sea;false;ocean;0
8835;54;1;42;sea;true;ocean;0
8836;13;7;48;sea;false;ocean;0
8837;56;6;26;sea;false;ocean;0
8838;21;4;22;sea;false;ocean;0
8839;8;41;29;sea;false;ocean;0
8840;3;50;41;sea;false;ocean;0
8841;8;14;5;sea;false;ocean;0
8842;24;9;2;sea;false;ocean;0
8843;22;0;76;sea;false;ocean;0
8844;22;5;24;sea;false;ocean;0
8845;6;71;19;sea;false;ocean;0
8846;12;48;6;sea;false;ocean;0
8847;20;14;4;land;false;jungle;3
8848;43;31;4;sea;false;ocean;0
8849;49;2;41;sea;true;ocean;0
8850;27;55;13;sea;false;ocean;0
8851;2;34;31;sea;false;ocean;0
8852;67;7;2;sea;false;ocean;0
8853;43;1;54;sea;false;ocean;0
8854;68;15;16;sea;false;ocean;0
8855;0;94;1;sea;false;ocean;0
8856;9;51;30;sea;false;ocean;0
8857;4;39;51;sea;false;ocean;0
8858;17;0;42;sea;false;ocean;0
8859;9;6;72;sea;false;ocean;0
8860;17;26;14;sea;false;ocean;0
8861;6;38;17;sea;false;ocean;0
8862;7;30;60;sea;false;ocean;0
8863;29;11;31;sea;true;ocean;0
8864;9;38;3;sea;false;ocean;0
8865;27;15;31;sea;false;ocean;0
8866;26;37;13;sea;false;ocean;0
8867;7;35;50;sea;false;ocean;0
8868;3;24;21;sea;false;ocean;0
8869;46;42;9;sea;false;ocean;0
8870;10;45;20;sea;false;ocean;0
8871;31;27;0;sea;false;ocean;0
8872;7;12;52;sea;false;ocean;0
8873;25;0;46;sea;false;ocean;0
8874;20;24;21;sea;false;ocean;0
8875;21;2;15;sea;false;ocean;0
8876;49;6;16;sea;true;ocean;0
8877;58;13;16;sea;true;ocean;0
8878;23;46;10;sea;false;ocean;0
8879;4;46;43;sea;true;ocean;0
8880;3;33;29;sea;false;ocean;0
8881;5;0;82;sea;false;ocean;0
8882;39;28;3;sea;true;ocean;0
8883;12;26;61;sea;false;ocean;0
8884;1;22;76;sea;false;ocean;0
8885;3;21;53;sea;false;ocean;0
8886;25;24;7;sea;false;ocean;0
8887;23;60;2;sea;false;ocean;0
8888;3;23;24;sea;false;ocean;0
8889;23;40;2;sea;false;ocean;0
8890;20;22;15;sea;false;ocean;0
8891;25;54;14;sea;false;ocean;0
8892;9;22;39;sea;false;ocean;0
8893;4;4;24;sea;false;ocean;0
8894;6;72;8;sea;false;ocean;0
8895;22;36;27;sea;true;ocean;0
8896;30;8;16;sea;false;ocean;0
8897;15;79;4;sea;false;ocean;0
8898;36;24;14;sea;true;ocean;0
8899;53;20;17;sea;false;ocean;0
8900;22;7;53;sea;false;ocean;0
8901;11;4;28;sea;false;ocean;0
8902;43;10;44;sea;true;ocean;0
8903;6;28;60;sea;false;ocean;0
8904;3;5;0;sea;false;ocean;0
8905;12;13;44;sea;false;ocean;0
8906;25;1;64;sea;false;ocean;0
8907;57;22;20;sea;false;ocean;0
8908;52;12;25;sea;false;ocean;0
8909;24;3;40;sea;false;ocean;0
8910;19;9;47;sea;false;ocean;0
8911;39;20;6;sea;false;ocean;0
8912;56;18;22;sea;false;ocean;0
8913;24;15;4;lake;false;lakes;5
8914;65;8;14;sea;false;ocean;0
8915;14;45;8;sea;false;ocean;0
8916;15;18;42;sea;false;ocean;0
8917;33;30;6;sea;false;ocean;0
8918;47;19;32;sea;false;ocean;0
8919;38;26;22;sea;false;ocean;0
8920;9;12;71;sea;false;ocean;0
8921;13;7;42;sea;false;ocean;0
8922;11;13;62;sea;true;ocean;0
8923;15;42;13;sea;false;ocean;0
8924;37;47;13;sea;false;ocean;0
8925;14;42;8;sea;true;ocean;0
8926;4;37;11;sea;false;ocean;0
8927;3;15;38;sea;false;ocean;0
8928;15;5;28;sea;false;ocean;0
8929;73;0;14;sea;false;ocean;0
8930;19;19;21;sea;false;ocean;0
8931;3;37;26;sea;false;ocean;0
8932;7;51;21;sea;false;ocean;0
8933;13;1;29;sea;false;ocean;0
8934;27;25;38;sea;false;ocean;0
8935;25;14;20;sea;false;ocean;0
8936;1;36;41;sea;false;ocean;0
8937;35;44;13;sea;false;ocean;0
8938;31;18;2;sea;false;ocean;0
8939;73;17;7;sea;false;ocean;0
8940;56;39;1;sea;false;ocean;0
8941;15;26;10;sea;false;ocean;0
8942;25;15;50;sea;true;ocean;0
8943;52;40;2;sea;false;ocean;0
8944;76;6;11;sea;false;ocean;0
8945;1;48;43;sea;true;ocean;0
8946;8;7;60;sea;false;ocean;0
8947;2;62;19;sea;false;ocean;0
8948;2;5;2;sea;false;ocean;0
8949;2;41;33;sea;false;ocean;0
8950;5;9;10;sea;false;ocean;0
8951;10;13;64;sea;false;ocean;0
8952;4;1;4;sea;false;ocean;0
8953;4;13;14;sea;false;ocean;0
8954;21;13;0;sea;false;ocean;0
8955;17;1;43;sea;false;ocean;0
8956;4;80;11;sea;false;ocean;0
8957;12;10;15;sea;true;ocean;0
8958;6;51;37;sea;false;ocean;0
8959;3;18;74;sea;false;ocean;0
8960;17;1;8;sea;false;ocean;0
8961;20;43;31;sea;false;ocean;0
8962;4;42;14;sea;false;ocean;0
8963;43;9;22;sea;true;ocean;0
8964;20;13;6;sea;false;ocean;0
8965;2;27;36;sea;false;ocean;5
8966;29;34;19;sea;false;ocean;0
8967;80;1;10;sea;false;ocean;0
8968;56;31;9;sea;false;ocean;0
8969;9;73;17;sea;false;ocean;0
8970;0;13;31;sea;false;ocean;0
8971;10;57;25;sea;false;ocean;0
8972;0;41;9;sea;true;ocean;0
8973;13;68;17;sea;false;ocean;0
8974;0;31;61;sea;false;ocean;0
8975;0;22;27;sea;true;ocean;0
8976;42;4;29;sea;false;ocean;0
8977;20;32;5;sea;false;ocean;0
8978;43;15;28;sea;false;ocean;0
8979;5;33;16;sea;false;ocean;0
8980;14;67;13;sea;false;ocean;0
8981;50;22;22;sea;false;ocean;0
8982;38;6;43;sea;false;ocean;0
8983;32;27;30;sea;false;ocean;0
8984;17;2;43;sea;false;ocean;0
8985;62;12;4;sea;false;ocean;0
8986;10;30;44;sea;false;ocean;0
8987;54;17;15;sea;false;ocean;0
8988;4;38;27;sea;false;ocean;0
8989;3;6;56;sea;false;ocean;0
8990;41;40;14;sea;false;ocean;0
8991;3;7;2;sea;false;ocean;0
8992;6;44;20;sea;false;ocean;0
8993;2;86;7;sea;false;ocean;0
8994;1;29;27;sea;false;ocean;0
8995;7;33;5;sea;false;ocean;0
8996;8;51;34;sea;false;ocean;0
8997;17;21;21;sea;false;ocean;0
8998;54;11;24;sea;false;ocean;0
8999;27;6;12;sea;true;ocean;0
9000;10;43;38;sea;false;ocean;0
9001;17;6;39;sea;false;ocean;0
9002;23;37;0;sea;false;ocean;0
9003;39;44;10;sea;false;ocean;0
9004;7;51;0;sea;false;ocean;0
9005;7;24;46;sea;false;ocean;0
9006;16;47;13;sea;false;ocean;0
9007;10;22;57;sea;false;ocean;0
9008;6;18;50;sea;false;ocean;0
9009;40;25;6;sea;false;ocean;0
9010;45;6;24;sea;true;ocean;0
9011;15;41;13;sea;false;ocean;0
9012;3;6;29;sea;false;ocean;0
9013;72;24;1;sea;false;ocean;0
9014;52;1;37;sea;true;ocean;0
9015;7;18;70;sea;false;ocean;0
9016;21;29;39;sea;true;ocean;0
9017;5;5;56;sea;false;ocean;0
9018;10;34;26;sea;true;ocean;0
9019;20;53;6;sea;false;ocean;0
9020;18;10;69;sea;false;ocean;0
9021;25;45;27;sea;false;ocean;0
9022;6;13;42;sea;false;ocean;0
9023;2;42;23;sea;false;ocean;0
9024;33;18;12;sea;false;ocean;0
9025;34;21;2;sea;false;ocean;0
9026;12;74;0;sea;false;ocean;0
9027;64;8;5;sea;true;ocean;0
9028;20;53;13;sea;false;ocean;0
9029;7;52;15;sea;false;ocean;0
9030;50;31;0;sea;false;ocean;0
9031;55;23;16;sea;true;ocean;0
9032;51;27;14;sea;false;ocean;0
9033;16;25;27;sea;false;ocean;0
9034;58;21;14;sea;false;ocean;0
9035;2;9;40;sea;false;ocean;0
9036;29;25;6;sea;false;ocean;0
9037;29;45;9;sea;false;ocean;0
9038;40;37;4;sea;true;ocean;0
9039;29;6;2;sea;false;ocean;0
9040;1;12;45;sea;false;ocean;0
9041;14;24;61;sea;false;ocean;0
9042;27;45;25;sea;false;ocean;0
9043;51;5;20;sea;false;ocean;0
9044;1;2;81;sea;true;ocean;0
9045;39;23;31;sea;false;ocean;0
9046;12;19;2;sea;false;ocean;0
9047;9;11;19;sea;false;ocean;0
9048;3;45;29;sea;false;ocean;0
9049;36;26;33;sea;false;ocean;0
9050;40;58;1;sea;true;ocean;0
9051;36;48;0;sea;false;ocean;0
9052;3;40;45;sea;false;ocean;0
9053;8;21;8;sea;false;ocean;0
9054;29;39;8;sea;false;ocean;0
9055;73;1;22;sea;true;ocean;0
9056;20;8;17;sea;false;ocean;0
9057;19;17;18;sea;false;ocean;0
9058;18;51;23;sea;false;ocean;0
9059;5;26;17;sea;false;ocean;0
9060;14;27;41;sea;false;ocean;0
9061;59;17;11;sea;false;ocean;0
9062;5;30;23;sea;false;ocean;0
9063;24;45;10;sea;false;ocean;0
9064;26;53;12;sea;false;ocean;0
9065;75;2;10;sea;true;ocean;0
9066;0;28;26;sea;false;ocean;0
9067;37;25;29;sea;false;ocean;0
9068;7;45;35;sea;false;ocean;0
9069;63;4;1;sea;false;ocean;0
9070;5;76;15;sea;false;ocean;0
9071;74;7;2;sea;false;ocean;0
9072;24;40;12;sea;false;ocean;0
9073;27;27;34;sea;false;ocean;0
9074;26;47;17;sea;false;ocean;0
9075;20;24;30;sea;false;ocean;0
9076;40;19;38;sea;false;ocean;0
9077;6;46;0;sea;false;ocean;0
9078;5;5;50;sea;false;ocean;0
9079;22;0;10;sea;false;ocean;0
9080;31;48;6;sea;false;ocean;0
9081;3;69;12;sea;false;ocean;0
9082;15;59;20;sea;false;ocean;0
9083;50;15;23;sea;false;ocean;0
9084;42;43;2;sea;true;ocean;0
9085;14;4;69;sea;true;ocean;0
9086;33;60;0;sea;false;ocean;0
9087;35;10;27;sea;false;ocean;0
9088;76;3;7;sea;false;ocean;0
9089;28;21;31;sea;false;ocean;0
9090;33;4;59;sea;false;ocean;0
9091;16;33;12;sea;false;ocean;0
9092;15;1;35;sea;false;ocean;0
9093;0;0;83;sea;false;ocean;0
9094;64;15;11;sea;false;ocean;0
9095;4;32;10;sea;false;ocean;0
9096;7;14;37;sea;true;ocean;0
9097;37;13;25;sea;false;ocean;0
9098;3;29;48;sea;true;ocean;0
9099;3;51;26;sea;false;ocean;0
9100;13;6;55;sea;false;ocean;0
9101;44;23;11;sea;false;ocean;0
9102;6;8;58;sea;false;ocean;0
9103;3;11;76;sea;false;ocean;0
9104;85;7;3;sea;false;ocean;0
9105;3;11;60;sea;false;ocean;0
9106;13;8;40;sea;false;ocean;0
9107;11;39;16;sea;true;ocean;0
9108;62;3;3;sea;false;ocean;0
9109;46;6;1;sea;false;ocean;0
9110;26;35;15;sea;false;ocean;0
9111;49;11;0;sea;false;ocean;0
9112;41;18;17;sea;false;ocean;0
9113;27;17;0;sea;true;ocean;0
9114;10;46;15;sea;false;ocean;0
9115;6;16;38;sea;false;ocean;0
9116;9;1;72;sea;false;ocean;0
9117;5;69;20;sea;false;ocean;0
9118;29;62;3;sea;false;ocean;0
9119;0;22;77;sea;false;ocean;0
9120;26;28;23;sea;false;ocean;0
9121;0;78;16;sea;false;ocean;0
9122;12;50;27;sea;false;ocean;0
9123;26;37;32;sea;false;ocean;0
9124;4;2;8;sea;false;ocean;0
9125;6;37;43;sea;false;ocean;0
9126;6;65;9;sea;false;ocean;0
9127;11;15;12;sea;false;ocean;0
9128;2;60;8;sea;false;ocean;0
9129;54;20;4;sea;false;ocean;0
9130;53;3;29;sea;false;ocean;0
9131;36;38;21;sea;false;ocean;0
9132;22;2;71;sea;false;ocean;0
9133;28;47;4;sea;false;ocean;0
9134;25;36;31;sea;false;ocean;0
9135;46;25;15;sea;false;ocean;0
9136;3;5;51;sea;false;ocean;0
9137;38;34;19;sea;false;ocean;0
9138;7;9;50;sea;false;ocean;0
9139;73;15;0;sea;false;ocean;0
9140;27;2;6;sea;false;ocean;0
9141;34;34;27;sea;false;ocean;0
9142;21;8;32;sea;false;ocean;0
9143;55;1;37;sea;true;ocean;0
9144;62;10;25;sea;false;ocean;0
9145;5;37;27;sea;false;ocean;0
9146;3;50;30;sea;true;ocean;0
9147;13;26;45;sea;false;ocean;0
9148;7;12;44;sea;false;ocean;0
9149;24;44;2;sea;false;ocean;0
9150;58;6;29;sea;true;ocean;0
9151;0;19;26;sea;false;ocean;0
9152;8;84;4;sea;false;ocean;0
9153;2;59;24;sea;false;ocean;0
9154;24;49;6;sea;false;ocean;0
9155;52;27;12;sea;false;ocean;0
9156;61;27;9;sea;false;ocean;0
9157;34;10;21;sea;false;ocean;0
9158;30;7;6;sea;false;ocean;0
9159;15;14;6;sea;false;ocean;0
9160;4;79;3;sea;false;ocean;0
9161;27;58;2;sea;false;ocean;0
9162;34;30;19;sea;false;ocean;0
9163;54;37;4;sea;false;ocean;0
9164;13;57;21;sea;false;ocean;0
9165;23;46;25;sea;false;ocean;0
9166;7;9;49;sea;false;ocean;0
9167;16;41;13;sea;false;ocean;0
9168;41;0;3;sea;false;ocean;0
9169;17;34;20;sea;false;ocean;0
9170;8;7;12;sea;false;ocean;0
9171;43;12;7;sea;false;ocean;0
9172;20;59;4;sea;false;ocean;0
9173;59;0;27;sea;false;ocean;0
9174;3;40;29;sea;false;ocean;0
9175;14;2;36;sea;false;ocean;0
9176;14;0;22;sea;false;ocean;0
9177;43;36;20;sea;false;ocean;0
9178;60;25;1;sea;false;ocean;0
9179;27;33;35;sea;false;ocean;0
9180;25;13;20;sea;false;ocean;0
9181;39;0;9;sea;false;ocean;0
9182;81;6;5;sea;false;ocean;0
9183;39;16;39;sea;false;ocean;0
9184;4;55;22;sea;true;ocean;0
9185;38;12;20;sea;true;ocean;0
9186;6;24;27;sea;false;ocean;0
9187;60;17;17;sea;false;ocean;0
9188;37;37;17;sea;false;ocean;0
9189;3;76;12;sea;false;ocean;0
9190;43;44;11;sea;false;ocean;0
9191;33;36;16;sea;false;ocean;0
9192;17;15;15;sea;true;ocean;0
9193;17;73;9;sea;false;ocean;0
9194;9;4;47;sea;false;ocean;0
9195;45;0;49;sea;false;ocean;0
9196;8;35;11;sea;false;ocean;0
9197;6;67;13;sea;false;ocean;0
9198;56;31;4;sea;false;ocean;0
9199;38;27;7;sea;false;ocean;0
9200;2;57;13;sea;false;ocean;0
9201;1;33;11;sea;false;ocean;0
9202;4;47;11;sea;false;ocean;0
9203;37;24;21;sea;false;ocean;0
9204;0;22;63;sea;false;ocean;0
9205;44;4;14;sea;false;ocean;0
9206;21;23;39;sea;false;ocean;0
9207;50;0;25;sea;false;ocean;0
9208;4;28;66;sea;true;ocean;2
9209;8;45;7;sea;false;ocean;0
9210;34;8;25;sea;false;ocean;0
9211;12;53;0;sea;true;ocean;0
9212;42;22;3;sea;false;ocean;0
9213;27;3;17;sea;true;ocean;0
9214;55;12;8;sea;true;ocean;0
9215;24;7;65;sea;false;ocean;0
9216;74;13;4;sea;false;ocean;0
9217;49;12;9;sea;false;ocean;0
9218;13;43;31;sea;false;ocean;0
9219;0;15;11;sea;false;ocean;0
9220;38;1;58;sea;false;ocean;0
9221;16;30;45;sea;false;ocean;0
9222;11;19;3;sea;false;ocean;0
9223;21;31;27;sea;false;ocean;0
9224;1;6;21;sea;false;ocean;0
9225;8;9;27;sea;false;ocean;0
9226;16;45;37;sea;false;ocean;0
9227;15;61;10;sea;false;ocean;0
9228;21;27;33;sea;false;ocean;0
9229;72;2;21;sea;false;ocean;0
9230;13;43;32;sea;false;ocean;0
9231;25;16;4;sea;false;ocean;0
9232;4;9;30;sea;false;ocean;0
9233;37;42;8;sea;false;ocean;0
9234;16;32;32;sea;false;ocean;0
9235;34;6;43;sea;false;ocean;0
9236;47;23;4;sea;true;ocean;0
9237;29;16;33;sea;false;ocean;0
9238;40;5;20;sea;false;ocean;0
9239;14;8;24;sea;false;ocean;0
9240;15;11;19;sea;false;ocean;0
9241;0;33;49;sea;false;ocean;0
9242;21;4;66;sea;false;ocean;0
9243;8;9;46;sea;false;ocean;0
9244;6;18;32;sea;false;ocean;0
9245;28;3;52;sea;false;ocean;0
9246;10;68;4;sea;false;ocean;0
9247;73;4;7;sea;false;ocean;0
9248;11;5;41;sea;false;ocean;0
9249;18;34;1;sea;false;ocean;0
9250;4;31;63;sea;false;ocean;0
9251;23;12;62;sea;true;ocean;0
9252;62;14;23;sea;false;ocean;0
9253;27;12;23;sea;false;ocean;0
9254;37;38;18;sea;false;ocean;0
9255;66;19;9;sea;false;ocean;0
9256;10;7;27;sea;false;ocean;0
9257;1;16;0;sea;false;ocean;0
9258;9;6;25;sea;false;ocean;0
9259;17;28;14;sea;false;ocean;0
9260;3;21;73;sea;false;ocean;0
9261;35;37;10;sea;true;ocean;0
9262;48;25;9;sea;false;ocean;0
9263;21;30;27;sea;true;ocean;0
9264;21;16;28;sea;false;ocean;0
9265;15;40;3;sea;false;ocean;0
9266;58;13;24;sea;true;ocean;0
9267;4;50;26;sea;false;ocean;0
9268;23;35;8;sea;false;ocean;0
9269;19;14;46;sea;false;ocean;0
9270;4;10;67;sea;false;ocean;0
9271;26;45;16;sea;false;ocean;0
9272;15;29;6;sea;false;ocean;0
9273;5;39;48;sea;true;ocean;0
9274;3;0;92;sea;false;ocean;0
9275;4;41;41;sea;false;ocean;0
9276;1;36;31;sea;false;ocean;0
9277;14;21;7;sea;false;ocean;0
9278;23;9;1;sea;false;ocean;0
9279;10;33;11;sea;false;ocean;0
9280;50;7;36;sea;false;ocean;0
9281;34;17;16;sea;false;ocean;0
9282;20;1;58;sea;false;ocean;0
9283;5;43;11;sea;false;ocean;0
9284;1;7;3;sea;false;ocean;0
9285;20;34;17;sea;false;ocean;0
9286;8;25;25;sea;false;ocean;0
9287;32;24;24;sea;false;ocean;0
9288;12;16;57;sea;true;ocean;0
9289;33;15;18;sea;true;ocean;0
9290;34;26;37;sea;false;ocean;0
9291;21;46;13;sea;false;ocean;0
9292;10;44;34;sea;false;ocean;0
9293;0;63;27;sea;false;ocean;0
9294;41;0;18;sea;false;ocean;0
9295;39;12;35;sea;false;ocean;0
9296;17;13;49;sea;false;ocean;0
9297;4;18;62;sea;false;ocean;0
9298;9;30;57;sea;false;ocean;0
9299;3;21;5;sea;false;ocean;0
9300;45;13;13;sea;false;ocean;0
9301;2;76;10;sea;false;ocean;0
9302;33;25;12;sea;false;ocean;0
9303;6;4;70;sea;true;ocean;0
9304;33;19;1;sea;false;ocean;0
9305;24;25;4;sea;false;ocean;0
9306;26;34;37;sea;false;ocean;0
9307;36;3;5;sea;false;ocean;0
9308;36;0;23;sea;false;ocean;0
9309;53;18;6;sea;false;ocean;0
9310;34;21;33;sea;false;ocean;0
9311;3;44;33;sea;false;ocean;0
9312;53;9;34;sea;false;ocean;0
9313;1;70;4;sea;true;ocean;0
9314;2;7;88;sea;false;ocean;0
9315;13;5;72;sea;false;ocean;0
9316;14;3;28;sea;false;ocean;0
9317;8;24;47;sea;false;ocean;0
9318;2;96;1;sea;false;ocean;0
9319;28;0;48;sea;false;ocean;0
9320;38;35;1;sea;true;ocean;0
9321;45;2;22;sea;false;ocean;0
9322;17;16;53;sea;true;ocean;0
9323;26;20;6;sea;false;ocean;0
9324;63;14;13;sea;false;ocean;0
9325;35;45;11;sea;false;ocean;0
9326;5;43;23;sea;false;ocean;0
9327;17;11;16;sea;false;ocean;0
9328;25;30;5;sea;false;ocean;0
9329;96;0;1;sea;false;ocean;0
9330;4;32;56;sea;false;ocean;0
9331;53;25;19;sea;false;ocean;0
9332;0;90;7;sea;true;ocean;0
9333;30;10;27;sea;false;ocean;0
9334;29;0;0;sea;false;ocean;0
9335;35;20;32;sea;false;ocean;0
9336;17;38;38;sea;false;ocean;0
9337;49;1;24;sea;false;ocean;0
9338;27;55;12;sea;true;ocean;0
9339;37;9;32;sea;false;ocean;0
9340;19;18;55;sea;false;ocean;0
9341;5;54;27;sea;false;ocean;0
9342;38;17;27;sea;false;ocean;0
9343;25;15;36;sea;false;ocean;0
9344;13;53;7;sea;false;ocean;0
9345;32;1;55;sea;false;ocean;0
9346;26;7;65;sea;false;ocean;0
9347;44;6;16;sea;false;ocean;0
9348;30;28;18;sea;false;ocean;0
9349;5;11;82;sea;false;ocean;0
9350;14;2;9;sea;false;ocean;0
9351;9;46;16;sea;false;ocean;0
9352;44;8;42;sea;false;ocean;0
9353;28;35;9;sea;false;ocean;0
9354;16;18;31;sea;false;ocean;0
9355;33;17;6;sea;true;ocean;0
9356;16;74;8;sea;false;ocean;0
9357;6;71;1;sea;false;ocean;0
9358;5;3;31;sea;false;ocean;0
9359;39;53;6;sea;true;ocean;0
9360;64;0;33;sea;false;ocean;0
9361;27;9;61;sea;false;ocean;0
9362;20;53;18;sea;false;ocean;0
9363;23;5;32;sea;false;ocean;0
9364;2;64;23;sea;false;ocean;0
9365;27;15;40;sea;false;ocean;0
9366;3;23;41;sea;false;ocean;0
9367;12;31;56;sea;false;ocean;0
9368;21;22;5;sea;false;ocean;0
9369;22;31;31;sea;false;ocean;0
9370;66;7;17;sea;false;ocean;0
9371;0;49;29;sea;false;ocean;0
9372;19;38;14;sea;false;ocean;0
9373;6;58;34;sea;false;ocean;0
9374;33;0;9;sea;false;ocean;0
9375;14;0;77;sea;false;ocean;0
9376;21;40;4;sea;false;ocean;0
9377;20;67;12;sea;false;ocean;0
9378;33;17;25;sea;false;ocean;0
9379;45;1;43;sea;false;ocean;0
9380;60;10;27;sea;false;ocean;0
9381;4;22;13;sea;false;ocean;0
9382;27;8;2;sea;false;ocean;0
9383;13;5;66;sea;false;ocean;0
9384;20;45;18;sea;false;ocean;0
9385;46;32;9;sea;false;ocean;0
9386;13;7;61;sea;false;ocean;0
9387;13;59;16;sea;false;ocean;0
9388;35;19;1;sea;false;ocean;0
9389;47;14;0;sea;false;ocean;0
9390;58;1;19;sea;false;ocean;0
9391;47;34;12;sea;false;ocean;0
9392;27;3;66;sea;true;ocean;0
9393;35;32;22;sea;false;ocean;0
9394;31;0;39;sea;false;ocean;0
9395;74;13;2;sea;false;ocean;0
9396;62;32;2;sea;false;ocean;0
9397;18;9;38;sea;false;ocean;0
9398;16;23;47;sea;true;ocean;0
9399;7;39;35;sea;true;ocean;0
9400;78;8;2;sea;true;ocean;0
9401;29;23;6;sea;false;ocean;0
9402;8;3;28;sea;true;ocean;0
9403;26;16;28;sea;false;ocean;0
9404;38;34;2;sea;true;ocean;0
9405;50;7;37;sea;false;ocean;0
9406;27;27;11;sea;false;ocean;0
9407;8;13;71;sea;false;ocean;0
9408;32;3;47;sea;false;ocean;0
9409;38;17;11;sea;false;ocean;0
9410;4;33;49;sea;false;ocean;0
9411;40;10;24;sea;false;ocean;0
9412;74;16;1;sea;false;ocean;0
9413;25;38;22;sea;false;ocean;0
9414;31;42;1;sea;true;ocean;0
9415;2;17;51;sea;true;ocean;0
9416;9;2;70;sea;false;ocean;0
9417;1;36;40;sea;true;ocean;5
9418;0;38;48;sea;false;ocean;0
9419;41;12;35;sea;false;ocean;0
9420;23;10;42;sea;false;ocean;0
9421;9;60;5;sea;false;ocean;0
9422;22;32;31;sea;false;ocean;0
9423;3;6;24;sea;false;ocean;0
9424;16;40;36;sea;false;ocean;0
9425;19;9;40;sea;false;ocean;0
9426;42;0;12;sea;false;ocean;0
9427;0;36;35;sea;false;ocean;0
9428;37;17;24;sea;true;ocean;0
9429;7;71;7;sea;false;ocean;0
9430;58;23;7;sea;false;ocean;0
9431;61;22;4;sea;false;ocean;0
9432;21;15;60;sea;false;ocean;0
9433;8;33;45;sea;false;ocean;0
9434;13;15;14;sea;false;ocean;0
9435;49;18;11;sea;true;ocean;0
9436;18;54;9;sea;false;ocean;0
9437;22;56;13;sea;false;ocean;0
9438;21;52;3;sea;false;ocean;0
9439;42;10;47;sea;false;ocean;0
9440;54;20;18;sea;false;ocean;0
9441;22;2;68;sea;false;ocean;0
9442;64;11;17;sea;false;ocean;0
9443;63;3;31;sea;true;ocean;2
9444;72;3;12;sea;false;ocean;0
9445;12;50;22;sea;false;ocean;0
9446;23;16;52;sea;false;ocean;0
9447;20;1;34;sea;false;ocean;0
9448;17;39;18;sea;false;ocean;0
9449;31;37;2;sea;false;ocean;0
9450;11;57;19;sea;false;ocean;0
9451;72;2;11;sea;false;ocean;0
9452;23;51;25;sea;true;ocean;0
9453;25;4;70;sea;false;ocean;0
9454;2;18;58;sea;true;ocean;0
9455;1;5;2;sea;false;ocean;0
9456;34;13;16;sea;false;ocean;0
9457;18;17;61;sea;true;ocean;0
9458;8;4;16;sea;false;ocean;0
9459;24;18;38;sea;false;ocean;0
9460;42;48;3;sea;false;ocean;0
9461;6;65;26;sea;false;ocean;0
9462;15;6;46;sea;false;ocean;0
9463;30;16;42;sea;false;ocean;0
9464;59;9;31;sea;false;ocean;0
9465;11;9;33;sea;false;ocean;0
9466;18;72;9;sea;true;ocean;0
9467;79;11;7;sea;false;ocean;0
9468;21;42;34;sea;false;ocean;0
9469;6;68;8;sea;false;ocean;0
9470;0;8;16;sea;false;ocean;0
9471;4;1;11;sea;false;ocean;0
9472;5;23;23;sea;false;ocean;0
9473;5;9;67;sea;false;ocean;0
9474;20;61;5;sea;true;ocean;0
9475;12;27;27;sea;false;ocean;0
9476;1;65;15;sea;true;ocean;0
9477;14;8;59;sea;false;ocean;0
9478;20;1;6;sea;false;ocean;0
9479;28;20;48;sea;false;ocean;0
9480;5;69;9;sea;false;ocean;0
9481;4;0;45;sea;false;ocean;0
9482;33;5;57;sea;false;ocean;0
9483;2;73;23;sea;false;ocean;0
9484;15;70;1;sea;false;ocean;0
9485;38;28;9;sea;false;ocean;0
9486;13;64;9;sea;false;ocean;0
9487;24;4;2;sea;true;ocean;0
9488;16;6;38;sea;false;ocean;0
9489;12;65;21;sea;true;ocean;0
9490;28;2;22;sea;true;ocean;0
9491;2;91;0;sea;true;ocean;0
9492;21;56;19;sea;false;ocean;0
9493;14;40;40;sea;false;ocean;0
9494;42;18;23;sea;false;ocean;0
9495;67;21;9;sea;false;ocean;0
9496;20;2;53;sea;false;ocean;0
9497;4;10;38;sea;false;ocean;0
9498;3;23;4;sea;false;ocean;0
9499;15;25;48;sea;false;ocean;0
9500;11;17;30;sea;false;ocean;0
9501;13;8;55;sea;false;ocean;0
9502;39;34;9;sea;false;ocean;0
9503;2;39;55;sea;false;ocean;0
9504;4;58;18;sea;false;ocean;0
9505;60;14;25;sea;true;ocean;0
9506;23;30;19;sea;false;ocean;0
9507;9;42;4;sea;false;ocean;0
9508;2;34;15;sea;true;ocean;0
9509;32;17;19;sea;false;ocean;0
9510;65;20;14;sea;false;ocean;0
9511;1;27;28;sea;false;ocean;0
9512;11;20;4;sea;false;ocean;0
9513;28;21;36;sea;false;ocean;0
9514;61;25;1;sea;false;ocean;0
9515;38;10;24;sea;false;ocean;0
9516;5;40;30;sea;false;ocean;0
9517;34;33;28;sea;false;ocean;0
9518;4;8;45;sea;false;ocean;0
9519;18;19;27;sea;false;ocean;0
9520;4;73;3;sea;false;ocean;0
9521;2;33;58;sea;true;ocean;0
9522;23;51;14;sea;false;ocean;0
9523;61;7;22;sea;true;ocean;0
9524;7;14;21;sea;false;ocean;0
9525;29;32;17;sea;false;ocean;0
9526;25;64;5;sea;false;ocean;0
9527;10;18;55;sea;false;ocean;0
9528;11;18;53;sea;false;ocean;0
9529;29;17;29;sea;false;ocean;0
9530;12;54;14;sea;false;ocean;0
9531;3;18;47;sea;false;ocean;0
9532;12;21;20;sea;true;ocean;0
9533;37;33;17;sea;true;ocean;0
9534;3;44;52;sea;false;ocean;0
9535;1;4;13;sea;false;ocean;0
9536;25;53;12;sea;false;ocean;0
9537;28;7;36;sea;false;ocean;0
9538;32;9;47;sea;false;ocean;0
9539;15;48;19;sea;false;ocean;0
9540;47;25;15;sea;false;ocean;0
9541;55;0;16;sea;false;ocean;0
9542;33;3;61;sea;false;ocean;0
9543;9;27;38;sea;true;ocean;0
9544;67;17;2;sea;false;ocean;0
9545;6;12;22;sea;false;ocean;0
9546;16;38;5;sea;false;ocean;0
9547;34;0;47;sea;true;ocean;0
9548;15;73;9;sea;false;ocean;0
9549;21;48;23;sea;false;ocean;0
9550;30;14;32;sea;false;ocean;0
9551;32;6;43;sea;false;ocean;0
9552;1;42;36;sea;false;ocean;0
9553;13;5;44;sea;true;ocean;0
9554;30;8;22;sea;false;ocean;0
9555;11;1;55;sea;false;ocean;0
9556;19;2;61;sea;false;ocean;0
9557;2;66;11;sea;false;ocean;0
9558;35;15;12;sea;false;ocean;0
9559;5;67;9;sea;false;ocean;0
9560;2;23;8;sea;false;ocean;0
9561;27;27;45;sea;false;ocean;0
9562;42;8;27;sea;false;ocean;0
9563;34;24;16;sea;false;ocean;0
9564;8;21;12;sea;true;ocean;0
9565;22;37;38;sea;false;ocean;0
9566;16;16;2;sea;false;ocean;0
9567;7;29;61;sea;false;ocean;0
9568;0;4;34;sea;false;ocean;0
9569;7;38;33;sea;false;ocean;0
9570;2;20;68;sea;true;ocean;0
9571;27;26;9;sea;true;ocean;0
9572;34;51;6;sea;false;ocean;0
9573;40;0;38;sea;false;ocean;0
9574;61;1;27;sea;false;ocean;0
9575;11;32;6;sea;false;ocean;0
9576;63;23;6;sea;false;ocean;0
9577;5;22;32;sea;false;ocean;0
9578;14;6;26;sea;false;ocean;0
9579;3;33;2;sea;false;ocean;0
9580;67;10;19;sea;false;ocean;0
9581;46;4;17;sea;false;ocean;0
9582;16;34;5;sea;false;ocean;0
9583;2;4;23;sea;true;ocean;0
9584;23;35;7;sea;false;ocean;0
9585;22;34;2;sea;false;ocean;0
9586;8;14;39;sea;false;ocean;0
9587;12;22;56;sea;true;ocean;0
9588;71;16;3;sea;false;ocean;0
9589;27;0;28;sea;false;ocean;0
9590;21;48;19;sea;false;ocean;0
9591;45;44;5;sea;false;ocean;0
9592;30;38;2;sea;false;ocean;0
9593;7;20;11;sea;false;ocean;0
9594;29;44;0;sea;false;ocean;0
9595;11;3;34;sea;false;ocean;0
9596;26;13;22;sea;false;ocean;0
9597;11;7;50;sea;false;ocean;0
9598;25;11;32;sea;false;ocean;0
9599;14;16;3;sea;false;ocean;0
9600;9;51;38;sea;false;ocean;0
9601;34;48;12;sea;false;ocean;0
9602;35;5;36;sea;false;ocean;0
9603;0;5;34;sea;false;ocean;0
9604;36;9;44;sea;false;ocean;0
9605;0;65;30;sea;false;ocean;0
9606;5;7;76;sea;false;ocean;0
9607;37;4;33;sea;false;ocean;0
9608;31;35;30;sea;true;ocean;0
9609;20;38;7;sea;false;ocean;0
9610;17;20;42;sea;false;ocean;0
9611;43;21;17;sea;false;ocean;0
9612;41;26;15;sea;false;ocean;0
9613;52;38;7;sea;false;ocean;0
9614;25;51;7;sea;false;ocean;0
9615;17;15;35;sea;false;ocean;0
9616;40;48;1;sea;false;ocean;0
9617;8;50;33;sea;false;ocean;0
9618;10;46;7;sea;true;ocean;0
9619;38;14;23;sea;true;ocean;0
9620;40;2;37;sea;false;ocean;0
9621;53;16;24;sea;false;ocean;0
9622;21;11;53;sea;false;ocean;0
9623;48;15;18;sea;false;ocean;0
9624;16;27;51;sea;false;ocean;0
9625;27;48;8;sea;false;ocean;0
9626;52;16;10;sea;false;ocean;0
9627;3;46;38;sea;false;ocean;0
9628;48;16;17;sea;false;ocean;0
9629;31;36;14;sea;false;ocean;0
9630;22;2;74;sea;false;ocean;0
9631;38;23;25;sea;false;ocean;0
9632;34;8;33;sea;true;ocean;0
9633;1;9;73;sea;true;ocean;0
9634;10;55;6;sea;false;ocean;0
9635;9;51;31;sea;false;ocean;0
9636;6;62;0;sea;false;ocean;0
9637;50;8;30;sea;false;ocean;0
9638;29;37;9;sea;false;ocean;0
9639;41;33;22;sea;false;ocean;0
9640;52;27;6;sea;false;ocean;0
9641;2;64;4;sea;false;ocean;0
9642;10;8;53;sea;false;ocean;0
9643;11;54;8;sea;false;ocean;0
9644;49;49;1;sea;false;ocean;0
9645;78;5;14;sea;false;ocean;0
9646;6;28;8;sea;false;ocean;0
9647;7;2;46;sea;false;ocean;0
9648;27;47;19;sea;false;ocean;0
9649;56;41;0;sea;false;ocean;0
9650;26;8;48;sea;false;ocean;0
9651;36;27;30;sea;false;ocean;0
9652;0;76;0;sea;false;ocean;0
9653;13;15;19;sea;false;ocean;0
9654;30;17;1;sea;false;ocean;0
9655;27;39;3;sea;false;ocean;0
9656;20;4;6;sea;false;ocean;0
9657;15;7;6;sea;true;ocean;0
9658;12;28;5;sea;false;ocean;0
9659;43;3;51;sea;false;ocean;0
9660;9;4;31;sea;false;ocean;0
9661;16;17;64;sea;true;ocean;0
9662;14;59;14;sea;false;ocean;0
9663;8;33;35;sea;false;ocean;0
9664;5;4;14;sea;false;ocean;0
9665;7;12;70;sea;false;ocean;0
9666;31;1;55;sea;false;ocean;0
9667;84;5;8;sea;false;ocean;0
9668;35;51;0;sea;true;ocean;0
9669;9;12;29;sea;false;ocean;0
9670;9;24;28;sea;false;ocean;0
9671;54;2;15;sea;true;ocean;0
9672;2;23;61;sea;false;ocean;0
9673;5;51;11;sea;false;ocean;0
9674;30;55;0;sea;false;ocean;0
9675;17;50;6;sea;false;ocean;0
9676;79;4;10;sea;true;ocean;0
9677;34;22;16;sea;false;ocean;0
9678;21;34;33;sea;true;ocean;0
9679;20;7;15;sea;false;ocean;0
9680;32;2;31;sea;false;ocean;0
9681;59;25;12;sea;false;ocean;0
9682;10;41;10;sea;false;ocean;0
9683;27;6;63;sea;false;ocean;0
9684;8;0;75;sea;false;ocean;0
9685;42;15;1;sea;true;ocean;0
9686;8;28;26;sea;false;ocean;0
9687;7;49;19;sea;false;ocean;0
9688;24;4;47;sea;false;ocean;0
9689;22;49;11;sea;false;ocean;0
9690;24;11;55;sea;false;ocean;0
9691;1;50;31;sea;false;ocean;0
9692;0;79;17;sea;false;ocean;0
9693;10;6;11;sea;false;ocean;0
9694;9;14;56;sea;false;ocean;0
9695;17;16;6;sea;false;ocean;0
9696;21;53;0;sea;false;ocean;0
9697;27;4;34;sea;false;ocean;0
9698;53;8;21;sea;false;ocean;0
9699;3;1;62;sea;true;ocean;0
9700;15;6;17;sea;false;ocean;0
9701;23;38;30;sea;false;ocean;0
9702;9;6;30;sea;false;ocean;0
9703;27;37;1;sea;false;ocean;0
9704;29;34;16;sea;false;ocean;0
9705;5;24;51;sea;false;ocean;0
9706;55;9;5;sea;false;ocean;0
9707;27;25;39;sea;false;ocean;0
9708;0;52;8;sea;false;ocean;0
9709;31;6;16;sea;false;ocean;0
9710;28;33;30;sea;false;ocean;0
9711;11;21;33;sea;true;ocean;0
9712;60;3;7;sea;false;ocean;0
9713;8;55;4;sea;false;ocean;0
9714;26;5;60;sea;true;ocean;0
9715;22;12;46;sea;false;ocean;0
9716;35;23;19;sea;false;ocean;0
9717;16;30;37;sea;false;ocean;0
9718;49;5;42;sea;false;ocean;0
9719;35;0;20;sea;false;ocean;0
9720;13;23;40;sea;true;ocean;0
9721;19;25;1;sea;false;ocean;0
9722;20;14;62;sea;false;ocean;0
9723;5;55;26;sea;false;ocean;0
9724;24;22;21;sea;false;ocean;0
9725;39;18;18;sea;false;ocean;0
9726;0;22;75;sea;false;ocean;0
9727;3;88;2;sea;false;ocean;0
9728;65;1;18;sea;false;ocean;0
9729;14;47;3;sea;false;ocean;0
9730;18;3;17;sea;false;ocean;0
9731;20;2;31;sea;false;ocean;0
9732;14;26;59;sea;false;ocean;0
9733;8;3;35;sea;false;ocean;0
9734;41;10;42;sea;false;ocean;0
9735;17;61;7;sea;true;ocean;0
9736;9;52;19;sea;false;ocean;0
9737;18;50;11;sea;false;ocean;0
9738;6;14;8;sea;false;ocean;0
9739;1;26;56;sea;false;ocean;0
9740;3;75;19;sea;true;ocean;0
9741;17;7;14;sea;false;ocean;0
9742;20;27;38;sea;false;ocean;0
9743;0;43;26;sea;false;ocean;0
9744;21;36;38;sea;false;ocean;0
9745;11;65;19;sea;false;ocean;0
9746;7;45;39;sea;false;ocean;0
9747;49;19;16;sea;false;ocean;0
9748;33;19;29;sea;true;ocean;0
9749;9;32;9;sea;false;ocean;0
9750;17;44;8;sea;true;ocean;0
9751;9;40;27;sea;false;ocean;0
9752;25;2;24;sea;false;ocean;0
9753;30;1;46;sea;false;ocean;0
9754;28;10;24;sea;false;ocean;0
9755;65;4;7;sea;false;ocean;0
9756;16;56;22;sea;false;ocean;0
9757;22;5;59;sea;false;ocean;0
9758;36;17;2;sea;false;ocean;0
9759;15;33;45;sea;false;ocean;0
9760;26;30;19;sea;false;ocean;0
9761;3;4;3;sea;false;ocean;0
9762;9;5;76;sea;false;ocean;0
9763;79;4;5;sea;false;ocean;0
9764;26;55;17;sea;false;ocean;0
9765;45;6;20;sea;false;ocean;0
9766;42;0;24;sea;false;ocean;0
9767;27;20;40;sea;false;ocean;0
9768;66;9;21;sea;true;ocean;0
9769;19;7;4;sea;false;ocean;0
9770;59;7;33;sea;false;ocean;0
9771;42;26;30;sea;false;ocean;0
9772;61;3;12;sea;true;ocean;0
9773;38;47;1;sea;false;ocean;0
9774;66;21;3;sea;false;ocean;0
9775;16;49;30;sea;false;ocean;0
9776;14;53;32;sea;false;ocean;0
9777;20;10;35;sea;false;ocean;0
9778;24;45;18;sea;false;ocean;0
9779;14;29;23;sea;false;ocean;0
9780;66;17;4;sea;false;ocean;0
9781;27;24;27;sea;false;ocean;0
9782;0;6;87;sea;false;ocean;0
9783;1;63;6;sea;false;ocean;0
9784;3;17;27;sea;false;ocean;0
9785;9;33;29;sea;false;ocean;0
9786;44;21;28;sea;false;ocean;0
9787;12;4;63;sea;false;ocean;0
9788;55;2;1;sea;false;ocean;0
9789;33;16;37;sea;false;ocean;0
9790;33;34;14;sea;false;ocean;0
9791;20;56;18;sea;false;ocean;0
9792;18;9;39;sea;false;ocean;0
9793;17;64;16;sea;false;ocean;0
9794;49;43;5;sea;false;ocean;0
9795;32;29;4;sea;false;ocean;0
9796;5;14;37;sea;false;ocean;0
9797;13;13;30;sea;true;ocean;0
9798;3;42;8;sea;false;ocean;0
9799;5;29;57;sea;false;ocean;0
9800;12;17;57;sea;false;ocean;0
9801;58;22;16;sea;false;ocean;0
9802;43;9;12;sea;false;ocean;0
9803;9;2;35;sea;true;ocean;0
9804;28;2;8;sea;false;ocean;0
9805;78;6;15;sea;false;ocean;0
9806;8;0;67;sea;false;ocean;0
9807;24;33;18;sea;false;ocean;0
9808;32;13;25;sea;false;ocean;0
9809;54;29;1;sea;false;ocean;0
9810;9;10;9;sea;false;ocean;0
9811;26;12;47;sea;false;ocean;0
9812;35;1;51;sea;false;ocean;0
9813;21;19;14;sea;false;ocean;0
9814;45;18;25;sea;false;ocean;0
9815;24;5;16;sea;false;ocean;0
9816;18;40;25;sea;false;ocean;0
9817;22;17;3;sea;false;ocean;0
9818;58;29;8;sea;false;ocean;0
9819;26;11;0;sea;false;ocean;0
9820;10;20;43;sea;false;ocean;0
9821;58;26;4;sea;true;ocean;0
9822;48;5;32;sea;false;ocean;0
9823;5;5;30;sea;false;ocean;0
9824;10;11;48;sea;false;ocean;0
9825;27;50;21;sea;false;ocean;0
9826;68;9;2;sea;false;ocean;0
9827;7;56;27;sea;false;ocean;0
9828;13;17;19;sea;true;ocean;0
9829;18;20;3;sea;false;ocean;0
9830;18;51;2;sea;true;ocean;0
9831;9;38;51;sea;false;ocean;0
9832;31;34;22;sea;false;ocean;0
9833;68;8;19;sea;false;ocean;0
9834;26;60;7;sea;true;ocean;0
9835;69;2;24;sea;false;ocean;0
9836;15;64;8;sea;true;ocean;0
9837;43;16;40;sea;false;ocean;0
9838;14;6;40;sea;false;ocean;0
9839;48;0;14;sea;false;ocean;0
9840;6;1;17;sea;false;ocean;0
9841;18;22;39;sea;false;ocean;0
9842;15;16;57;sea;false;ocean;0
9843;38;3;24;sea;false;ocean;0
9844;18;7;67;sea;false;ocean;0
9845;0;36;55;sea;true;ocean;0
9846;8;42;29;sea;false;ocean;0
9847;11;22;53;sea;false;ocean;0
9848;8;10;27;sea;false;ocean;0
9849;13;8;2;sea;true;ocean;0
9850;0;67;16;sea;false;ocean;0
9851;29;5;44;sea;true;ocean;0
9852;57;2;24;sea;false;ocean;0
9853;37;37;3;sea;false;ocean;0
9854;30;8;30;sea;false;ocean;0
9855;2;34;55;sea;false;ocean;0
9856;31;9;28;sea;false;ocean;0
9857;46;45;3;sea;false;ocean;0
9858;17;26;6;sea;false;ocean;0
9859;8;37;40;sea;false;ocean;0
9860;27;13;39;sea;true;ocean;0
9861;25;13;35;sea;false;ocean;0
9862;10;54;32;sea;false;ocean;0
9863;4;17;56;sea;false;ocean;0
9864;2;79;17;sea;true;ocean;0
9865;56;22;14;sea;false;ocean;0
9866;89;0;0;sea;false;ocean;0
9867;20;7;51;sea;false;ocean;0
9868;54;4;7;sea;false;ocean;0
9869;60;19;13;sea;false;ocean;0
9870;22;7;42;sea;false;ocean;0
9871;2;7;89;sea;false;ocean;0
9872;8;11;17;sea;false;ocean;0
9873;30;43;14;sea;false;ocean;0
9874;14;31;14;sea;true;ocean;0
9875;5;35;47;sea;true;ocean;0
9876;20;21;24;sea;false;ocean;0
9877;8;32;25;sea;false;ocean;0
9878;55;27;5;sea;false;ocean;0
9879;38;18;5;sea;false;ocean;0
9880;32;60;6;sea;true;ocean;0
9881;9;46;10;sea;false;ocean;0
9882;19;27;5;sea;true;ocean;0
9883;20;57;21;sea;true;ocean;0
9884;33;32;10;sea;false;ocean;0
9885;3;20;9;sea;false;ocean;0
9886;24;46;14;sea;false;ocean;0
9887;43;41;5;sea;true;ocean;0
9888;13;81;3;sea;false;ocean;0
9889;22;3;54;sea;false;ocean;0
9890;3;21;20;sea;false;ocean;0
9891;0;90;2;sea;false;ocean;0
9892;8;22;43;sea;false;ocean;0
9893;55;16;26;sea;true;ocean;0
9894;36;4;18;sea;false;ocean;0
9895;37;20;23;sea;false;ocean;0
9896;24;42;17;sea;false;ocean;0
9897;68;1;0;sea;false;ocean;0
9898;39;11;48;sea;false;ocean;0
9899;54;22;14;sea;false;ocean;0
9900;17;9;29;sea;false;ocean;0
9901;34;22;11;sea;false;ocean;0
9902;37;39;16;sea;false;ocean;0
9903;21;47;11;sea;false;ocean;0
9904;5;11;77;sea;false;ocean;0
9905;0;79;1;sea;true;ocean;0
9906;59;9;25;sea;false;ocean;0
9907;49;0;31;sea;false;ocean;0
9908;23;27;44;sea;false;ocean;0
9909;27;36;6;sea;false;ocean;0
9910;12;50;24;sea;false;ocean;0
9911;30;5;23;sea;false;ocean;0
9912;29;7;48;sea;false;ocean;0
9913;23;61;14;sea;false;ocean;0
9914;24;10;8;sea;false;ocean;0
9915;17;54;2;sea;false;ocean;0
9916;6;7;68;sea;false;ocean;0
9917;14;53;21;sea;false;ocean;0
9918;23;64;10;sea;false;ocean;0
9919;28;17;10;sea;false;ocean;0
9920;46;29;21;sea;false;ocean;0
9921;12;28;14;sea;false;ocean;0
9922;22;57;4;sea;false;ocean;0
9923;9;4;77;sea;false;ocean;0
9924;11;64;1;sea;false;ocean;0
9925;21;34;6;sea;false;ocean;0
9926;8;2;88;sea;true;ocean;0
9927;7;2;6;sea;false;ocean;0
9928;48;10;3;sea;false;ocean;0
9929;29;43;19;sea;false;ocean;0
9930;11;7;42;sea;false;ocean;0
9931;73;13;8;sea;false;ocean;0
9932;1;29;12;sea;false;ocean;0
9933;29;20;36;sea;false;ocean;0
9934;33;19;14;sea;false;ocean;0
9935;72;13;10;sea;false;ocean;0
9936;26;37;18;sea;true;ocean;0
9937;40;46;12;sea;false;ocean;0
9938;11;46;18;sea;false;ocean;0
9939;11;26;23;sea;false;ocean;0
9940;11;19;19;sea;true;ocean;0
9941;44;53;2;sea;false;ocean;0
9942;22;55;2;sea;false;ocean;0
9943;0;0;37;sea;false;ocean;0
9944;50;20;13;sea;false;ocean;0
9945;26;67;5;sea;false;ocean;0
9946;29;13;10;sea;false;ocean;0
9947;52;36;3;sea;false;ocean;0
9948;7;3;54;sea;false;ocean;0
9949;38;17;33;sea;false;ocean;0
9950;12;48;5;sea;false;ocean;0
9951;21;6;12;sea;false;ocean;0
9952;17;9;68;sea;false;ocean;0
9953;33;20;16;sea;true;ocean;0
9954;6;38;43;sea;false;ocean;0
9955;27;10;44;sea;true;ocean;0
9956;21;50;4;sea;true;ocean;0
9957;10;32;1;sea;false;ocean;0
9958;33;31;3;sea;false;ocean;0
9959;28;0;55;sea;false;ocean;0
9960;4;29;10;sea;false;ocean;0
9961;17;23;32;sea;false;ocean;0
9962;23;55;9;sea;false;ocean;0
9963;0;63;15;sea;false;ocean;0
9964;20;2;74;sea;false;ocean;0
9965;7;43;31;sea;false;ocean;0
9966;44;28;4;sea;false;ocean;0
9967;60;10;20;sea;false;ocean;0
9968;11;2;67;sea;false;ocean;0
9969;26;10;27;sea;false;ocean;0
9970;12;32;35;sea;false;ocean;0
9971;18;3;63;sea;false;ocean;0
9972;2;35;10;sea;false;ocean;0
9973;16;41;33;sea;false;ocean;0
9974;1;75;15;sea;true;ocean;0
9975;35;39;11;sea;false;ocean;0
9976;27;29;26;sea;false;ocean;0
9977;46;9;13;sea;false;ocean;0
9978;1;17;6;sea;true;ocean;0
9979;17;25;36;sea;false;ocean;0
9980;3;12;76;sea;false;ocean;0
9981;41;36;5;sea;false;ocean;0
9982;38;14;26;sea;false;ocean;0
9983;6;30;54;sea;false;ocean;0
9984;25;6;10;sea;true;ocean;0
9985;13;4;0;sea;true;ocean;0
9986;30;4;64;sea;false;ocean;0
9987;7;6;60;sea;true;ocean;0
9988;18;52;10;sea;false;ocean;0
9989;2;75;11;sea;false;ocean;0
9990;30;23;33;sea;false;ocean;0
9991;54;19;18;sea;false;ocean;0
9992;65;16;9;sea;false;ocean;0
9993;26;1;46;sea;false;ocean;0
9994;21;24;40;sea;false;ocean;0
9995;0;7;9;sea;false;ocean;0
9996;18;5;50;sea;false;ocean;0
9997;39;12;34;sea;false;ocean;0
9998;40;20;3;sea;false;ocean;0
9999;26;31;12;sea;false;ocean;0
10000;7;1;62;sea;false;ocean;0
10001;29;6;44;sea;false;ocean;0
10002;18;26;39;sea;false;ocean;0
10003;4;58;36;sea;false;ocean;0
10004;24;24;10;sea;true;ocean;0
10005;43;20;15;sea;false;ocean;0
10006;24;11;50;sea;true;ocean;0
10007;7;81;1;sea;false;ocean;0
10008;27;19;4;sea;false;ocean;0
10009;40;10;38;sea;false;ocean;0
10010;17;5;52;sea;false;ocean;0
10011;1;67;28;sea;false;ocean;0
10012;4;23;70;sea;false;ocean;0
10013;9;3;24;sea;false;ocean;0
10014;39;53;1;sea;false;ocean;0
10015;3;13;79;sea;false;ocean;0
10016;8;15;69;sea;false;ocean;0
10017;18;49;27;sea;false;ocean;0
10018;12;5;23;sea;false;ocean;0
10019;26;46;24;sea;true;ocean;0
10020;4;18;54;sea;true;ocean;0
10021;36;32;14;sea;false;ocean;0
10022;29;14;8;sea;false;ocean;0
10023;50;6;1;sea;false;ocean;0
10024;35;2;8;sea;false;ocean;0
10025;28;24;23;sea;false;ocean;0
10026;7;19;0;sea;false;ocean;0
10027;3;29;0;sea;false;ocean;0
10028;38;25;22;sea;false;ocean;0
10029;24;12;41;sea;true;ocean;0
10030;12;32;41;sea;false;ocean;0
10031;14;53;2;sea;false;ocean;0
10032;24;2;2;sea;false;ocean;0
10033;4;3;4;sea;true;ocean;0
10034;12;26;37;sea;false;ocean;0
10035;25;42;22;sea;true;ocean;0
10036;22;7;12;sea;false;ocean;0
10037;13;2;15;sea;false;ocean;0
10038;7;47;18;sea;false;ocean;0
10039;80;1;15;sea;false;ocean;0
10040;23;37;28;sea;true;ocean;0
10041;43;22;32;sea;false;ocean;0
10042;20;4;68;sea;false;ocean;0
10043;6;2;56;sea;false;ocean;0
10044;41;9;0;sea;false;ocean;0
10045;18;9;16;sea;false;ocean;0
10046;81;7;4;sea;false;ocean;0
10047;12;5;26;sea;false;ocean;0
10048;38;31;23;sea;false;ocean;0
10049;26;55;11;sea;false;ocean;0
10050;56;32;4;sea;false;ocean;0
10051;30;28;21;sea;false;ocean;0
10052;9;0;19;sea;false;ocean;0
10053;33;14;2;sea;false;ocean;0
10054;1;12;72;sea;false;ocean;0
10055;12;29;36;sea;false;ocean;0
10056;72;12;4;sea;false;ocean;0
10057;10;55;20;sea;false;ocean;0
10058;13;70;4;sea;false;ocean;0
10059;51;14;13;sea;false;ocean;0
10060;27;38;22;sea;false;ocean;0
10061;21;0;70;sea;false;ocean;0
10062;50;10;25;sea;false;ocean;0
10063;26;23;34;sea;false;ocean;0
10064;1;33;57;sea;false;ocean;0
10065;11;19;37;sea;false;ocean;0
10066;72;7;12;sea;false;ocean;0
10067;26;27;1;sea;false;ocean;0
10068;56;12;23;sea;false;ocean;0
10069;5;7;28;sea;false;ocean;0
10070;18;53;4;sea;false;ocean;0
10071;38;46;10;sea;false;ocean;0
10072;58;28;12;sea;false;ocean;0
10073;4;24;39;sea;false;ocean;0
10074;4;15;17;sea;false;ocean;0
10075;11;27;29;sea;false;ocean;0
10076;9;57;8;sea;false;ocean;0
10077;10;9;18;sea;false;ocean;0
10078;8;39;42;sea;false;ocean;0
10079;5;11;83;sea;true;ocean;0
10080;12;15;29;sea;false;ocean;0
10081;42;8;34;sea;true;ocean;0
10082;42;5;30;sea;false;ocean;0
10083;21;30;43;sea;false;ocean;0
10084;6;8;39;sea;false;ocean;0
10085;13;4;14;sea;false;ocean;0
10086;0;11;29;sea;false;ocean;0
10087;1;9;23;sea;false;ocean;0
10088;22;60;5;sea;false;ocean;0
10089;1;59;24;sea;false;ocean;0
10090;41;7;7;sea;false;ocean;0
10091;43;9;37;sea;false;ocean;0
10092;47;8;8;sea;false;ocean;0
10093;23;2;10;sea;false;ocean;0
10094;60;17;7;sea;false;ocean;0
10095;43;22;4;sea;false;ocean;0
10096;11;48;19;sea;false;ocean;0
10097;36;5;11;sea;false;ocean;0
10098;30;3;20;sea;false;ocean;0
10099;56;41;2;sea;false;ocean;0
10100;9;25;58;sea;false;ocean;0
10101;21;47;5;sea;false;ocean;0
10102;43;22;20;sea;false;ocean;0
10103;46;8;30;sea;false;ocean;0
10104;62;22;12;sea;false;ocean;0
10105;17;38;30;sea;false;ocean;0
10106;53;39;6;sea;false;ocean;0
10107;3;10;13;sea;false;ocean;0
10108;10;62;16;sea;false;ocean;0
10109;42;16;32;sea;false;ocean;0
10110;29;29;41;sea;false;ocean;0
10111;5;27;12;sea;true;ocean;0
10112;2;30;7;sea;false;ocean;0
10113;6;23;12;sea;false;ocean;0
10114;14;29;40;sea;true;ocean;0
10115;6;55;11;sea;false;ocean;0
10116;42;13;26;sea;true;ocean;0
10117;27;23;36;sea;false;ocean;0
10118;11;48;3;sea;false;ocean;0
10119;29;7;34;sea;false;ocean;0
10120;31;2;20;sea;false;ocean;0
10121;50;35;1;sea;true;ocean;0
10122;6;28;43;sea;false;ocean;0
10123;31;21;3;sea;false;ocean;0
10124;47;21;29;sea;false;ocean;0
10125;34;16;19;sea;false;ocean;0
10126;20;20;57;sea;false;ocean;0
10127;3;4;76;sea;false;ocean;0
10128;17;25;46;sea;false;ocean;0
10129;38;28;31;sea;false;ocean;0
10130;31;1;28;sea;false;ocean;0
10131;5;8;53;sea;false;ocean;0
10132;11;14;62;sea;false;ocean;0
10133;4;39;11;sea;false;ocean;0
10134;37;0;39;sea;false;ocean;0
10135;36;39;9;land;false;jungle;3
10136;47;6;21;sea;false;ocean;0
10137;12;28;50;sea;false;ocean;0
10138;10;16;27;sea;false;ocean;0
10139;19;4;4;sea;false;ocean;0
10140;29;20;21;sea;true;ocean;1
10141;62;13;0;sea;false;ocean;0
10142;14;20;59;sea;true;ocean;0
10143;1;4;92;sea;false;ocean;0
10144;8;13;68;sea;true;ocean;0
10145;3;10;60;sea;false;ocean;0
10146;3;16;9;sea;false;ocean;0
10147;28;45;2;sea;true;ocean;0
10148;4;13;75;sea;false;ocean;0
10149;36;19;34;sea;false;ocean;0
10150;18;16;47;sea;false;ocean;0
10151;58;9;1;sea;false;ocean;0
10152;53;18;10;sea;false;ocean;0
10153;7;4;3;sea;false;ocean;0
10154;13;11;58;sea;false;ocean;0
10155;20;6;16;sea;false;ocean;0
10156;44;40;1;sea;false;ocean;0
10157;63;25;11;sea;false;ocean;0
10158;10;12;52;sea;false;ocean;0
10159;14;37;17;sea;false;ocean;0
10160;5;39;24;sea;false;ocean;0
10161;11;2;36;sea;false;ocean;0
10162;38;3;25;sea;false;ocean;0
10163;23;34;30;sea;false;ocean;0
10164;2;37;24;sea;false;ocean;0
10165;21;45;19;sea;false;ocean;0
10166;41;39;12;sea;false;ocean;0
10167;26;6;61;sea;false;ocean;0
10168;9;38;52;sea;false;ocean;0
10169;46;2;9;sea;false;ocean;0
10170;16;42;7;sea;true;ocean;0
10171;44;8;18;sea;false;ocean;0
10172;22;40;30;sea;false;ocean;0
10173;19;8;8;sea;true;ocean;0
10174;51;5;10;sea;false;ocean;0
10175;42;13;2;sea;true;ocean;0
10176;6;76;3;sea;false;ocean;0
10177;0;13;58;sea;false;ocean;0
10178;23;26;42;sea;true;ocean;0
10179;54;11;29;sea;false;ocean;0
10180;3;1;51;sea;false;ocean;0
10181;28;28;15;sea;false;ocean;0
10182;24;37;35;sea;false;ocean;0
10183;0;33;25;sea;false;ocean;0
10184;7;40;34;sea;true;ocean;0
10185;30;22;12;sea;false;ocean;0
10186;11;21;25;sea;false;ocean;0
10187;29;15;36;sea;false;ocean;0
10188;19;46;15;sea;false;ocean;0
10189;2;51;24;sea;false;ocean;0
10190;30;38;13;sea;true;ocean;0
10191;2;5;19;sea;true;ocean;0
10192;12;68;17;sea;false;ocean;0
10193;53;0;22;sea;false;ocean;0
10194;12;63;14;sea;false;ocean;0
10195;12;70;10;sea;false;ocean;0
10196;74;9;2;sea;false;ocean;0
10197;64;15;17;sea;false;ocean;0
10198;25;26;39;sea;false;ocean;0
10199;8;13;59;sea;false;ocean;0
10200;13;13;26;sea;false;ocean;0
10201;6;1;40;sea;false;ocean;0
10202;20;9;36;sea;false;ocean;0
10203;66;8;19;sea;false;ocean;0
10204;47;43;1;sea;false;ocean;0
10205;2;75;22;sea;false;ocean;0
10206;11;76;9;sea;false;ocean;0
10207;0;5;79;sea;true;ocean;0
10208;36;19;8;sea;false;ocean;0
10209;67;0;8;sea;true;ocean;0
10210;71;11;10;sea;false;ocean;0
10211;68;15;12;sea;false;ocean;0
10212;67;0;27;sea;false;ocean;0
10213;25;3;7;sea;false;ocean;0
10214;15;18;26;sea;false;ocean;0
10215;9;3;56;sea;false;ocean;0
10216;2;47;35;sea;false;ocean;0
10217;21;16;62;sea;false;ocean;0
10218;19;64;11;sea;false;ocean;0
10219;19;42;2;sea;false;ocean;0
10220;12;50;17;sea;true;ocean;0
10221;22;44;29;sea;false;ocean;0
10222;6;62;27;sea;false;ocean;0
10223;26;41;7;sea;false;ocean;0
10224;21;25;1;sea;false;ocean;0
10225;5;17;58;sea;false;ocean;0
10226;27;1;67;sea;false;ocean;0
10227;1;25;26;sea;false;ocean;0
10228;35;9;0;sea;false;ocean;0
10229;22;6;29;sea;false;ocean;0
10230;22;33;40;sea;false;ocean;0
10231;38;14;27;sea;true;ocean;0
10232;0;16;4;sea;false;ocean;0
10233;2;26;36;sea;false;ocean;0
10234;2;36;23;sea;true;ocean;0
10235;18;17;49;sea;false;ocean;0
10236;37;28;31;sea;true;ocean;0
10237;28;41;23;sea;false;ocean;0
10238;12;22;31;sea;false;ocean;0
10239;0;57;17;sea;false;ocean;0
10240;2;85;3;sea;false;ocean;0
10241;76;6;0;sea;false;ocean;0
10242;33;41;8;sea;true;ocean;0
10243;5;12;17;sea;false;ocean;0
10244;4;4;28;sea;false;ocean;0
10245;25;28;11;sea;false;ocean;0
10246;9;63;7;sea;false;ocean;0
10247;13;68;0;sea;false;ocean;0
10248;13;51;15;sea;false;ocean;0
10249;17;16;43;sea;true;ocean;0
10250;15;62;17;sea;false;ocean;0
10251;20;9;57;sea;false;ocean;0
10252;65;0;3;sea;true;ocean;0
10253;0;15;64;sea;false;ocean;0
10254;59;17;12;sea;false;ocean;0
10255;13;6;19;sea;false;ocean;0
10256;9;40;31;sea;true;ocean;0
10257;23;33;10;sea;false;ocean;0
10258;20;24;0;sea;false;ocean;0
10259;10;7;2;sea;false;ocean;0
10260;19;12;66;sea;false;ocean;0
10261;38;2;24;sea;true;ocean;0
10262;10;75;8;sea;false;ocean;0
10263;29;7;6;sea;false;ocean;0
10264;31;5;30;sea;false;ocean;0
10265;5;47;30;sea;false;ocean;0
10266;64;8;3;sea;false;ocean;0
10267;73;4;9;sea;false;ocean;0
10268;4;28;1;sea;false;ocean;0
10269;16;45;19;sea;false;ocean;0
10270;39;7;50;sea;false;ocean;0
10271;36;4;23;sea;false;ocean;0
10272;32;4;31;sea;false;ocean;0
10273;11;51;2;sea;false;ocean;0
10274;0;16;43;sea;true;ocean;0
10275;9;72;16;sea;false;ocean;0
10276;3;0;85;sea;false;ocean;0
10277;34;5;56;sea;false;ocean;0
10278;48;17;12;sea;false;ocean;0
10279;24;15;24;sea;false;ocean;0
10280;14;4;54;sea;false;ocean;0
10281;1;42;42;sea;true;ocean;0
10282;15;4;9;sea;false;ocean;0
10283;38;3;51;sea;false;ocean;0
10284;15;58;15;sea;true;ocean;0
10285;59;2;7;sea;false;ocean;0
10286;40;42;1;sea;true;ocean;0
10287;46;38;5;sea;false;ocean;0
10288;40;11;2;sea;false;ocean;0
10289;1;32;0;sea;false;ocean;0
10290;52;7;10;sea;false;ocean;0
10291;13;36;31;sea;false;ocean;0
10292;2;76;21;sea;false;ocean;0
10293;3;54;35;sea;false;ocean;0
10294;12;3;13;sea;false;ocean;0
10295;18;28;23;sea;false;ocean;0
10296;23;13;36;sea;false;ocean;0
10297;62;2;10;sea;false;ocean;0
10298;3;51;11;sea;false;ocean;0
10299;31;23;1;sea;false;ocean;0
10300;1;65;28;sea;false;ocean;0
10301;19;42;9;sea;false;ocean;0
10302;2;45;14;sea;false;ocean;0
10303;10;12;43;sea;false;ocean;0
10304;6;9;21;sea;false;ocean;0
10305;23;17;57;sea;false;ocean;0
10306;3;63;26;sea;false;ocean;0
10307;10;14;4;sea;false;ocean;0
10308;13;17;9;sea;false;ocean;0
10309;23;42;5;sea;false;ocean;0
10310;9;42;44;sea;false;ocean;0
10311;4;48;36;sea;false;ocean;0
10312;26;33;36;sea;false;ocean;0
10313;66;17;2;sea;false;ocean;0
10314;5;15;50;sea;false;ocean;0
10315;5;53;12;sea;false;ocean;0
10316;7;10;11;sea;false;ocean;0
10317;0;28;24;sea;false;ocean;0
10318;8;6;50;sea;false;ocean;0
10319;70;1;23;sea;false;ocean;0
10320;20;4;17;sea;false;ocean;0
10321;17;14;45;sea;false;ocean;0
10322;62;19;18;sea;true;ocean;0
10323;38;15;45;sea;false;ocean;0
10324;32;46;21;sea;false;ocean;0
10325;6;17;49;sea;true;ocean;0
10326;20;19;58;sea;false;ocean;0
10327;30;7;56;sea;false;ocean;0
10328;27;22;45;sea;false;ocean;0
10329;23;70;0;sea;false;ocean;0
10330;47;21;15;sea;false;ocean;0
10331;1;69;24;sea;false;ocean;0
10332;15;7;11;sea;false;ocean;0
10333;25;19;32;sea;false;ocean;0
10334;21;24;51;sea;false;ocean;0
10335;23;46;9;sea;false;ocean;0
10336;19;40;25;sea;false;ocean;0
10337;18;26;40;sea;false;ocean;0
10338;5;31;58;sea;false;ocean;0
10339;71;15;12;sea;false;ocean;0
10340;9;26;22;sea;true;ocean;4
10341;14;45;6;sea;true;ocean;0
10342;54;21;4;sea;false;ocean;0
10343;47;7;40;sea;false;ocean;0
10344;21;25;29;sea;false;ocean;0
10345;14;3;42;sea;false;ocean;0
10346;15;41;31;sea;false;ocean;0
10347;14;8;26;sea;true;ocean;0
10348;36;39;7;sea;false;ocean;0
10349;38;6;17;sea;false;ocean;0
10350;72;12;14;sea;false;ocean;0
10351;41;33;16;sea;false;ocean;0
10352;10;2;18;sea;true;ocean;0
10353;2;48;32;sea;false;ocean;0
10354;4;40;30;sea;false;ocean;0
10355;3;22;74;sea;false;ocean;0
10356;41;16;29;sea;false;ocean;0
10357;19;16;11;sea;false;ocean;0
10358;1;16;82;sea;false;ocean;0
10359;15;50;4;sea;true;ocean;0
10360;9;79;10;sea;false;ocean;0
10361;30;13;7;sea;false;ocean;0
10362;67;20;4;sea;false;ocean;0
10363;28;4;46;sea;false;ocean;0
10364;38;10;20;sea;false;ocean;0
10365;3;0;50;sea;false;ocean;0
10366;9;47;28;sea;false;ocean;0
10367;5;25;49;sea;false;ocean;0
10368;1;11;16;sea;false;ocean;0
10369;12;52;15;sea;false;ocean;0
10370;17;11;51;sea;false;ocean;0
10371;14;2;1;sea;false;ocean;0
10372;25;7;59;sea;false;ocean;0
10373;17;7;74;sea;false;ocean;0
10374;54;7;29;sea;false;ocean;0
10375;0;17;5;sea;false;ocean;0
10376;7;5;5;sea;false;ocean;0
10377;23;4;28;sea;false;ocean;0
10378;19;4;71;sea;false;ocean;0
10379;6;43;43;sea;false;ocean;0
10380;0;48;46;sea;false;ocean;0
10381;14;12;4;sea;false;ocean;0
10382;2;28;39;sea;false;ocean;0
10383;10;47;16;sea;false;ocean;0
10384;18;72;8;sea;false;ocean;0
10385;57;33;2;sea;false;ocean;0
10386;31;27;33;sea;false;ocean;0
10387;20;34;42;sea;false;ocean;0
10388;20;42;19;sea;false;ocean;0
10389;19;5;21;sea;false;ocean;0
10390;4;10;57;sea;false;ocean;0
10391;81;10;1;sea;false;ocean;0
10392;29;50;6;sea;false;ocean;0
10393;17;21;49;sea;false;ocean;0
10394;36;4;33;sea;true;ocean;0
10395;4;12;6;sea;false;ocean;0
10396;75;10;5;sea;false;ocean;0
10397;23;7;7;sea;true;ocean;0
10398;7;6;48;sea;false;ocean;0
10399;2;53;30;sea;false;ocean;0
10400;7;57;1;sea;false;ocean;0
10401;22;23;24;sea;false;ocean;0
10402;8;90;0;sea;false;ocean;0
10403;64;3;3;sea;false;ocean;0
10404;34;57;2;sea;false;ocean;0
10405;56;4;15;sea;true;ocean;0
10406;7;25;67;sea;false;ocean;0
10407;10;5;15;sea;false;ocean;0
10408;12;82;4;sea;false;ocean;0
10409;22;19;38;sea;false;ocean;0
10410;25;26;43;sea;false;ocean;0
10411;7;54;18;sea;false;ocean;0
10412;48;18;21;sea;false;ocean;0
10413;58;10;2;sea;true;ocean;0
10414;40;0;19;sea;false;ocean;0
10415;52;13;17;sea;false;ocean;0
10416;56;7;33;sea;false;ocean;0
10417;6;40;9;sea;false;ocean;0
10418;7;35;39;sea;true;ocean;0
10419;20;26;22;sea;true;ocean;0
10420;38;54;5;sea;false;ocean;0
10421;14;39;28;sea;false;ocean;0
10422;28;37;27;sea;false;ocean;0
10423;8;64;1;sea;false;ocean;0
10424;17;72;7;sea;false;ocean;0
10425;44;6;35;sea;false;ocean;0
10426;5;11;62;sea;false;ocean;0
10427;4;45;18;sea;false;ocean;0
10428;27;26;45;sea;false;ocean;0
10429;50;6;5;sea;false;ocean;0
10430;10;16;41;sea;false;ocean;0
10431;0;67;28;sea;true;ocean;0
10432;25;24;8;sea;false;ocean;0
10433;17;0;25;sea;false;ocean;0
10434;33;10;46;sea;true;ocean;1
10435;49;7;8;sea;true;ocean;0
10436;2;2;39;sea;false;ocean;0
10437;25;1;25;sea;false;ocean;0
10438;33;42;2;sea;false;ocean;0
10439;23;15;5;sea;false;ocean;0
10440;32;33;5;sea;false;ocean;0
10441;30;37;12;sea;true;ocean;0
10442;15;1;16;sea;true;ocean;0
10443;29;13;57;sea;true;ocean;0
10444;27;36;14;sea;false;ocean;0
10445;21;24;27;sea;false;ocean;0
10446;25;30;31;sea;false;ocean;0
10447;1;36;33;sea;false;ocean;0
10448;8;43;37;sea;false;ocean;0
10449;30;23;11;sea;true;ocean;0
10450;72;3;16;sea;true;ocean;0
10451;6;33;22;sea;false;ocean;0
10452;25;1;15;sea;false;ocean;0
10453;26;44;10;sea;false;ocean;0
10454;69;9;5;sea;false;ocean;0
10455;56;26;16;sea;false;ocean;0
10456;20;32;3;sea;false;ocean;0
10457;7;18;53;sea;false;ocean;0
10458;49;17;29;sea;false;ocean;0
10459;60;18;8;sea;false;ocean;0
10460;57;35;7;sea;false;ocean;0
10461;38;9;15;sea;false;ocean;0
10462;12;35;2;sea;false;ocean;0
10463;1;55;43;sea;false;ocean;0
10464;3;10;78;sea;false;ocean;0
10465;3;13;16;sea;true;ocean;0
10466;26;6;18;sea;false;ocean;0
10467;1;47;44;sea;false;ocean;0
10468;24;12;9;sea;false;ocean;0
10469;7;60;10;sea;false;ocean;0
10470;40;37;22;sea;true;ocean;0
10471;32;26;8;sea;false;ocean;0
10472;7;44;36;sea;true;ocean;0
10473;40;24;21;sea;false;ocean;0
10474;24;15;28;sea;false;ocean;0
10475;32;18;32;sea;false;ocean;0
10476;4;71;10;sea;false;ocean;0
10477;5;60;18;land;false;jungle;3
10478;48;24;13;sea;false;ocean;0
10479;2;38;48;sea;false;ocean;0
10480;31;32;20;sea;false;ocean;0
10481;54;3;34;sea;false;ocean;0
10482;1;11;56;sea;false;ocean;0
10483;42;11;38;sea;false;ocean;0
10484;39;20;24;sea;false;ocean;0
10485;72;13;8;sea;false;ocean;0
10486;50;36;8;sea;false;ocean;0
10487;14;47;22;sea;true;ocean;0
10488;63;9;8;sea;false;ocean;0
10489;8;0;6;sea;false;ocean;0
10490;10;16;32;sea;true;ocean;2
10491;3;10;12;sea;false;ocean;0
10492;31;21;39;sea;false;ocean;0
10493;37;6;16;sea;false;ocean;0
10494;26;13;2;sea;false;ocean;0
10495;52;16;11;sea;false;ocean;0
10496;35;8;31;sea;false;ocean;0
10497;3;27;53;sea;false;ocean;0
10498;59;1;39;sea;false;ocean;0
10499;4;46;19;sea;true;ocean;0
10500;4;2;41;sea;true;ocean;0
10501;2;12;35;sea;false;ocean;0
10502;22;13;27;sea;false;ocean;0
10503;14;46;36;sea;false;ocean;0
10504;54;30;15;sea;false;ocean;0
10505;47;26;23;sea;false;ocean;0
10506;28;22;7;sea;true;ocean;0
10507;34;27;27;sea;true;ocean;0
10508;3;8;25;sea;false;ocean;0
10509;60;6;26;sea;false;ocean;0
10510;1;42;19;sea;false;ocean;0
10511;0;51;22;sea;true;ocean;0
10512;4;31;54;sea;false;ocean;0
10513;34;1;62;sea;true;ocean;0
10514;48;18;5;sea;false;ocean;0
10515;12;23;64;sea;false;ocean;0
10516;37;30;32;sea;false;ocean;0
10517;56;1;37;sea;false;ocean;0
10518;29;43;27;sea;false;ocean;0
10519;26;17;6;sea;false;ocean;0
10520;3;11;12;sea;true;ocean;0
10521;33;33;29;sea;false;ocean;0
10522;9;27;3;sea;false;ocean;0
10523;29;0;21;sea;true;ocean;0
10524;1;21;38;sea;false;ocean;0
10525;0;46;49;sea;true;ocean;0
10526;34;31;4;sea;false;ocean;0
10527;0;5;76;sea;false;ocean;0
10528;26;37;17;sea;false;ocean;0
10529;12;39;40;sea;false;ocean;0
10530;29;10;16;sea;false;ocean;0
10531;65;9;2;sea;false;ocean;0
10532;8;45;9;sea;false;ocean;0
10533;13;7;66;sea;false;ocean;0
10534;16;7;66;sea;false;ocean;0
10535;24;59;4;sea;false;ocean;0
10536;27;27;32;sea;false;ocean;0
10537;30;14;37;sea;false;ocean;0
10538;33;12;17;sea;false;ocean;0
10539;30;56;0;sea;true;ocean;0
10540;25;0;15;sea;false;ocean;0
10541;3;25;24;sea;true;ocean;0
10542;31;21;12;sea;false;ocean;0
10543;8;3;67;sea;true;ocean;0
10544;20;29;29;sea;false;ocean;0
10545;19;6;66;sea;false;ocean;0
10546;19;53;6;sea;false;ocean;0
10547;42;51;4;sea;false;ocean;0
10548;35;20;10;sea;false;ocean;0
10549;45;6;23;sea;false;ocean;0
10550;21;6;71;sea;true;ocean;0
10551;6;10;76;sea;false;ocean;0
10552;24;50;6;sea;false;ocean;0
10553;4;36;41;sea;false;ocean;0
10554;4;33;30;sea;false;ocean;0
10555;0;54;35;sea;false;ocean;0
10556;20;26;14;sea;false;ocean;0
10557;74;22;2;sea;true;ocean;0
10558;3;53;36;sea;false;ocean;0
10559;28;6;63;sea;true;ocean;0
10560;1;24;2;sea;false;ocean;0
10561;51;22;10;sea;false;ocean;0
10562;50;24;23;sea;false;ocean;0
10563;2;38;13;sea;false;ocean;0
10564;31;16;9;sea;true;ocean;0
10565;47;21;30;sea;true;ocean;0
10566;35;19;13;sea;false;ocean;0
10567;2;25;54;sea;false;ocean;0
10568;3;20;3;sea;false;ocean;0
10569;22;38;12;sea;true;ocean;0
10570;4;3;23;sea;false;ocean;0
10571;39;16;16;sea;false;ocean;0
10572;11;36;17;sea;false;ocean;0
10573;11;16;34;sea;false;ocean;0
10574;14;45;32;sea;false;ocean;0
10575;7;19;54;sea;false;ocean;0
10576;8;27;10;sea;false;ocean;0
10577;23;0;34;sea;false;ocean;0
10578;3;39;12;sea;false;ocean;0
10579;62;17;14;sea;false;ocean;0
10580;18;9;27;sea;false;ocean;0
10581;44;41;1;sea;false;ocean;0
10582;31;29;28;sea;false;ocean;0
10583;17;29;24;sea;false;ocean;0
10584;7;4;38;sea;false;ocean;0
10585;35;49;0;sea;true;ocean;5
10586;34;21;29;sea;false;ocean;0
10587;22;61;6;sea;false;ocean;0
10588;21;64;4;sea;false;ocean;0
10589;53;6;31;sea;true;ocean;0
10590;41;2;36;sea;false;ocean;0
10591;0;12;53;sea;false;ocean;0
10592;12;10;19;sea;false;ocean;0
10593;60;5;29;sea;false;ocean;0
10594;38;6;2;sea;false;ocean;0
10595;58;0;0;sea;true;ocean;0
10596;24;51;21;sea;true;ocean;0
10597;46;2;10;sea;false;ocean;0
10598;36;1;60;sea;false;ocean;0
10599;34;14;12;sea;true;ocean;0
10600;18;5;25;sea;true;ocean;0
10601;20;73;1;sea;false;ocean;0
10602;25;31;35;sea;false;ocean;0
10603;0;92;3;sea;false;ocean;0
10604;31;13;36;sea;false;ocean;0
10605;12;11;19;sea;false;ocean;0
10606;6;20;40;sea;false;ocean;0
10607;33;15;10;sea;false;ocean;0
10608;34;15;7;sea;false;ocean;0
10609;13;10;22;sea;true;ocean;0
10610;49;1;18;sea;true;ocean;0
10611;92;0;7;sea;false;ocean;0
10612;54;14;11;sea;false;ocean;0
10613;24;1;10;sea;false;ocean;0
10614;34;13;46;sea;false;ocean;0
10615;4;37;7;sea;false;ocean;0
10616;38;6;1;sea;true;ocean;0
10617;23;23;29;sea;false;ocean;0
10618;31;2;51;sea;false;ocean;0
10619;31;58;5;sea;false;ocean;0
10620;15;18;30;sea;false;ocean;0
10621;9;2;69;sea;false;ocean;0
10622;7;13;28;sea;false;ocean;0
10623;2;41;7;sea;false;ocean;0
10624;29;7;24;sea;false;ocean;0
10625;4;21;11;sea;false;ocean;0
10626;1;9;71;sea;false;ocean;0
10627;73;7;3;sea;false;ocean;0
10628;20;10;15;sea;false;ocean;0
10629;13;1;16;sea;false;ocean;0
10630;1;12;58;sea;false;ocean;0
10631;1;32;55;sea;false;ocean;0
10632;43;31;13;sea;false;ocean;0
10633;5;14;65;sea;false;ocean;0
10634;8;10;66;sea;false;ocean;0
10635;6;53;10;sea;true;ocean;0
10636;10;0;18;sea;false;ocean;0
10637;22;52;23;sea;false;ocean;0
10638;29;13;5;sea;false;ocean;0
10639;17;3;62;sea;false;ocean;0
10640;32;15;46;sea;false;ocean;0
10641;48;19;26;sea;false;ocean;0
10642;18;20;38;sea;true;ocean;0
10643;16;54;19;sea;false;ocean;0
10644;45;5;49;sea;false;ocean;0
10645;15;10;13;sea;false;ocean;0
10646;21;13;53;sea;false;ocean;0
10647;7;26;37;sea;false;ocean;0
10648;34;13;34;sea;false;ocean;0
10649;28;1;70;sea;true;ocean;0
10650;55;34;9;sea;false;ocean;0
10651;10;32;56;sea;false;ocean;0
10652;12;44;37;sea;false;ocean;0
10653;38;7;13;sea;true;ocean;0
10654;5;22;58;sea;false;ocean;0
10655;5;56;0;sea;false;ocean;0
10656;9;26;36;sea;false;ocean;0
10657;36;42;5;sea;false;ocean;0
10658;15;27;9;sea;false;ocean;0
10659;18;26;46;sea;false;ocean;0
10660;31;18;26;sea;false;ocean;0
10661;9;24;50;sea;false;ocean;0
10662;22;38;28;sea;true;ocean;0
10663;64;19;15;sea;false;ocean;0
10664;2;32;48;sea;false;ocean;0
10665;46;4;22;sea;false;ocean;0
10666;87;4;1;sea;false;ocean;0
10667;15;42;27;sea;false;ocean;0
10668;28;53;1;sea;false;ocean;0
10669;4;22;15;sea;true;ocean;0
10670;6;68;10;sea;false;ocean;0
10671;24;8;34;sea;true;ocean;0
10672;34;3;37;sea;false;ocean;0
10673;1;71;15;sea;false;ocean;0
10674;24;15;45;sea;false;ocean;0
10675;5;5;85;sea;true;ocean;0
10676;22;35;7;sea;true;ocean;0
10677;4;74;0;sea;false;ocean;0
10678;27;7;40;sea;false;ocean;0
10679;26;70;0;sea;false;ocean;0
10680;40;7;36;sea;false;ocean;0
10681;11;17;34;sea;false;ocean;0
10682;6;78;10;sea;false;ocean;0
10683;7;11;39;sea;true;ocean;2
10684;12;49;5;sea;false;ocean;0
10685;46;0;50;sea;false;ocean;0
10686;35;29;23;sea;true;ocean;0
10687;51;25;0;sea;false;ocean;0
10688;2;26;20;sea;true;ocean;0
10689;16;30;1;sea;true;ocean;0
10690;5;65;20;sea;false;ocean;0
10691;68;2;11;sea;false;ocean;0
10692;28;60;5;sea;false;ocean;0
10693;57;8;10;sea;false;ocean;0
10694;0;39;30;sea;false;ocean;0
10695;32;12;33;sea;false;ocean;0
10696;0;2;45;sea;false;ocean;0
10697;4;59;6;sea;false;ocean;0
10698;50;22;13;sea;false;ocean;0
10699;36;4;43;sea;true;ocean;0
10700;0;31;57;sea;true;ocean;0
10701;23;2;27;sea;false;ocean;0
10702;50;2;1;sea;false;ocean;0
10703;40;9;4;sea;true;ocean;0
10704;51;10;4;sea;false;ocean;0
10705;36;14;36;sea;false;ocean;0
10706;16;7;31;sea;false;ocean;0
10707;17;9;40;sea;false;ocean;0
10708;24;56;9;sea;false;ocean;0
10709;18;52;28;sea;false;ocean;0
10710;6;32;60;sea;false;ocean;0
10711;36;53;3;sea;true;ocean;0
10712;8;11;71;sea;false;ocean;0
10713;58;0;27;sea;false;ocean;0
10714;19;65;3;sea;false;ocean;0
10715;7;41;10;sea;false;ocean;0
10716;48;14;31;sea;false;ocean;0
10717;32;32;26;sea;false;ocean;0
10718;78;5;15;sea;false;ocean;0
10719;26;29;28;sea;false;ocean;0
10720;23;36;38;sea;false;ocean;0
10721;12;49;32;sea;true;ocean;0
10722;9;29;25;sea;false;ocean;0
10723;63;3;13;sea;true;ocean;0
10724;21;4;0;sea;false;ocean;0
10725;27;22;16;sea;true;ocean;0
10726;28;4;37;sea;false;ocean;0
10727;21;0;22;sea;false;ocean;0
10728;23;33;35;sea;true;ocean;0
10729;3;2;2;sea;false;ocean;0
10730;32;33;34;sea;false;ocean;0
10731;23;5;6;sea;false;ocean;0
10732;11;9;30;sea;true;ocean;0
10733;67;0;22;sea;false;ocean;0
10734;5;75;13;sea;false;ocean;0
10735;36;30;31;sea;false;ocean;0
10736;25;25;24;sea;false;ocean;0
10737;13;39;18;sea;false;ocean;0
10738;3;23;60;sea;false;ocean;0
10739;50;38;8;sea;false;ocean;0
10740;50;21;2;sea;false;ocean;0
10741;24;13;59;sea;false;ocean;0
10742;18;27;42;sea;true;ocean;0
10743;54;2;3;sea;true;ocean;0
10744;59;20;9;sea;false;ocean;0
10745;52;3;6;sea;false;ocean;0
10746;17;2;57;sea;true;ocean;0
10747;28;4;30;sea;false;ocean;0
10748;48;32;12;sea;false;ocean;0
10749;12;32;10;sea;false;ocean;0
10750;26;45;20;sea;false;ocean;0
10751;53;1;6;sea;false;ocean;0
10752;28;16;13;sea;true;ocean;0
10753;14;5;14;sea;false;ocean;0
10754;25;1;11;sea;false;ocean;0
10755;12;68;7;sea;false;ocean;0
10756;40;30;29;sea;true;ocean;0
10757;4;6;47;sea;false;ocean;0
10758;60;1;15;sea;false;ocean;0
10759;9;20;37;sea;false;ocean;0
10760;19;56;10;sea;false;ocean;0
10761;50;2;34;sea;false;ocean;0
10762;0;15;43;sea;false;ocean;0
10763;35;21;21;sea;false;ocean;0
10764;58;23;16;sea;true;ocean;0
10765;23;3;0;sea;false;ocean;0
10766;49;13;5;sea;true;ocean;0
10767;7;12;33;sea;false;ocean;0
10768;52;14;24;sea;false;ocean;0
10769;2;39;15;sea;false;ocean;0
10770;37;51;9;sea;true;ocean;0
10771;32;16;9;sea;false;ocean;0
10772;14;8;39;sea;false;ocean;0
10773;34;15;3;sea;false;ocean;0
10774;6;25;61;sea;false;ocean;0
10775;21;3;73;sea;false;ocean;0
10776;7;3;29;sea;false;ocean;0
10777;22;13;2;sea;false;ocean;0
10778;5;41;41;sea;false;ocean;0
10779;40;5;27;sea;false;ocean;0
10780;50;33;15;sea;false;ocean;0
10781;15;21;63;sea;false;ocean;0
10782;3;9;43;sea;false;ocean;0
10783;17;22;8;sea;false;ocean;0
10784;11;33;50;sea;true;ocean;0
10785;15;28;37;sea;false;ocean;0
10786;37;43;8;sea;true;ocean;0
10787;14;15;13;sea;false;ocean;0
10788;56;10;28;sea;false;ocean;0
10789;1;3;93;sea;false;ocean;0
10790;26;19;6;sea;false;ocean;0
10791;1;17;63;sea;true;ocean;0
10792;9;29;36;sea;false;ocean;0
10793;11;0;42;sea;false;ocean;0
10794;43;3;41;sea;false;ocean;0
10795;11;15;51;sea;false;ocean;0
10796;24;22;23;sea;true;ocean;0
10797;0;21;53;sea;false;ocean;0
10798;7;17;9;sea;false;ocean;0
10799;8;3;3;sea;false;ocean;0
10800;35;53;7;sea;true;ocean;0
10801;17;2;58;sea;false;ocean;0
10802;18;17;3;sea;false;ocean;0
10803;14;28;23;sea;false;ocean;0
10804;58;7;25;sea;false;ocean;0
10805;24;11;46;sea;false;ocean;0
10806;8;10;8;sea;false;ocean;0
10807;0;40;32;sea;false;ocean;0
10808;5;8;75;sea;false;ocean;0
10809;10;74;10;sea;false;ocean;0
10810;44;17;3;sea;false;ocean;0
10811;35;13;41;sea;false;ocean;0
10812;64;10;20;sea;false;ocean;0
10813;11;48;34;sea;false;ocean;0
10814;7;47;13;sea;false;ocean;0
10815;7;11;14;sea;false;ocean;0
10816;3;10;81;sea;false;ocean;0
10817;8;5;20;sea;false;ocean;0
10818;23;23;31;sea;false;ocean;0
10819;66;2;24;sea;false;ocean;0
10820;28;10;48;sea;false;ocean;0
10821;16;46;12;sea;false;ocean;0
10822;40;17;1;sea;false;ocean;0
10823;20;33;2;sea;false;ocean;0
10824;37;28;25;sea;false;ocean;0
10825;34;53;7;sea;false;ocean;0
10826;53;42;2;sea;false;ocean;0
10827;45;39;13;sea;false;ocean;0
10828;5;20;38;sea;false;ocean;0
10829;63;7;20;sea;false;ocean;0
10830;0;3;36;sea;false;ocean;0
10831;34;20;0;sea;false;ocean;0
10832;46;26;26;sea;false;ocean;0
10833;62;25;12;sea;false;ocean;0
10834;20;29;17;sea;false;ocean;0
10835;4;29;14;sea;false;ocean;0
10836;33;40;6;sea;false;ocean;0
10837;22;14;22;sea;false;ocean;0
10838;4;47;13;sea;false;ocean;0
10839;27;35;35;sea;false;ocean;0
10840;14;31;49;sea;false;ocean;0
10841;24;7;10;sea;true;ocean;0
10842;27;69;0;sea;false;ocean;0
10843;36;9;50;sea;false;ocean;0
10844;6;48;5;sea;false;ocean;0
10845;60;35;0;sea;false;ocean;0
10846;39;7;48;sea;false;ocean;0
10847;21;17;36;sea;false;ocean;0
10848;16;8;49;sea;false;ocean;0
10849;23;17;39;sea;false;ocean;0
10850;16;64;12;sea;false;ocean;0
10851;18;59;1;sea;true;ocean;0
10852;15;23;21;sea;false;ocean;0
10853;64;23;7;sea;true;ocean;0
10854;24;38;6;sea;false;ocean;0
10855;12;1;50;sea;false;ocean;0
10856;27;15;45;sea;false;ocean;0
10857;4;59;21;sea;false;ocean;0
10858;45;11;18;sea;true;ocean;0
10859;12;39;7;sea;false;ocean;0
10860;7;21;63;sea;false;ocean;0
10861;3;55;18;sea;false;ocean;0
10862;57;9;23;sea;false;ocean;0
10863;43;35;15;sea;false;ocean;0
10864;2;50;46;sea;true;ocean;0
10865;29;36;10;sea;false;ocean;0
10866;24;4;54;sea;false;ocean;0
10867;8;18;51;sea;false;ocean;0
10868;6;49;14;sea;false;ocean;0
10869;13;13;35;sea;false;ocean;0
10870;48;22;25;sea;false;ocean;0
10871;0;48;51;sea;false;ocean;0
10872;26;3;63;sea;false;ocean;0
10873;7;20;54;sea;false;ocean;0
10874;11;20;3;sea;false;ocean;0
10875;2;8;44;sea;false;ocean;0
10876;1;16;39;sea;false;ocean;0
10877;70;1;0;sea;false;ocean;0
10878;11;54;9;sea;false;ocean;0
10879;88;1;8;sea;false;ocean;0
10880;54;7;35;sea;false;ocean;0
10881;20;8;35;sea;false;ocean;0
10882;16;16;41;sea;false;ocean;0
10883;12;46;24;sea;true;ocean;0
10884;4;48;10;sea;false;ocean;0
10885;48;8;43;sea;false;ocean;0
10886;52;31;1;sea;false;ocean;0
10887;61;1;31;sea;false;ocean;0
10888;39;10;9;sea;false;ocean;0
10889;68;15;2;sea;false;ocean;0
10890;32;59;7;sea;false;ocean;0
10891;4;17;69;sea;false;ocean;0
10892;51;16;10;sea;true;ocean;0
10893;19;18;44;sea;false;ocean;0
10894;13;64;18;sea;false;ocean;0
10895;25;31;2;sea;false;ocean;0
10896;7;43;0;sea;false;ocean;0
10897;8;25;17;sea;true;ocean;0
10898;2;67;24;sea;false;ocean;0
10899;46;11;40;sea;true;ocean;0
10900;0;11;5;sea;false;ocean;0
10901;18;35;15;sea;false;ocean;0
10902;40;33;15;sea;false;ocean;0
10903;39;32;5;sea;true;ocean;0
10904;46;8;13;sea;false;ocean;0
10905;9;60;24;sea;false;ocean;0
10906;22;10;37;sea;false;ocean;0
10907;56;11;7;sea;false;ocean;0
10908;1;20;58;sea;false;ocean;0
10909;42;9;48;sea;false;ocean;0
10910;0;20;27;sea;false;ocean;0
10911;29;36;31;sea;false;ocean;0
10912;14;57;13;sea;false;ocean;0
10913;11;24;15;sea;false;ocean;0
10914;39;27;32;sea;false;ocean;0
10915;40;25;25;sea;false;ocean;0
10916;7;8;41;sea;false;ocean;0
10917;20;37;33;sea;false;ocean;0
10918;0;73;2;sea;false;ocean;0
10919;18;8;15;sea;false;ocean;0
10920;42;16;29;sea;false;ocean;0
10921;46;13;16;sea;false;ocean;0
10922;20;10;21;sea;false;ocean;0
10923;53;13;26;sea;false;ocean;0
10924;68;4;10;sea;false;ocean;0
10925;8;76;13;sea;false;ocean;0
10926;13;29;24;sea;true;ocean;0
10927;28;19;48;sea;false;ocean;0
10928;13;40;9;sea;false;ocean;0
10929;63;16;9;sea;false;ocean;0
10930;14;12;14;sea;true;ocean;0
10931;9;56;27;sea;false;ocean;0
10932;43;15;30;sea;false;ocean;0
10933;41;10;19;sea;false;ocean;0
10934;23;37;16;sea;false;ocean;0
10935;28;20;49;sea;false;ocean;0
10936;1;33;32;sea;false;ocean;0
10937;1;21;71;sea;false;ocean;0
10938;33;11;29;sea;false;ocean;0
10939;37;3;9;sea;false;ocean;0
10940;6;39;11;sea;false;ocean;0
10941;52;10;32;sea;false;ocean;0
10942;12;34;25;sea;false;ocean;0
10943;37;26;19;sea;false;ocean;0
10944;24;42;20;sea;false;ocean;0
10945;49;4;19;sea;true;ocean;0
10946;2;55;15;sea;true;ocean;0
10947;28;30;28;sea;false;ocean;0
10948;18;14;15;sea;false;ocean;0
10949;16;37;16;sea;false;ocean;0
10950;5;38;38;sea;false;ocean;0
10951;8;72;2;sea;false;ocean;0
10952;1;22;65;sea;false;ocean;0
10953;11;55;13;sea;false;ocean;0
10954;22;27;11;sea;false;ocean;0
10955;5;32;31;sea;true;ocean;0
10956;94;0;0;sea;false;ocean;0
10957;30;16;1;sea;false;ocean;0
10958;4;51;36;sea;false;ocean;0
10959;1;16;74;sea;false;ocean;0
10960;19;18;61;sea;false;ocean;0
10961;1;2;78;sea;false;ocean;0
10962;24;52;14;sea;false;ocean;0
10963;16;10;24;sea;false;ocean;0
10964;26;20;32;sea;false;ocean;0
10965;63;16;17;sea;true;ocean;0
10966;12;35;30;sea;false;ocean;0
10967;13;3;36;sea;false;ocean;0
10968;50;11;38;sea;false;ocean;0
10969;15;4;37;sea;false;ocean;0
10970;17;41;30;sea;false;ocean;0
10971;3;88;8;sea;false;ocean;0
10972;52;28;9;sea;false;ocean;0
10973;26;11;21;sea;false;ocean;0
10974;27;13;16;sea;false;ocean;0
10975;63;29;3;sea;false;ocean;0
10976;73;15;9;sea;true;ocean;0
10977;15;55;19;sea;true;ocean;0
10978;32;9;52;sea;false;ocean;0
10979;11;31;2;sea;false;ocean;0
10980;11;20;34;sea;false;ocean;0
10981;47;2;46;sea;false;ocean;0
10982;1;71;21;sea;false;ocean;0
10983;0;18;65;sea;false;ocean;0
10984;17;50;4;sea;true;ocean;0
10985;20;0;70;sea;false;ocean;0
10986;86;2;0;sea;false;ocean;0
10987;16;25;53;sea;false;ocean;0
10988;15;51;28;sea;false;ocean;0
10989;43;11;26;sea;false;ocean;0
10990;30;41;14;sea;true;ocean;0
10991;13;30;35;sea;false;ocean;0
10992;8;84;0;sea;false;ocean;0
10993;17;32;7;sea;true;ocean;0
10994;10;7;20;sea;false;ocean;0
10995;42;43;5;sea;false;ocean;0
10996;0;10;67;sea;false;ocean;0
10997;49;39;4;sea;false;ocean;0
10998;12;17;1;sea;false;ocean;0
10999;3;26;56;sea;false;ocean;0
11000;15;5;13;sea;false;ocean;0
11001;9;36;47;sea;true;ocean;0
11002;30;16;4;sea;false;ocean;0
11003;24;38;32;sea;false;ocean;0
11004;41;21;0;sea;true;ocean;0
11005;55;8;22;sea;false;ocean;0
11006;1;34;54;sea;true;ocean;0
11007;61;33;1;sea;true;ocean;0
11008;38;28;22;sea;true;ocean;0
11009;14;13;59;sea;false;ocean;0
11010;5;6;51;sea;false;ocean;0
11011;1;1;11;sea;false;ocean;0
11012;55;0;29;sea;false;ocean;0
11013;41;26;27;sea;false;ocean;0
11014;11;75;10;sea;false;ocean;0
11015;35;3;60;sea;false;ocean;0
11016;10;42;45;sea;false;ocean;0
11017;12;14;37;sea;true;ocean;0
11018;51;4;12;sea;false;ocean;0
11019;32;11;13;sea;false;ocean;0
11020;12;37;26;sea;true;ocean;0
11021;12;61;20;sea;false;ocean;0
11022;2;15;34;sea;false;ocean;0
11023;26;8;63;sea;false;ocean;0
11024;25;8;16;sea;false;ocean;0
11025;30;33;14;sea;false;ocean;0
11026;41;1;23;sea;false;ocean;0
11027;53;43;3;sea;false;ocean;0
11028;67;8;12;sea;true;ocean;0
11029;33;0;43;sea;false;ocean;0
11030;11;5;66;sea;true;ocean;0
11031;13;31;12;sea;true;ocean;0
11032;6;72;9;sea;false;ocean;0
11033;24;27;11;sea;false;ocean;0
11034;41;26;16;sea;false;ocean;0
11035;5;15;24;sea;false;ocean;0
11036;10;10;15;sea;false;ocean;0
11037;3;54;39;sea;false;ocean;0
11038;15;17;9;sea;false;ocean;0
11039;1;41;11;sea;false;ocean;0
11040;12;53;20;sea;false;ocean;0
11041;7;13;77;sea;true;ocean;0
11042;9;32;21;sea;false;ocean;0
11043;28;21;3;sea;false;ocean;0
11044;6;7;66;sea;false;ocean;0
11045;4;7;59;sea;false;ocean;0
11046;3;61;7;sea;true;ocean;0
11047;26;25;11;sea;false;ocean;0
11048;38;20;23;sea;true;ocean;0
11049;22;17;1;sea;false;ocean;0
11050;61;26;9;sea;true;ocean;0
11051;90;0;2;sea;false;ocean;0
11052;41;21;27;sea;false;ocean;0
11053;2;47;28;sea;true;ocean;0
11054;3;0;67;sea;true;ocean;0
11055;38;22;0;sea;true;ocean;0
11056;64;29;2;sea;false;ocean;0
11057;55;15;19;sea;false;ocean;0
11058;4;60;31;sea;false;ocean;0
11059;15;34;47;sea;false;ocean;0
11060;62;16;17;sea;false;ocean;0
11061;0;18;51;sea;false;ocean;0
11062;46;0;45;sea;false;ocean;0
11063;31;9;45;sea;true;ocean;0
11064;17;43;5;sea;false;ocean;0
11065;25;48;15;sea;false;ocean;0
11066;17;33;18;sea;false;ocean;0
11067;49;32;9;sea;false;ocean;0
11068;49;4;27;sea;true;ocean;0
11069;26;18;45;sea;false;ocean;0
11070;1;39;23;sea;false;ocean;0
11071;29;20;6;sea;false;ocean;0
11072;50;24;12;sea;false;ocean;0
11073;31;11;3;sea;false;ocean;0
11074;27;61;7;sea;false;ocean;0
11075;11;25;43;sea;false;ocean;0
11076;67;11;10;sea;true;ocean;0
11077;10;30;27;sea;false;ocean;0
11078;5;16;53;sea;false;ocean;0
11079;42;31;23;sea;false;ocean;0
11080;30;1;33;sea;false;ocean;0
11081;15;57;12;sea;false;ocean;0
11082;59;20;10;sea;false;ocean;0
11083;9;24;16;sea;false;ocean;0
11084;24;68;6;sea;false;ocean;0
11085;15;62;18;sea;true;ocean;0
11086;7;27;11;sea;false;ocean;0
11087;8;21;44;sea;true;ocean;0
11088;36;19;39;sea;false;ocean;0
11089;14;1;68;sea;true;ocean;0
11090;39;20;13;sea;false;ocean;0
11091;41;6;4;sea;false;ocean;0
11092;50;32;6;sea;false;ocean;0
11093;17;34;25;sea;false;ocean;0
11094;12;8;3;sea;false;ocean;0
11095;6;27;52;sea;false;ocean;0
11096;33;24;4;sea;false;ocean;0
11097;5;8;41;sea;false;ocean;0
11098;23;21;10;sea;false;ocean;0
11099;55;26;17;sea;true;ocean;0
11100;6;11;3;sea;false;ocean;0
11101;16;9;41;sea;true;ocean;0
11102;11;11;45;sea;false;ocean;0
11103;65;3;22;sea;false;ocean;0
11104;42;4;22;sea;false;ocean;0
11105;21;0;26;sea;false;ocean;0
11106;12;34;24;sea;true;ocean;0
11107;56;8;8;sea;true;ocean;0
11108;15;18;4;sea;false;ocean;0
11109;36;17;38;sea;false;ocean;0
11110;3;84;0;sea;false;ocean;0
11111;35;3;47;sea;false;ocean;0
11112;5;6;48;sea;false;ocean;0
11113;12;26;15;sea;true;ocean;0
11114;43;17;30;sea;false;ocean;0
11115;4;5;43;sea;false;ocean;0
11116;68;13;2;sea;false;ocean;0
11117;20;4;57;sea;false;ocean;0
11118;27;18;1;sea;false;ocean;0
11119;74;1;5;sea;false;ocean;0
11120;43;9;21;sea;false;ocean;0
11121;19;29;20;sea;false;ocean;0
11122;13;16;58;sea;false;ocean;0
11123;29;8;41;sea;false;ocean;0
11124;7;33;51;sea;false;ocean;0
11125;30;46;5;sea;false;ocean;0
11126;13;26;30;sea;true;ocean;0
11127;20;5;42;sea;false;ocean;0
11128;14;51;5;sea;false;ocean;0
11129;12;25;6;sea;false;ocean;0
11130;24;33;6;sea;false;ocean;0
11131;30;55;9;sea;false;ocean;0
11132;60;6;9;sea;false;ocean;0
11133;17;43;10;sea;false;ocean;0
11134;29;25;34;sea;false;ocean;0
11135;11;26;56;sea;false;ocean;0
11136;23;37;10;sea;false;ocean;0
11137;23;74;1;sea;true;ocean;0
11138;41;4;5;sea;false;ocean;0
11139;5;14;66;sea;true;ocean;0
11140;21;45;12;sea;true;ocean;0
11141;6;5;63;sea;false;ocean;0
11142;23;71;5;sea;false;ocean;0
11143;10;13;20;sea;false;ocean;0
11144;57;1;0;sea;false;ocean;0
11145;10;8;32;sea;false;ocean;0
11146;31;9;9;sea;false;ocean;0
11147;45;26;21;sea;false;ocean;0
11148;23;50;10;sea;false;ocean;0
11149;42;9;2;sea;true;ocean;0
11150;31;1;37;sea;false;ocean;0
11151;69;0;21;sea;false;ocean;0
11152;7;4;2;sea;false;ocean;0
11153;19;18;12;sea;false;ocean;0
11154;37;6;55;sea;false;ocean;0
11155;1;20;35;sea;false;ocean;0
11156;3;41;48;sea;false;ocean;0
11157;4;85;4;sea;true;ocean;0
11158;67;11;21;sea;true;ocean;0
11159;40;5;22;sea;false;ocean;0
11160;12;32;5;sea;false;ocean;0
11161;16;27;39;sea;false;ocean;0
11162;34;16;48;sea;false;ocean;0
11163;50;30;7;sea;true;ocean;0
11164;8;54;11;sea;false;ocean;0
11165;30;36;0;sea;false;ocean;0
11166;20;29;18;sea;false;ocean;0
11167;44;33;2;sea;true;ocean;0
11168;39;19;2;sea;false;ocean;0
11169;8;45;39;sea;false;ocean;0
11170;6;28;27;sea;false;ocean;0
11171;15;6;58;sea;false;ocean;0
11172;2;68;12;sea;false;ocean;0
11173;28;13;1;sea;false;ocean;0
11174;14;16;52;sea;false;ocean;0
11175;18;23;6;sea;true;ocean;0
11176;43;1;18;sea;false;ocean;0
11177;15;33;32;sea;true;ocean;0
11178;7;12;6;sea;false;ocean;0
11179;3;15;47;sea;true;ocean;2
11180;32;1;54;sea;false;ocean;0
11181;12;39;42;sea;false;ocean;0
11182;15;18;53;sea;false;ocean;0
11183;47;33;1;sea;false;ocean;0
11184;4;21;22;sea;false;ocean;0
11185;24;55;8;sea;false;ocean;0
11186;15;12;67;sea;false;ocean;0
11187;8;46;25;sea;false;ocean;0
11188;12;44;14;sea;false;ocean;0
11189;3;20;16;sea;true;ocean;0
11190;2;4;53;sea;false;ocean;0
11191;1;21;20;sea;true;ocean;0
11192;1;39;2;sea;false;ocean;0
11193;43;13;22;sea;false;ocean;0
11194;1;36;17;sea;false;ocean;0
11195;2;49;38;sea;false;ocean;0
11196;40;19;34;sea;true;ocean;0
11197;7;44;41;sea;false;ocean;0
11198;20;12;40;sea;false;ocean;0
11199;54;22;17;sea;false;ocean;0
11200;17;4;62;sea;false;ocean;0
11201;30;3;18;sea;false;ocean;0
11202;3;18;57;sea;false;ocean;0
11203;21;18;20;sea;false;ocean;0
11204;21;6;62;sea;false;ocean;0
11205;39;18;6;sea;false;ocean;0
11206;29;8;23;sea;false;ocean;0
11207;33;10;21;sea;false;ocean;0
11208;4;36;28;sea;false;ocean;0
11209;28;16;30;sea;false;ocean;0
11210;32;15;48;sea;false;ocean;0
11211;1;49;11;sea;false;ocean;0
11212;65;12;8;sea;false;ocean;0
11213;19;17;33;sea;false;ocean;0
11214;9;21;24;sea;true;ocean;0
11215;0;41;11;sea;true;ocean;5
11216;14;13;64;sea;false;ocean;0
11217;1;27;31;sea;false;ocean;0
11218;10;78;7;sea;false;ocean;0
11219;21;67;4;sea;false;ocean;0
11220;19;43;11;sea;false;ocean;0
11221;46;18;21;sea;false;ocean;0
11222;10;72;17;sea;false;ocean;0
11223;14;31;23;sea;false;ocean;0
11224;7;26;66;sea;false;ocean;0
11225;5;5;78;sea;false;ocean;0
11226;32;11;43;sea;false;ocean;0
11227;10;7;5;sea;false;ocean;0
11228;8;8;49;sea;false;ocean;0
11229;22;73;1;sea;false;ocean;0
11230;7;11;75;sea;false;ocean;0
11231;16;10;29;sea;true;ocean;0
11232;56;31;5;sea;false;ocean;0
11233;16;56;2;sea;false;ocean;0
11234;29;10;11;sea;false;ocean;0
11235;15;58;6;sea;true;ocean;0
11236;1;27;14;sea;false;ocean;0
11237;50;7;28;sea;false;ocean;0
11238;6;42;1;sea;false;ocean;0
11239;55;12;32;sea;true;ocean;0
11240;36;12;8;sea;true;ocean;0
11241;2;93;3;sea;false;ocean;0
11242;35;12;3;sea;true;ocean;0
11243;37;55;0;sea;true;ocean;0
11244;26;2;35;sea;false;ocean;0
11245;55;31;11;sea;false;ocean;0
11246;4;45;38;sea;false;ocean;0
11247;10;60;26;sea;false;ocean;0
11248;23;4;22;sea;false;ocean;0
11249;18;58;13;sea;true;ocean;0
11250;53;36;5;sea;false;ocean;0
11251;28;0;10;sea;false;ocean;0
11252;9;20;22;sea;false;ocean;0
11253;15;11;67;sea;false;ocean;0
11254;0;8;25;sea;true;ocean;0
11255;5;11;37;sea;false;ocean;0
11256;16;4;78;sea;true;ocean;0
11257;9;28;33;sea;false;ocean;0
11258;33;6;27;sea;false;ocean;0
11259;15;25;15;sea;false;ocean;0
11260;4;44;21;sea;false;ocean;0
11261;17;35;32;sea;false;ocean;0
11262;62;10;19;sea;false;ocean;0
11263;53;14;19;sea;false;ocean;0
11264;72;6;11;sea;false;ocean;0
11265;5;11;70;sea;false;ocean;0
11266;13;13;55;sea;false;ocean;0
11267;26;40;11;sea;false;ocean;0
11268;0;50;36;sea;false;ocean;0
11269;45;2;49;sea;false;ocean;0
11270;66;10;22;sea;false;ocean;0
11271;68;18;13;sea;false;ocean;0
11272;25;14;57;sea;false;ocean;0
11273;8;1;60;sea;false;ocean;0
11274;31;53;13;sea;false;ocean;0
11275;5;25;7;sea;false;ocean;0
11276;28;43;24;sea;true;ocean;0
11277;45;10;23;sea;false;ocean;0
11278;45;10;12;sea;true;ocean;0
11279;34;27;12;sea;false;ocean;0
11280;15;32;39;sea;false;ocean;0
11281;28;18;14;sea;false;ocean;0
11282;0;44;18;sea;true;ocean;0
11283;5;2;53;sea;false;ocean;0
11284;26;16;16;sea;false;ocean;0
11285;4;37;46;sea;false;ocean;0
11286;29;35;15;sea;false;ocean;0
11287;26;19;37;sea;false;ocean;0
11288;9;13;1;sea;false;ocean;0
11289;20;17;20;sea;false;ocean;0
11290;8;57;1;sea;false;ocean;0
11291;23;59;4;sea;false;ocean;0
11292;54;17;22;sea;false;ocean;0
11293;49;16;24;sea;false;ocean;0
11294;78;12;0;sea;false;ocean;0
11295;0;3;52;sea;false;ocean;0
11296;11;7;74;sea;false;ocean;0
11297;45;4;38;sea;false;ocean;0
11298;27;25;20;sea;false;ocean;0
11299;7;46;31;sea;false;ocean;0
11300;20;30;35;sea;false;ocean;0
11301;2;15;77;sea;false;ocean;0
11302;13;32;16;sea;false;ocean;0
11303;66;13;15;sea;false;ocean;0
11304;7;39;37;sea;false;ocean;0
11305;38;18;27;sea;false;ocean;0
11306;25;8;53;sea;true;ocean;0
11307;22;38;27;sea;true;ocean;0
11308;60;6;21;sea;false;ocean;0
11309;25;43;25;sea;false;ocean;0
11310;62;25;0;sea;false;ocean;0
11311;50;15;17;sea;false;ocean;0
11312;1;49;12;sea;false;ocean;0
11313;4;88;1;sea;false;ocean;0
11314;53;0;36;sea;false;ocean;0
11315;26;40;9;sea;false;ocean;0
11316;63;4;16;sea;false;ocean;0
11317;56;25;7;sea;true;ocean;0
11318;30;25;13;sea;true;ocean;0
11319;51;14;34;sea;false;ocean;0
11320;35;0;46;sea;true;ocean;0
11321;18;33;16;sea;false;ocean;0
11322;5;27;57;sea;false;ocean;0
11323;6;38;39;sea;false;ocean;0
11324;40;24;35;sea;false;ocean;0
11325;34;62;3;sea;false;ocean;0
11326;37;10;35;sea;false;ocean;0
11327;24;42;14;sea;true;ocean;0
11328;30;42;9;sea;false;ocean;0
11329;41;43;9;sea;false;ocean;0
11330;16;53;22;sea;false;ocean;0
11331;60;4;35;sea;false;ocean;0
11332;67;3;27;sea;false;ocean;0
11333;43;13;35;sea;false;ocean;0
11334;68;23;8;sea;false;ocean;0
11335;46;17;3;sea;false;ocean;0
11336;14;67;16;sea;false;ocean;0
11337;20;16;49;sea;false;ocean;0
11338;27;70;1;sea;false;ocean;0
11339;12;18;55;sea;false;ocean;0
11340;3;38;30;sea;false;ocean;0
11341;40;23;17;sea;false;ocean;0
11342;47;17;21;sea;false;ocean;0
11343;75;19;0;sea;false;ocean;0
11344;0;58;18;sea;false;ocean;0
11345;64;26;2;sea;true;ocean;0
11346;16;26;46;sea;false;ocean;0
11347;9;8;51;sea;false;ocean;0
11348;27;19;47;sea;false;ocean;0
11349;14;17;5;sea;false;ocean;0
11350;3;11;56;sea;false;ocean;0
11351;26;3;42;sea;false;ocean;0
11352;12;18;62;sea;false;ocean;0
11353;5;14;21;sea;false;ocean;0
11354;56;37;2;sea;false;ocean;0
11355;27;53;11;sea;true;ocean;0
11356;22;12;11;sea;false;ocean;0
11357;14;56;27;sea;false;ocean;0
11358;59;32;6;sea;false;ocean;0
11359;32;46;13;sea;false;ocean;0
11360;0;9;50;sea;false;ocean;0
11361;5;62;12;sea;false;ocean;0
11362;5;73;16;sea;false;ocean;0
11363;17;65;3;sea;false;ocean;0
11364;70;6;0;sea;true;ocean;0
11365;2;49;17;sea;false;ocean;0
11366;57;6;9;sea;false;ocean;0
11367;35;34;17;sea;false;ocean;0
11368;2;40;44;sea;true;ocean;0
11369;39;9;23;sea;true;ocean;0
11370;14;36;22;sea;false;ocean;0
11371;38;16;35;sea;false;ocean;0
11372;15;30;43;sea;false;ocean;0
11373;79;5;6;sea;true;ocean;0
11374;4;49;8;sea;false;ocean;0
11375;16;59;24;sea;false;ocean;0
11376;16;42;17;sea;false;ocean;0
11377;34;44;12;sea;false;ocean;0
11378;15;25;26;sea;false;ocean;0
11379;18;14;66;sea;false;ocean;0
11380;2;36;22;sea;false;ocean;0
11381;24;16;49;sea;false;ocean;0
11382;6;38;36;sea;false;ocean;0
11383;57;10;20;sea;true;ocean;0
11384;28;29;25;sea;true;ocean;0
11385;70;16;12;sea;false;ocean;0
11386;25;13;59;sea;false;ocean;0
11387;20;18;32;sea;false;ocean;0
11388;28;26;30;sea;true;ocean;0
11389;23;13;0;sea;false;ocean;0
11390;18;41;33;sea;false;ocean;0
11391;82;3;7;sea;false;ocean;0
11392;32;33;2;sea;false;ocean;0
11393;44;7;20;sea;false;ocean;0
11394;10;17;35;sea;false;ocean;0
11395;49;48;1;sea;false;ocean;0
11396;6;32;42;sea;false;ocean;0
11397;3;32;33;sea;false;ocean;0
11398;7;84;6;sea;true;ocean;0
11399;32;1;45;sea;false;ocean;0
11400;33;27;5;sea;false;ocean;0
11401;8;37;6;sea;false;ocean;0
11402;61;12;9;sea;false;ocean;0
11403;12;6;19;sea;true;ocean;0
11404;54;13;7;sea;true;ocean;0
11405;12;35;38;sea;false;ocean;0
11406;64;1;16;sea;true;ocean;0
11407;24;33;29;sea;true;ocean;0
11408;0;49;15;sea;false;ocean;0
11409;71;1;20;sea;true;ocean;0
11410;26;4;25;sea;false;ocean;0
11411;59;23;11;sea;false;ocean;0
11412;21;50;12;sea;false;ocean;0
11413;21;5;29;sea;false;ocean;0
11414;30;40;12;sea;false;ocean;0
11415;28;20;38;sea;false;ocean;0
11416;5;6;85;sea;false;ocean;0
11417;3;67;15;sea;true;ocean;0
11418;15;41;22;sea;false;ocean;0
11419;18;29;16;sea;true;ocean;0
11420;15;21;31;sea;false;ocean;0
11421;5;2;9;sea;false;ocean;0
11422;55;30;2;sea;false;ocean;0
11423;10;9;17;sea;true;ocean;0
11424;9;13;77;sea;false;ocean;0
11425;50;17;21;sea;true;ocean;0
11426;1;33;33;sea;false;ocean;0
11427;29;16;48;sea;false;ocean;0
11428;30;31;20;sea;false;ocean;0
11429;7;12;34;sea;false;ocean;0
11430;1;52;6;sea;false;ocean;0
11431;20;42;21;sea;true;ocean;0
11432;3;0;36;sea;false;ocean;0
11433;48;7;5;sea;false;ocean;0
11434;4;60;8;sea;false;ocean;0
11435;7;30;40;sea;false;ocean;0
11436;1;15;44;sea;false;ocean;0
11437;1;46;13;sea;false;ocean;0
11438;6;45;8;sea;true;ocean;0
11439;6;46;8;sea;false;ocean;0
11440;47;15;11;sea;false;ocean;0
11441;2;33;6;sea;false;ocean;0
11442;9;25;6;sea;false;ocean;0
11443;10;44;28;sea;true;ocean;0
11444;36;6;24;sea;true;ocean;0
11445;31;43;22;sea;true;ocean;0
11446;43;21;9;sea;false;ocean;0
11447;22;56;21;sea;false;ocean;0
11448;3;46;43;sea;false;ocean;0
11449;41;4;15;sea;false;ocean;0
11450;14;52;31;sea;false;ocean;0
11451;49;8;5;sea;false;ocean;0
11452;49;42;6;sea;true;ocean;0
11453;24;4;52;sea;false;ocean;0
11454;20;45;14;sea;true;ocean;0
11455;41;33;24;sea;false;ocean;0
11456;45;23;0;sea;true;ocean;0
11457;3;5;9;sea;false;ocean;0
11458;58;9;7;sea;false;ocean;0
11459;14;52;15;sea;false;ocean;0
11460;17;6;42;sea;false;ocean;0
11461;2;57;21;sea;false;ocean;0
11462;4;9;12;sea;true;ocean;0
11463;13;48;2;sea;false;ocean;0
11464;19;37;20;sea;true;ocean;0
11465;45;26;23;sea;true;ocean;0
11466;61;5;18;sea;false;ocean;0
11467;31;18;7;sea;true;ocean;0
11468;36;30;19;sea;false;ocean;0
11469;9;51;24;sea;true;ocean;0
11470;32;17;35;sea;true;ocean;0
11471;21;1;2;sea;false;ocean;0
11472;20;31;18;sea;false;ocean;0
11473;15;48;8;sea;false;ocean;0
11474;24;7;5;sea;false;ocean;0
11475;17;60;5;sea;false;ocean;0
11476;14;32;0;sea;false;ocean;0
11477;10;9;70;sea;false;ocean;0
11478;47;16;30;sea;false;ocean;0
11479;3;56;19;sea;false;ocean;0
11480;15;20;0;sea;false;ocean;0
11481;19;42;14;sea;false;ocean;0
11482;17;41;14;sea;false;ocean;0
11483;6;58;10;sea;false;ocean;0
11484;23;11;64;sea;false;ocean;0
11485;6;22;1;sea;false;ocean;0
11486;39;11;40;sea;false;ocean;0
11487;21;50;7;sea;false;ocean;0
11488;49;4;9;sea;false;ocean;0
11489;15;34;18;sea;false;ocean;0
11490;14;43;9;sea;false;ocean;0
11491;11;37;41;sea;false;ocean;0
11492;7;22;2;sea;false;ocean;0
11493;28;22;49;sea;false;ocean;0
11494;9;17;21;sea;false;ocean;0
11495;11;44;19;sea;false;ocean;0
11496;32;0;28;sea;false;ocean;0
11497;26;12;32;sea;false;ocean;0
11498;30;0;53;sea;false;ocean;0
11499;31;39;6;sea;false;ocean;0
11500;9;13;10;sea;false;ocean;0
11501;43;11;20;sea;false;ocean;0
11502;6;46;43;sea;false;ocean;0
11503;9;25;23;sea;true;ocean;0
11504;40;33;9;sea;false;ocean;0
11505;25;58;15;sea;false;ocean;0
11506;38;19;18;sea;false;ocean;0
11507;40;4;53;sea;false;ocean;0
11508;43;17;38;sea;false;ocean;0
11509;10;12;70;sea;false;ocean;0
11510;69;3;25;sea;false;ocean;0
11511;33;13;1;sea;false;ocean;0
11512;20;36;41;sea;false;ocean;0
11513;31;36;1;sea;false;ocean;0
11514;6;50;7;sea;false;ocean;0
11515;12;17;20;sea;false;ocean;0
11516;27;32;39;sea;false;ocean;0
11517;18;31;7;sea;false;ocean;0
11518;18;36;28;sea;false;ocean;0
11519;18;15;27;sea;false;ocean;0
11520;17;19;60;sea;false;ocean;0
11521;8;1;19;sea;false;ocean;0
11522;39;42;0;sea;false;ocean;0
11523;24;35;11;sea;false;ocean;0
11524;6;4;13;sea;true;ocean;0
11525;5;0;10;sea;false;ocean;0
11526;3;48;15;sea;false;ocean;0
11527;20;33;8;sea;true;ocean;0
11528;19;47;6;sea;false;ocean;0
11529;26;18;1;sea;false;ocean;0
11530;19;63;2;sea;false;ocean;0
11531;4;62;16;sea;false;ocean;0
11532;12;29;27;sea;false;ocean;0
11533;33;9;33;sea;true;ocean;0
11534;65;4;1;sea;false;ocean;0
11535;59;20;8;sea;false;ocean;0
11536;2;54;27;sea;false;ocean;0
11537;46;13;37;sea;true;ocean;0
11538;82;0;6;sea;false;ocean;0
11539;32;18;8;sea;false;ocean;0
11540;53;13;20;sea;true;ocean;0
11541;32;11;5;sea;false;ocean;0
11542;23;67;7;sea;true;ocean;0
11543;9;70;7;sea;false;ocean;0
11544;34;9;36;sea;false;ocean;0
11545;25;6;51;sea;false;ocean;0
11546;15;4;57;sea;false;ocean;0
11547;6;16;75;sea;false;ocean;0
11548;3;18;26;sea;false;ocean;0
11549;0;38;32;sea;false;ocean;0
11550;13;58;9;sea;false;ocean;0
11551;18;38;4;sea;false;ocean;0
11552;0;8;34;sea;true;ocean;0
11553;52;0;31;sea;false;ocean;0
11554;5;81;5;sea;true;ocean;0
11555;41;38;20;sea;false;ocean;0
11556;22;0;64;sea;false;ocean;0
11557;15;19;41;sea;false;ocean;0
11558;13;6;30;sea;false;ocean;0
11559;30;59;8;sea;false;ocean;0
11560;8;4;50;sea;false;ocean;0
11561;65;18;16;sea;false;ocean;0
11562;9;10;69;sea;false;ocean;0
11563;3;61;16;sea;false;ocean;0
11564;4;20;74;sea;false;ocean;0
11565;12;11;76;sea;false;ocean;0
11566;4;13;41;sea;false;ocean;0
11567;44;8;0;sea;false;ocean;0
11568;5;3;5;sea;false;ocean;0
11569;31;9;54;sea;true;ocean;0
11570;41;16;33;sea;false;ocean;0
11571;54;28;8;sea;false;ocean;0
11572;26;58;5;sea;false;ocean;0
11573;7;67;9;sea;false;ocean;0
11574;7;17;28;sea;true;ocean;0
11575;8;28;12;sea;false;ocean;0
11576;5;14;62;sea;false;ocean;0
11577;39;1;5;sea;true;ocean;0
11578;53;1;14;sea;false;ocean;0
11579;13;33;49;sea;false;ocean;0
11580;22;20;8;sea;false;ocean;0
11581;8;36;12;sea;false;ocean;0
11582;4;57;38;sea;true;ocean;0
11583;25;28;43;sea;false;ocean;0
11584;4;84;7;sea;false;ocean;0
11585;29;29;32;sea;false;ocean;0
11586;20;20;42;sea;false;ocean;0
11587;79;8;12;sea;true;ocean;0
11588;34;7;54;sea;false;ocean;0
11589;11;37;13;sea;true;ocean;0
11590;10;65;9;sea;true;ocean;0
11591;71;2;5;sea;false;ocean;0
11592;37;10;38;sea;false;ocean;0
11593;12;30;46;sea;false;ocean;0
11594;0;68;10;sea;true;ocean;0
11595;23;13;47;sea;false;ocean;0
11596;48;17;26;sea;false;ocean;0
11597;4;2;69;sea;true;ocean;0
11598;11;47;16;sea;true;ocean;0
11599;83;11;0;sea;false;ocean;0
11600;21;71;1;sea;false;ocean;0
11601;1;55;34;sea;false;ocean;0
11602;0;29;20;sea;false;ocean;0
11603;70;7;21;sea;false;ocean;0
11604;22;56;16;sea;false;ocean;0
11605;43;32;13;sea;false;ocean;0
11606;9;22;64;sea;false;ocean;0
11607;15;6;72;sea;false;ocean;0
11608;8;33;56;sea;false;ocean;0
11609;7;28;43;sea;false;ocean;0
11610;8;3;14;sea;false;ocean;0
11611;8;46;30;sea;false;ocean;0
11612;2;39;56;sea;false;ocean;0
11613;20;22;24;sea;true;ocean;0
11614;54;8;28;sea;false;ocean;0
11615;44;8;33;sea;false;ocean;0
11616;18;73;1;sea;false;ocean;0
11617;30;5;62;sea;true;ocean;0
11618;17;19;26;sea;false;ocean;0
11619;1;17;48;sea;false;ocean;0
11620;49;16;5;sea;true;ocean;0
11621;3;13;9;sea;false;ocean;0
11622;21;59;1;sea;false;ocean;0
11623;3;37;57;sea;false;ocean;0
11624;25;35;31;sea;false;ocean;0
11625;18;44;9;sea;false;ocean;0
11626;30;7;8;sea;false;ocean;0
11627;2;6;14;sea;true;ocean;0
11628;17;32;40;sea;false;ocean;0
11629;11;38;16;sea;false;ocean;0
11630;9;4;9;sea;false;ocean;0
11631;12;19;56;sea;false;ocean;0
11632;3;72;23;sea;false;ocean;0
11633;12;57;8;sea;false;ocean;0
11634;17;80;1;sea;false;ocean;0
11635;9;38;12;sea;false;ocean;0
11636;18;22;8;sea;false;ocean;0
11637;5;7;72;sea;false;ocean;0
11638;15;23;38;sea;true;ocean;0
11639;4;29;20;sea;false;ocean;0
11640;42;35;13;sea;false;ocean;0
11641;34;4;42;sea;true;ocean;0
11642;31;39;28;sea;false;ocean;0
11643;1;33;45;sea;false;ocean;0
11644;22;20;22;sea;true;ocean;0
11645;5;35;14;sea;false;ocean;0
11646;7;20;31;sea;false;ocean;0
11647;54;38;1;sea;false;ocean;0
11648;26;14;8;sea;false;ocean;0
11649;1;63;28;sea;false;ocean;0
11650;59;14;25;sea;false;ocean;0
11651;75;6;9;sea;false;ocean;0
11652;66;18;11;sea;false;ocean;0
11653;22;18;46;sea;false;ocean;0
11654;46;18;34;sea;false;ocean;0
11655;50;19;8;sea;false;ocean;0
11656;24;14;14;sea;false;ocean;0
11657;9;57;25;sea;false;ocean;0
11658;4;58;31;sea;false;ocean;0
11659;23;21;22;sea;false;ocean;0
11660;48;2;27;sea;false;ocean;0
11661;2;11;80;sea;false;ocean;0
11662;23;24;22;sea;false;ocean;0
11663;27;59;7;sea;false;ocean;0
11664;11;19;54;sea;false;ocean;0
11665;8;4;60;sea;false;ocean;0
11666;9;14;28;sea;true;ocean;0
11667;9;16;39;sea;false;ocean;0
11668;10;59;28;sea;false;ocean;0
11669;19;23;37;sea;false;ocean;0
11670;42;46;8;sea;false;ocean;0
11671;20;17;14;sea;true;ocean;0
11672;5;43;6;sea;false;ocean;0
11673;7;12;59;sea;false;ocean;0
11674;20;8;24;sea;false;ocean;0
11675;21;17;21;sea;false;ocean;0
11676;16;40;7;sea;true;ocean;0
11677;6;15;18;sea;false;ocean;0
11678;21;67;11;sea;true;ocean;0
11679;9;44;37;sea;true;ocean;0
11680;0;16;9;sea;false;ocean;0
11681;38;2;53;sea;true;ocean;0
11682;24;28;2;sea;true;ocean;0
11683;68;5;13;sea;true;ocean;0
11684;45;46;0;sea;false;ocean;0
11685;24;24;26;sea;true;ocean;0
11686;68;10;0;sea;false;ocean;0
11687;13;9;68;sea;true;ocean;0
11688;1;15;37;sea;false;ocean;0
11689;5;54;20;land;false;jungle;6
11690;44;24;17;sea;false;ocean;0
11691;34;34;20;sea;false;ocean;0
11692;39;10;49;sea;false;ocean;0
11693;17;2;21;sea;true;ocean;0
11694;32;25;37;sea;false;ocean;0
11695;75;13;0;sea;false;ocean;0
11696;14;22;21;sea;false;ocean;0
11697;32;56;9;sea;true;ocean;0
11698;11;24;3;sea;false;ocean;0
11699;3;59;18;sea;false;ocean;0
11700;17;45;0;sea;true;ocean;0
11701;50;0;41;sea;true;ocean;0
11702;24;50;16;sea;false;ocean;0
11703;3;25;14;sea;false;ocean;0
11704;3;37;19;sea;true;ocean;0
11705;39;19;32;sea;false;ocean;0
11706;64;1;4;sea;false;ocean;0
11707;46;11;4;sea;false;ocean;0
11708;5;1;74;sea;false;ocean;0
11709;34;17;10;sea;false;ocean;0
11710;3;62;19;sea;false;ocean;0
11711;1;13;72;sea;false;ocean;0
11712;37;1;51;sea;false;ocean;0
11713;13;3;50;sea;false;ocean;0
11714;1;0;82;sea;false;ocean;0
11715;28;49;16;sea;false;ocean;0
11716;12;44;30;sea;false;ocean;0
11717;15;47;0;sea;false;ocean;0
11718;8;35;8;sea;false;ocean;0
11719;9;56;18;sea;true;ocean;0
11720;8;11;18;sea;false;ocean;0
11721;2;18;33;sea;false;ocean;0
11722;3;26;16;sea;false;ocean;0
11723;50;0;47;sea;false;ocean;0
11724;25;20;0;sea;false;ocean;0
11725;31;35;20;sea;false;ocean;0
11726;17;1;52;sea;false;ocean;0
11727;0;25;26;sea;false;ocean;0
11728;7;52;24;sea;false;ocean;0
11729;40;25;34;sea;true;ocean;0
11730;12;9;49;sea;false;ocean;0
11731;1;5;64;sea;false;ocean;0
11732;7;51;15;sea;true;ocean;0
11733;7;17;71;sea;false;ocean;0
11734;18;1;50;sea;true;ocean;0
11735;42;51;5;sea;true;ocean;0
11736;25;40;6;sea;false;ocean;0
11737;29;19;51;sea;false;ocean;0
11738;64;12;17;sea;false;ocean;0
11739;19;37;42;sea;false;ocean;0
11740;35;18;23;sea;false;ocean;0
11741;1;32;9;sea;false;ocean;0
11742;72;2;18;sea;false;ocean;0
11743;12;17;10;sea;true;ocean;0
11744;6;5;47;sea;false;ocean;0
11745;8;19;58;sea;false;ocean;0
11746;10;14;65;sea;true;ocean;0
11747;28;5;4;sea;false;ocean;0
11748;5;1;39;sea;true;ocean;0
11749;6;59;1;sea;false;ocean;0
11750;52;18;3;sea;false;ocean;0
11751;3;11;29;sea;false;ocean;0
11752;46;23;29;sea;false;ocean;0
11753;3;62;9;sea;false;ocean;0
11754;17;15;40;sea;false;ocean;0
11755;40;54;3;sea;false;ocean;0
11756;36;39;17;sea;false;ocean;0
11757;26;7;16;sea;false;ocean;0
11758;2;19;62;sea;false;ocean;0
11759;24;45;26;sea;false;ocean;0
11760;12;9;26;sea;false;ocean;0
11761;11;3;63;sea;true;ocean;0
11762;19;11;59;sea;false;ocean;0
11763;8;63;5;sea;false;ocean;0
11764;25;10;2;sea;false;ocean;0
11765;23;1;32;sea;false;ocean;0
11766;28;48;21;sea;false;ocean;0
11767;58;28;9;sea;false;ocean;0
11768;34;16;0;sea;true;ocean;0
11769;6;46;3;sea;false;ocean;0
11770;47;14;7;sea;false;ocean;0
11771;31;3;35;sea;false;ocean;0
11772;12;40;20;sea;true;ocean;0
11773;71;6;1;sea;false;ocean;0
11774;62;6;2;sea;true;ocean;0
11775;64;5;29;sea;false;ocean;0
11776;0;7;20;sea;false;ocean;0
11777;59;4;17;sea;false;ocean;0
11778;30;8;38;sea;false;ocean;0
11779;58;15;15;sea;false;ocean;0
11780;53;15;20;sea;false;ocean;0
11781;1;30;13;sea;true;ocean;0
11782;15;5;53;sea;false;ocean;0
11783;26;20;33;sea;true;ocean;0
11784;73;19;2;sea;true;ocean;0
11785;2;3;35;sea;false;ocean;0
11786;13;5;34;sea;false;ocean;0
11787;19;5;28;sea;false;ocean;0
11788;29;22;26;sea;false;ocean;0
11789;27;42;16;sea;false;ocean;0
11790;2;23;21;sea;true;ocean;0
11791;27;56;6;sea;false;ocean;0
11792;53;5;30;sea;false;ocean;0
11793;17;10;39;sea;false;ocean;0
11794;29;1;29;sea;false;ocean;0
11795;33;28;23;sea;false;ocean;0
11796;31;49;10;sea;false;ocean;0
11797;4;4;15;sea;false;ocean;0
11798;1;42;27;sea;false;ocean;0
11799;29;11;2;sea;false;ocean;0
11800;40;46;8;sea;false;ocean;0
11801;3;43;14;sea;false;ocean;0
11802;46;9;26;sea;false;ocean;0
11803;32;21;28;sea;true;ocean;0
11804;33;13;27;sea;true;ocean;6
11805;39;7;19;sea;false;ocean;0
11806;15;56;19;sea;false;ocean;0
11807;0;30;37;sea;false;ocean;0
11808;22;3;59;sea;false;ocean;0
11809;30;15;2;sea;false;ocean;0
11810;46;5;31;sea;false;ocean;0
11811;26;12;29;sea;false;ocean;0
11812;76;0;6;sea;false;ocean;0
11813;30;56;9;sea;false;ocean;0
11814;59;10;26;sea;false;ocean;0
11815;41;34;8;sea;false;ocean;0
11816;14;31;21;sea;false;ocean;0
11817;17;13;14;sea;true;ocean;0
11818;23;11;50;sea;false;ocean;0
11819;16;11;3;sea;false;ocean;0
11820;38;4;52;sea;false;ocean;0
11821;1;37;20;sea;true;ocean;0
11822;41;21;29;sea;false;ocean;0
11823;26;54;9;sea;false;ocean;0
11824;9;11;38;sea;false;ocean;0
11825;23;41;33;sea;false;ocean;0
11826;10;56;18;sea;false;ocean;0
11827;8;19;52;sea;true;ocean;0
11828;27;43;15;sea;false;ocean;0
11829;13;48;6;sea;true;ocean;0
11830;22;3;18;sea;false;ocean;0
11831;5;7;51;sea;true;ocean;0
11832;37;53;9;sea;false;ocean;0
11833;24;9;43;sea;false;ocean;0
11834;25;13;2;sea;false;ocean;0
11835;22;45;8;sea;false;ocean;0
11836;21;12;21;sea;true;ocean;0
11837;53;18;27;sea;false;ocean;0
11838;33;27;24;sea;false;ocean;0
11839;35;15;8;sea;false;ocean;0
11840;12;49;23;sea;false;ocean;0
11841;17;35;40;sea;false;ocean;0
11842;26;8;41;sea;false;ocean;0
11843;46;3;19;sea;false;ocean;0
11844;1;69;3;sea;false;ocean;0
11845;28;28;23;sea;false;ocean;0
11846;11;20;23;sea;false;ocean;0
11847;2;20;71;sea;true;ocean;0
11848;19;6;18;sea;false;ocean;0
11849;18;24;4;sea;false;ocean;0
11850;11;4;44;sea;false;ocean;0
11851;19;26;16;sea;true;ocean;0
11852;10;25;33;sea;true;ocean;0
11853;13;25;26;sea;true;ocean;0
11854;59;20;17;sea;true;ocean;0
11855;24;25;15;sea;false;ocean;0
11856;66;9;23;sea;false;ocean;0
11857;9;49;35;sea;false;ocean;0
11858;10;63;26;sea;true;ocean;0
11859;63;7;22;sea;false;ocean;0
11860;71;15;1;sea;false;ocean;0
11861;46;12;30;sea;true;ocean;0
11862;34;8;36;sea;false;ocean;0
11863;30;62;0;sea;false;ocean;0
11864;57;32;1;sea;true;ocean;0
11865;31;41;15;sea;false;ocean;0
11866;15;26;39;sea;false;ocean;0
11867;9;10;0;sea;false;ocean;0
11868;9;6;8;sea;false;ocean;0
11869;2;30;28;sea;false;ocean;0
11870;2;15;24;sea;true;ocean;0
11871;25;15;42;sea;false;ocean;0
11872;44;26;20;sea;true;ocean;0
11873;2;21;24;sea;false;ocean;0
11874;43;11;7;sea;true;ocean;0
11875;43;29;12;sea;true;ocean;0
11876;52;9;32;sea;true;ocean;0
11877;4;7;63;sea;false;ocean;0
11878;9;3;63;sea;false;ocean;0
11879;9;43;45;sea;false;ocean;0
11880;38;33;8;sea;false;ocean;0
11881;4;17;27;sea;false;ocean;0
11882;17;25;18;sea;false;ocean;0
11883;23;11;51;sea;false;ocean;0
11884;18;42;3;sea;false;ocean;0
11885;29;58;2;sea;true;ocean;0
11886;13;31;30;sea;false;ocean;0
11887;43;3;14;sea;false;ocean;0
11888;22;14;42;sea;false;ocean;0
11889;24;63;10;sea;false;ocean;0
11890;38;29;17;sea;false;ocean;0
11891;26;8;45;sea;true;ocean;0
11892;7;32;24;sea;false;ocean;0
11893;25;3;35;sea;false;ocean;0
11894;37;8;24;sea;false;ocean;0
11895;26;33;7;sea;true;ocean;0
11896;1;57;0;sea;false;ocean;0
11897;15;15;7;sea;false;ocean;0
11898;3;4;44;sea;false;ocean;0
11899;4;31;4;sea;false;ocean;0
11900;61;11;6;sea;true;ocean;0
11901;60;15;9;sea;false;ocean;0
11902;1;91;7;sea;false;ocean;0
11903;13;8;31;sea;false;ocean;0
11904;10;35;44;sea;true;ocean;0
11905;3;87;5;sea;false;ocean;0
11906;22;11;64;sea;false;ocean;0
11907;40;40;1;sea;false;ocean;0
11908;7;25;45;sea;true;ocean;0
11909;17;61;10;sea;false;ocean;0
11910;62;21;2;sea;true;ocean;0
11911;16;33;18;sea;false;ocean;0
11912;14;5;50;sea;false;ocean;0
11913;17;1;28;sea;false;ocean;0
11914;44;13;36;sea;true;ocean;0
11915;4;3;80;sea;false;ocean;0
11916;12;35;46;sea;true;ocean;0
11917;56;5;32;sea;false;ocean;0
11918;4;48;34;sea;false;ocean;0
11919;47;1;45;sea;false;ocean;0
11920;20;32;32;sea;false;ocean;0
11921;60;21;12;sea;false;ocean;0
11922;26;41;16;sea;true;ocean;0
11923;22;0;33;sea;false;ocean;0
11924;37;28;15;sea;false;ocean;0
11925;22;55;3;sea;false;ocean;0
11926;8;73;1;sea;false;ocean;0
11927;29;4;31;sea;false;ocean;0
11928;4;66;19;sea;false;ocean;0
11929;74;14;2;sea;false;ocean;0
11930;7;68;15;sea;true;ocean;2
11931;9;19;38;sea;false;ocean;0
11932;42;2;5;sea;true;ocean;0
11933;41;1;8;sea;true;ocean;0
11934;24;32;27;sea;true;ocean;0
11935;11;4;8;sea;false;ocean;0
11936;19;28;47;sea;false;ocean;0
11937;10;68;3;sea;false;ocean;0
11938;10;73;16;sea;false;ocean;0
11939;30;55;3;sea;false;ocean;0
11940;17;8;10;sea;true;ocean;0
11941;19;8;54;sea;false;ocean;0
11942;59;15;21;sea;false;ocean;0
11943;38;4;53;sea;false;ocean;0
11944;22;8;53;sea;false;ocean;0
11945;5;39;30;sea;false;ocean;0
11946;42;12;27;sea;false;ocean;0
11947;10;13;51;sea;false;ocean;0
11948;52;10;24;sea;false;ocean;0
11949;9;19;7;sea;true;ocean;0
11950;16;2;41;sea;false;ocean;0
11951;34;11;31;sea;true;ocean;0
11952;2;10;8;sea;true;ocean;0
11953;4;88;0;sea;false;ocean;0
11954;3;8;60;sea;false;ocean;0
11955;6;20;73;sea;true;ocean;0
11956;6;3;28;sea;false;ocean;0
11957;13;33;47;sea;false;ocean;0
11958;16;44;23;sea;false;ocean;0
11959;13;20;56;sea;false;ocean;0
11960;26;8;4;sea;false;ocean;0
11961;17;9;64;sea;false;ocean;0
11962;11;56;9;sea;true;ocean;0
11963;1;35;29;sea;false;ocean;0
11964;3;7;56;sea;true;ocean;0
11965;11;70;17;sea;true;ocean;0
11966;49;20;29;sea;false;ocean;0
11967;8;13;28;sea;false;ocean;0
11968;22;17;50;sea;false;ocean;0
11969;10;54;31;sea;false;ocean;0
11970;43;3;3;sea;false;ocean;0
11971;32;43;0;sea;false;ocean;0
11972;7;33;32;sea;false;ocean;0
11973;26;30;41;sea;false;ocean;0
11974;28;23;14;sea;true;ocean;0
11975;36;17;10;sea;false;ocean;0
11976;19;6;30;sea;true;ocean;0
11977;15;17;56;sea;false;ocean;0
11978;56;0;19;sea;true;ocean;0
11979;13;20;49;sea;false;ocean;0
11980;36;14;44;sea;true;ocean;0
11981;65;12;6;sea;false;ocean;0
11982;7;60;5;sea;false;ocean;0
11983;38;0;30;sea;false;ocean;0
11984;14;57;9;sea;false;ocean;0
11985;37;20;21;sea;false;ocean;0
11986;7;4;4;sea;false;ocean;0
11987;3;10;29;sea;false;ocean;0
11988;36;35;0;sea;false;ocean;0
11989;0;83;12;sea;false;ocean;0
11990;3;77;10;sea;false;ocean;0
11991;83;0;6;sea;false;ocean;0
11992;21;2;28;sea;true;ocean;0
11993;8;29;19;sea;false;ocean;0
11994;24;23;6;sea;false;ocean;0
11995;23;11;9;sea;false;ocean;0
11996;87;3;8;sea;false;ocean;0
11997;27;11;60;sea;false;ocean;0
11998;20;12;53;sea;false;ocean;0
11999;22;14;52;sea;false;ocean;0
12000;52;24;5;sea;false;ocean;0
12001;43;40;8;sea;false;ocean;0
12002;59;22;11;sea;true;ocean;0
12003;27;9;46;sea;true;ocean;0
12004;10;49;9;sea;false;ocean;0
12005;45;10;8;sea;false;ocean;0
12006;42;27;12;sea;false;ocean;0
12007;21;37;32;sea;false;ocean;0
12008;46;24;18;sea;false;ocean;0
12009;42;39;16;sea;false;ocean;0
12010;9;18;16;sea;false;ocean;0
12011;68;16;0;sea;false;ocean;0
12012;55;1;15;sea;false;ocean;0
12013;7;68;5;sea;true;ocean;0
12014;9;13;33;sea;false;ocean;0
12015;3;16;5;sea;false;ocean;0
12016;4;4;41;sea;true;ocean;0
12017;26;58;9;sea;false;ocean;0
12018;40;49;10;sea;true;ocean;0
12019;47;14;17;sea;false;ocean;0
12020;6;75;7;sea;false;ocean;0
12021;45;37;3;sea;false;ocean;0
12022;34;0;44;sea;true;ocean;0
12023;1;23;54;sea;false;ocean;0
12024;41;50;8;sea;false;ocean;0
12025;0;48;23;sea;false;ocean;0
12026;54;8;32;sea;false;ocean;0
12027;14;5;46;sea;false;ocean;0
12028;19;39;3;sea;false;ocean;0
12029;37;17;10;sea;true;ocean;0
12030;25;49;24;sea;false;ocean;0
12031;32;29;15;sea;false;ocean;0
12032;7;28;61;sea;false;ocean;0
12033;63;0;19;sea;true;ocean;0
12034;1;38;31;sea;false;ocean;0
12035;21;9;16;sea;false;ocean;0
12036;7;9;29;sea;false;ocean;0
12037;16;64;19;sea;false;ocean;0
12038;15;33;16;sea;false;ocean;0
12039;2;3;20;sea;true;ocean;0
12040;63;2;12;sea;false;ocean;0
12041;39;17;5;sea;false;ocean;0
12042;73;6;16;sea;false;ocean;0
12043;38;20;40;sea;false;ocean;0
12044;7;0;21;sea;false;ocean;0
12045;5;9;47;sea;true;ocean;0
12046;24;21;36;sea;false;ocean;0
12047;20;36;18;sea;false;ocean;0
12048;62;19;12;sea;false;ocean;0
12049;40;7;20;sea;false;ocean;0
12050;26;43;17;sea;false;ocean;0
12051;6;18;68;sea;false;ocean;0
12052;7;46;46;sea;false;ocean;0
12053;2;58;13;sea;false;ocean;0
12054;10;16;42;sea;true;ocean;0
12055;42;0;29;sea;false;ocean;0
12056;61;19;11;sea;false;ocean;0
12057;19;29;18;sea;true;ocean;0
12058;67;0;28;sea;false;ocean;0
12059;52;2;15;sea;false;ocean;0
12060;12;9;32;sea;false;ocean;0
12061;14;20;21;sea;false;ocean;0
12062;13;39;1;sea;false;ocean;0
12063;0;1;60;sea;false;ocean;0
12064;49;23;8;sea;false;ocean;0
12065;42;50;4;sea;false;ocean;0
12066;36;24;8;sea;false;ocean;0
12067;39;1;33;sea;false;ocean;0
12068;18;3;20;sea;false;ocean;0
12069;34;29;22;sea;false;ocean;0
12070;1;49;23;sea;false;ocean;0
12071;15;49;32;sea;false;ocean;0
12072;12;7;74;sea;false;ocean;0
12073;54;11;5;sea;false;ocean;0
12074;1;0;55;sea;false;ocean;0
12075;4;24;19;sea;true;ocean;0
12076;0;27;27;sea;false;ocean;0
12077;74;0;1;sea;false;ocean;0
12078;6;43;39;sea;false;ocean;0
12079;4;4;52;sea;true;ocean;0
12080;2;59;18;sea;false;ocean;0
12081;3;49;8;sea;false;ocean;0
12082;5;52;34;sea;false;ocean;0
12083;26;33;39;sea;true;ocean;0
12084;5;31;30;sea;false;ocean;0
12085;70;1;9;sea;false;ocean;0
12086;72;16;6;sea;true;ocean;0
12087;19;31;28;sea;false;ocean;0
12088;56;12;7;sea;true;ocean;0
12089;3;88;7;sea;false;ocean;0
12090;1;50;15;sea;true;ocean;0
12091;0;42;39;sea;true;ocean;2
12092;4;8;2;sea;false;ocean;0
12093;2;3;26;sea;false;ocean;0
12094;4;0;8;sea;false;ocean;0
12095;43;6;12;sea;false;ocean;0
12096;13;14;46;sea;false;ocean;0
12097;32;7;10;sea;false;ocean;0
12098;23;13;60;sea;false;ocean;0
12099;15;19;11;sea;false;ocean;0
12100;17;30;25;sea;false;ocean;0
12101;27;6;10;sea;false;ocean;0
12102;78;0;5;sea;false;ocean;0
12103;9;5;4;sea;false;ocean;0
12104;20;39;26;sea;true;ocean;0
12105;43;34;2;sea;false;ocean;0
12106;48;20;18;sea;false;ocean;0
12107;16;22;17;sea;false;ocean;0
12108;53;29;13;sea;true;ocean;0
12109;38;1;54;sea;false;ocean;0
12110;8;18;2;sea;false;ocean;0
12111;68;6;20;sea;false;ocean;0
12112;15;2;49;sea;true;ocean;0
12113;28;8;18;sea;false;ocean;0
12114;31;1;49;sea;false;ocean;0
12115;31;9;18;sea;false;ocean;0
12116;76;8;6;sea;false;ocean;0
12117;4;2;42;sea;false;ocean;0
12118;80;10;2;sea;true;ocean;0
12119;8;3;26;sea;false;ocean;0
12120;10;50;23;sea;false;ocean;0
12121;10;41;30;sea;false;ocean;0
12122;4;10;4;sea;false;ocean;0
12123;6;43;30;sea;false;ocean;0
12124;60;2;6;sea;false;ocean;0
12125;43;23;20;sea;false;ocean;0
12126;4;10;58;sea;false;ocean;0
12127;17;2;8;sea;false;ocean;0
12128;18;24;17;sea;true;ocean;0
12129;31;33;26;sea;false;ocean;0
12130;2;14;29;sea;false;ocean;0
12131;22;27;48;sea;false;ocean;0
12132;8;8;26;sea;false;ocean;0
12133;41;8;23;sea;false;ocean;0
12134;64;5;14;sea;false;ocean;0
12135;31;41;17;sea;false;ocean;0
12136;6;3;41;sea;false;ocean;0
12137;19;21;6;sea;false;ocean;0
12138;15;29;34;sea;false;ocean;0
12139;43;20;5;sea;false;ocean;0
12140;5;14;24;sea;false;ocean;0
12141;54;0;22;sea;false;ocean;0
12142;10;19;15;sea;false;ocean;0
12143;33;13;13;sea;true;ocean;0
12144;10;47;7;sea;false;ocean;0
12145;50;5;38;sea;true;ocean;0
12146;18;52;11;sea;false;ocean;0
12147;82;13;1;sea;false;ocean;0
12148;24;11;27;sea;false;ocean;0
12149;51;48;0;sea;false;ocean;0
12150;32;6;41;sea;true;ocean;0
12151;0;9;70;sea;false;ocean;0
12152;15;6;39;sea;false;ocean;0
12153;19;8;6;sea;false;ocean;0
12154;63;7;18;sea;false;ocean;0
12155;39;25;30;sea;false;ocean;0
12156;3;45;16;sea;false;ocean;0
12157;22;25;7;sea;false;ocean;0
12158;9;11;7;sea;true;ocean;0
12159;10;10;10;sea;false;ocean;0
12160;54;7;3;sea;false;ocean;0
12161;29;61;8;sea;false;ocean;0
12162;34;15;43;sea;false;ocean;0
12163;51;9;38;sea;false;ocean;0
12164;15;54;2;sea;false;ocean;0
12165;6;9;11;sea;false;ocean;0
12166;50;11;31;sea;false;ocean;0
12167;3;53;14;sea;false;ocean;0
12168;58;8;14;sea;true;ocean;0
12169;24;3;60;sea;false;ocean;0
12170;20;21;54;sea;false;ocean;0
12171;52;5;17;sea;false;ocean;0
12172;34;13;43;sea;false;ocean;0
12173;8;20;36;sea;false;ocean;0
12174;20;8;8;sea;false;ocean;0
12175;30;33;19;sea;true;ocean;0
12176;3;23;71;sea;false;ocean;0
12177;27;10;0;sea;false;ocean;0
12178;31;10;50;sea;false;ocean;0
12179;0;12;8;sea;false;ocean;0
12180;40;9;18;sea;false;ocean;0
12181;72;15;1;sea;false;ocean;0
12182;19;67;11;sea;false;ocean;0
12183;40;32;23;sea;false;ocean;0
12184;75;7;3;sea;false;ocean;0
12185;39;5;40;sea;false;ocean;0
12186;18;22;20;sea;false;ocean;0
12187;45;31;16;sea;true;ocean;6
12188;3;80;13;sea;false;ocean;0
12189;2;48;38;sea;false;ocean;0
12190;2;3;27;sea;true;ocean;0
12191;80;10;4;sea;false;ocean;0
12192;5;19;38;sea;false;ocean;0
12193;8;6;7;sea;false;ocean;0
12194;1;40;33;sea;false;ocean;0
12195;11;10;46;sea;true;ocean;0
12196;9;35;39;sea;false;ocean;0
12197;54;13;9;sea;false;ocean;0
12198;1;32;34;sea;false;ocean;0
12199;23;10;27;sea;false;ocean;0
12200;42;4;48;sea;false;ocean;0
12201;26;17;11;sea;false;ocean;0
12202;15;1;3;sea;true;ocean;0
12203;18;34;22;sea;false;ocean;0
12204;65;9;8;sea;false;ocean;0
12205;12;66;2;sea;false;ocean;0
12206;15;17;21;sea;true;ocean;0
12207;40;22;28;sea;false;ocean;0
12208;14;31;22;sea;false;ocean;0
12209;36;49;13;sea;false;ocean;0
12210;44;6;22;sea;false;ocean;0
12211;21;5;13;sea;true;ocean;0
12212;9;55;7;sea;false;ocean;0
12213;1;52;5;sea;false;ocean;0
12214;43;17;15;sea;false;ocean;0
12215;47;0;13;sea;false;ocean;0
12216;5;88;4;sea;true;ocean;0
12217;36;2;26;sea;false;ocean;0
12218;48;19;21;sea;false;ocean;0
12219;21;69;5;sea;false;ocean;0
12220;14;32;36;sea;true;ocean;0
12221;25;40;24;sea;false;ocean;0
12222;13;56;16;sea;false;ocean;0
12223;57;25;9;sea;false;ocean;0
12224;15;71;1;sea;false;ocean;0
12225;3;80;10;sea;false;ocean;0
12226;23;6;51;sea;false;ocean;0
12227;51;4;9;sea;false;ocean;0
12228;34;5;18;sea;false;ocean;0
12229;54;5;10;sea;true;ocean;0
12230;11;15;72;sea;false;ocean;0
12231;25;22;14;sea;false;ocean;0
12232;25;68;4;sea;false;ocean;0
12233;12;31;32;sea;true;ocean;0
12234;31;56;11;sea;false;ocean;0
12235;39;46;5;sea;false;ocean;0
12236;6;9;49;sea;true;ocean;0
12237;15;31;33;sea;false;ocean;0
12238;35;48;1;sea;false;ocean;0
12239;26;18;15;sea;false;ocean;0
12240;15;18;55;sea;true;ocean;0
12241;5;56;9;sea;false;ocean;0
12242;39;32;24;sea;false;ocean;0
12243;1;28;25;sea;false;ocean;0
12244;0;83;14;sea;false;ocean;0
12245;1;29;36;sea;false;ocean;0
12246;14;21;0;sea;false;ocean;0
12247;39;0;22;sea;false;ocean;0
12248;17;20;16;sea;false;ocean;0
12249;34;30;35;sea;true;ocean;0
12250;25;15;24;sea;false;ocean;0
12251;7;21;40;sea;false;ocean;0
12252;40;11;9;sea;false;ocean;0
12253;41;40;11;sea;false;ocean;0
12254;12;7;0;sea;false;ocean;0
12255;11;9;1;sea;false;ocean;0
12256;52;33;3;sea;false;ocean;0
12257;29;21;35;sea;false;ocean;0
12258;0;31;62;sea;true;ocean;0
12259;22;20;7;sea;false;ocean;0
12260;14;40;42;sea;false;ocean;0
12261;9;46;33;sea;false;ocean;0
12262;1;23;48;sea;true;ocean;0
12263;37;6;13;sea;false;ocean;0
12264;30;5;48;sea;false;ocean;0
12265;65;8;22;sea;false;ocean;0
12266;9;55;1;sea;false;ocean;0
12267;31;24;35;sea;true;ocean;0
12268;39;11;49;sea;false;ocean;0
12269;44;7;27;sea;true;ocean;0
12270;0;15;68;sea;false;ocean;0
12271;26;7;66;sea;false;ocean;0
12272;3;78;1;sea;true;ocean;0
12273;17;72;4;sea;false;ocean;0
12274;15;21;2;sea;false;ocean;0
12275;8;7;26;sea;false;ocean;0
12276;33;35;8;sea;false;ocean;0
12277;39;2;49;sea;false;ocean;0
12278;8;11;1;sea;false;ocean;0
12279;24;1;24;sea;false;ocean;0
12280;47;6;32;sea;false;ocean;0
12281;53;40;6;sea;true;ocean;0
12282;24;13;62;sea;false;ocean;0
12283;19;21;29;sea;false;ocean;0
12284;17;13;58;sea;false;ocean;0
12285;8;59;17;sea;false;ocean;0
12286;4;3;27;sea;false;ocean;0
12287;4;10;33;sea;false;ocean;0
12288;1;58;21;sea;false;ocean;0
12289;3;36;6;sea;false;ocean;0
12290;13;22;44;sea;false;ocean;0
12291;3;51;2;sea;false;ocean;0
12292;30;28;8;sea;false;ocean;0
12293;10;15;12;sea;false;ocean;0
12294;45;7;9;sea;true;ocean;0
12295;63;5;13;sea;false;ocean;0
12296;22;8;12;sea;false;ocean;0
12297;49;19;13;sea;true;ocean;0
12298;19;24;8;sea;false;ocean;0
12299;11;20;14;sea;false;ocean;0
12300;1;15;68;sea;false;ocean;0
12301;71;1;26;sea;true;ocean;0
12302;71;3;13;sea;false;ocean;0
12303;65;11;11;sea;true;ocean;0
12304;6;9;83;sea;false;ocean;0
12305;6;61;10;sea;false;ocean;0
12306;14;41;1;sea;false;ocean;0
12307;18;23;52;sea;true;ocean;0
12308;27;11;8;sea;false;ocean;0
12309;1;18;36;sea;true;ocean;0
12310;17;14;11;sea;false;ocean;0
12311;1;71;7;sea;false;ocean;0
12312;24;18;2;sea;false;ocean;0
12313;3;23;13;sea;false;ocean;0
12314;56;26;8;sea;false;ocean;0
12315;47;0;7;sea;false;ocean;0
12316;11;72;4;sea;false;ocean;0
12317;20;26;35;sea;false;ocean;0
12318;17;9;65;sea;true;ocean;0
12319;19;30;20;sea;false;ocean;0
12320;38;1;26;sea;false;ocean;0
12321;33;20;31;sea;false;ocean;0
12322;12;21;37;sea;false;ocean;0
12323;14;42;33;sea;false;ocean;0
12324;56;4;5;sea;false;ocean;0
12325;2;15;53;sea;true;ocean;0
12326;48;3;22;sea;false;ocean;0
12327;10;22;42;sea;false;ocean;0
12328;49;17;0;sea;false;ocean;0
12329;45;24;7;sea;true;ocean;0
12330;4;25;37;sea;false;ocean;0
12331;6;71;10;sea;false;ocean;0
12332;0;18;42;sea;true;ocean;0
12333;23;52;14;sea;true;ocean;0
12334;20;1;66;sea;false;ocean;0
12335;67;2;27;sea;false;ocean;0
12336;0;38;6;sea;false;ocean;0
12337;8;75;6;sea;true;ocean;0
12338;56;4;31;sea;true;ocean;0
12339;52;5;13;sea;true;ocean;0
12340;1;29;21;sea;false;ocean;0
12341;15;11;23;sea;false;ocean;0
12342;45;46;1;sea;false;ocean;0
12343;63;22;4;sea;false;ocean;0
12344;24;19;13;sea;true;ocean;0
12345;15;30;29;sea;false;ocean;0
12346;24;15;39;sea;false;ocean;0
12347;7;41;1;sea;false;ocean;0
12348;4;51;30;sea;false;ocean;0
12349;11;45;42;sea;false;ocean;0
12350;6;16;10;sea;false;ocean;0
12351;60;7;32;sea;true;ocean;0
12352;49;11;29;sea;false;ocean;0
12353;25;25;22;sea;false;ocean;0
12354;42;6;42;sea;true;ocean;0
12355;0;55;0;sea;false;ocean;0
12356;49;19;26;sea;false;ocean;0
12357;28;10;45;sea;false;ocean;0
12358;38;16;19;sea;true;ocean;0
12359;13;69;12;sea;false;ocean;0
12360;9;50;13;sea;false;ocean;0
12361;4;27;68;sea;true;ocean;0
12362;17;46;3;sea;false;ocean;0
12363;31;35;17;sea;false;ocean;0
12364;7;79;6;sea;false;ocean;0
12365;8;13;74;sea;false;ocean;0
12366;9;15;1;sea;true;ocean;0
12367;2;41;52;sea;false;ocean;0
12368;18;35;4;sea;false;ocean;0
12369;69;3;17;sea;true;ocean;0
12370;66;6;23;sea;false;ocean;0
12371;27;21;5;sea;false;ocean;0
12372;11;19;39;sea;false;ocean;0
12373;20;9;43;sea;false;ocean;0
12374;47;34;16;sea;false;ocean;0
12375;39;19;31;sea;false;ocean;0
12376;28;59;10;sea;false;ocean;0
12377;47;42;5;sea;false;ocean;0
12378;7;51;9;sea;false;ocean;0
12379;0;13;8;sea;false;ocean;0
12380;4;6;81;sea;true;ocean;0
12381;5;68;24;sea;false;ocean;0
12382;61;16;18;sea;false;ocean;0
12383;20;27;3;sea;false;ocean;0
12384;47;31;13;sea;false;ocean;0
12385;36;8;44;sea;false;ocean;0
12386;23;1;63;sea;true;ocean;0
12387;16;17;12;sea;false;ocean;0
12388;8;73;14;sea;false;ocean;0
12389;45;36;5;sea;true;ocean;0
12390;21;32;35;sea;true;ocean;0
12391;79;14;2;sea;false;ocean;0
12392;24;63;1;sea;false;ocean;0
12393;12;53;4;sea;true;ocean;0
12394;19;30;45;sea;true;ocean;0
12395;7;11;43;sea;false;ocean;0
12396;55;9;29;sea;true;ocean;0
12397;13;14;27;sea;false;ocean;0
12398;5;2;20;sea;false;ocean;0
12399;66;14;17;sea;false;ocean;0
12400;59;1;0;sea;false;ocean;0
12401;33;40;11;sea;true;ocean;0
12402;22;36;41;sea;false;ocean;0
12403;6;24;18;sea;false;ocean;0
12404;8;20;21;sea;false;ocean;0
12405;13;31;26;sea;false;ocean;0
12406;6;3;77;sea;false;ocean;0
12407;35;7;34;sea;false;ocean;0
12408;26;51;4;sea;true;ocean;0
12409;26;24;31;sea;true;ocean;0
12410;43;20;17;sea;false;ocean;0
12411;13;19;7;sea;true;ocean;0
12412;24;31;18;sea;false;ocean;0
12413;47;4;45;sea;false;ocean;0
12414;37;20;1;sea;true;ocean;0
12415;5;20;36;sea;false;ocean;0
12416;39;2;50;sea;false;ocean;0
12417;1;70;14;sea;false;ocean;0
12418;7;39;32;sea;false;ocean;0
12419;6;14;3;sea;true;ocean;0
12420;27;17;14;sea;false;ocean;0
12421;26;5;44;sea;false;ocean;0
12422;41;32;14;sea;false;ocean;0
12423;30;1;40;sea;false;ocean;0
12424;13;38;46;sea;false;ocean;0
12425;29;5;6;sea;false;ocean;0
12426;51;7;9;sea;true;ocean;0
12427;31;59;3;sea;true;ocean;0
12428;25;49;21;sea;false;ocean;0
12429;4;7;15;sea;false;ocean;0
12430;17;77;5;sea;false;ocean;0
12431;81;1;8;sea;false;ocean;0
12432;3;55;2;sea;false;ocean;0
12433;24;31;29;sea;false;ocean;0
12434;0;37;14;sea;false;ocean;0
12435;24;20;40;sea;false;ocean;0
12436;2;4;48;sea;false;ocean;0
12437;63;0;22;sea;true;ocean;0
12438;1;4;93;sea;false;ocean;0
12439;6;20;39;sea;false;ocean;0
12440;16;10;73;sea;true;ocean;0
12441;45;1;22;sea;false;ocean;0
12442;59;3;22;sea;false;ocean;0
12443;61;18;11;sea;true;ocean;0
12444;24;9;65;sea;true;ocean;0
12445;5;56;36;sea;true;ocean;0
12446;15;3;50;sea;false;ocean;0
12447;9;58;13;sea;false;ocean;0
12448;15;43;11;sea;false;ocean;0
12449;13;22;32;sea;true;ocean;0
12450;44;45;4;sea;false;ocean;0
12451;27;46;23;sea;false;ocean;0
12452;3;47;34;sea;true;ocean;0
12453;1;76;7;sea;false;ocean;0
12454;50;8;39;sea;false;ocean;0
12455;39;6;48;sea;false;ocean;0
12456;43;0;8;sea;false;ocean;0
12457;52;18;6;sea;true;ocean;0
12458;4;39;43;sea;false;ocean;0
12459;6;44;21;sea;true;ocean;0
12460;34;43;14;sea;false;ocean;0
12461;29;31;3;sea;true;ocean;0
12462;3;9;21;sea;false;ocean;0
12463;14;25;26;sea;false;ocean;0
12464;44;32;9;sea;false;ocean;0
12465;28;35;35;sea;false;ocean;0
12466;45;6;38;sea;false;ocean;0
12467;27;5;52;sea;true;ocean;0
12468;40;40;0;sea;true;ocean;0
12469;0;84;13;sea;false;ocean;0
12470;53;21;14;sea;true;ocean;0
12471;4;24;70;sea;false;ocean;0
12472;62;3;20;sea;false;ocean;0
12473;1;82;8;sea;true;ocean;0
12474;4;6;27;sea;true;ocean;0
12475;8;29;8;sea;false;ocean;0
12476;36;34;0;sea;false;ocean;0
12477;19;30;36;sea;true;ocean;0
12478;33;12;49;sea;false;ocean;0
12479;2;25;61;sea;false;ocean;0
12480;62;13;4;sea;false;ocean;0
12481;39;55;3;sea;false;ocean;0
12482;10;4;32;sea;false;ocean;0
12483;2;24;56;sea;false;ocean;0
12484;53;4;18;sea;false;ocean;0
12485;8;2;87;sea;true;ocean;0
12486;5;31;63;sea;false;ocean;0
12487;36;49;4;sea;true;ocean;0
12488;19;0;38;sea;false;ocean;0
12489;1;80;16;sea;false;ocean;0
12490;27;29;15;sea;false;ocean;0
12491;15;24;32;sea;true;ocean;0
12492;37;41;4;sea;true;ocean;0
12493;5;21;25;sea;false;ocean;0
12494;43;28;6;sea;true;ocean;0
12495;1;44;31;sea;true;ocean;0
12496;43;29;9;sea;false;ocean;0
12497;12;0;79;sea;false;ocean;0
12498;8;5;66;sea;false;ocean;0
12499;1;90;6;sea;true;ocean;0
12500;1;64;10;sea;false;ocean;0
12501;4;87;3;sea;true;ocean;0
12502;7;18;30;sea;true;ocean;0
12503;47;18;27;sea;true;ocean;0
12504;25;37;29;sea;true;ocean;0
12505;55;10;9;sea;false;ocean;0
12506;15;51;29;sea;false;ocean;0
12507;11;20;68;sea;false;ocean;0
12508;3;25;53;sea;false;ocean;0
12509;29;41;23;sea;false;ocean;0
12510;5;25;56;sea;false;ocean;0
12511;61;16;16;sea;false;ocean;0
12512;35;57;4;sea;false;ocean;0
12513;35;29;22;sea;true;ocean;0
12514;4;10;62;sea;false;ocean;0
12515;12;8;31;sea;false;ocean;0
12516;12;58;18;sea;false;ocean;0
12517;67;15;10;sea;false;ocean;0
12518;23;53;9;sea;true;ocean;5
12519;29;25;43;sea;false;ocean;0
12520;47;18;30;sea;false;ocean;0
12521;12;17;6;sea;false;ocean;0
12522;15;43;39;sea;true;ocean;0
12523;36;22;33;sea;false;ocean;0
12524;40;12;13;sea;false;ocean;0
12525;32;30;22;sea;false;ocean;0
12526;11;22;50;sea;false;ocean;0
12527;8;2;61;sea;false;ocean;0
12528;62;6;15;sea;false;ocean;0
12529;1;1;34;sea;true;ocean;0
12530;67;4;1;sea;true;ocean;0
12531;14;20;50;sea;false;ocean;0
12532;10;15;5;sea;false;ocean;0
12533;7;42;42;sea;false;ocean;0
12534;55;26;5;sea;false;ocean;0
12535;2;39;51;sea;false;ocean;0
12536;14;6;24;sea;true;ocean;0
12537;3;7;29;sea;false;ocean;0
12538;14;30;11;sea;false;ocean;0
12539;24;27;39;sea;false;ocean;0
12540;60;10;18;sea;true;ocean;0
12541;30;13;27;sea;false;ocean;0
12542;13;5;28;sea;false;ocean;0
12543;28;25;3;sea;false;ocean;0
12544;26;9;34;sea;true;ocean;0
12545;24;23;32;sea;true;ocean;0
12546;55;8;18;sea;true;ocean;0
12547;13;8;53;sea;false;ocean;0
12548;2;52;20;sea;false;ocean;0
12549;9;9;26;sea;false;ocean;0
12550;6;73;11;sea;false;ocean;0
12551;10;40;46;sea;false;ocean;0
12552;22;7;36;sea;false;ocean;0
12553;36;11;10;sea;false;ocean;0
12554;10;10;16;sea;true;ocean;0
12555;13;15;61;sea;true;ocean;0
12556;23;3;63;sea;false;ocean;0
12557;75;16;2;sea;false;ocean;0
12558;11;81;3;sea;false;ocean;0
12559;2;35;18;sea;true;ocean;0
12560;11;45;27;sea;false;ocean;0
12561;35;7;43;sea;false;ocean;0
12562;6;2;12;sea;false;ocean;0
12563;33;3;0;sea;false;ocean;0
12564;6;13;0;sea;false;ocean;0
12565;48;0;10;sea;false;ocean;0
12566;6;17;3;sea;false;ocean;0
12567;20;18;39;sea;true;ocean;0
12568;15;4;17;sea;false;ocean;0
12569;45;43;10;sea;false;ocean;0
12570;9;12;27;sea;true;ocean;0
12571;18;71;5;sea;true;ocean;0
12572;46;37;5;sea;false;ocean;0
12573;11;65;1;sea;false;ocean;0
12574;4;69;23;sea;true;ocean;0
12575;35;6;14;sea;false;ocean;0
12576;32;34;27;sea;false;ocean;0
12577;4;20;38;sea;true;ocean;0
12578;10;25;18;sea;false;ocean;0
12579;48;20;10;sea;false;ocean;0
12580;34;48;9;sea;true;ocean;0
12581;14;40;35;sea;false;ocean;0
12582;27;9;50;sea;false;ocean;0
12583;16;2;23;sea;true;ocean;0
12584;6;50;33;sea;true;ocean;0
12585;7;32;19;sea;false;ocean;0
12586;36;51;5;sea;false;ocean;0
12587;19;36;39;sea;false;ocean;0
12588;5;29;42;sea;false;ocean;0
12589;4;35;17;sea;false;ocean;0
12590;9;33;14;sea;false;ocean;0
12591;62;7;22;sea;false;ocean;0
12592;19;40;28;sea;false;ocean;0
12593;48;3;31;sea;false;ocean;0
12594;5;43;47;sea;false;ocean;0
12595;28;14;35;sea;true;ocean;0
12596;64;13;17;sea;false;ocean;0
12597;4;15;80;sea;false;ocean;0
12598;4;22;24;sea;false;ocean;0
12599;49;3;28;sea;true;ocean;0
12600;0;18;76;sea;false;ocean;0
12601;15;38;31;sea;false;ocean;0
12602;0;28;12;sea;true;ocean;0
12603;26;5;36;sea;false;ocean;0
12604;19;25;43;sea;false;ocean;0
12605;14;1;50;sea;false;ocean;0
12606;41;17;34;sea;false;ocean;0
12607;4;53;38;sea;false;ocean;0
12608;3;35;60;sea;true;ocean;0
12609;5;19;69;sea;false;ocean;0
12610;1;27;65;sea;false;ocean;0
12611;7;43;2;sea;false;ocean;0
12612;1;8;56;sea;false;ocean;0
12613;35;23;16;sea;false;ocean;0
12614;34;25;2;sea;false;ocean;0
12615;12;6;68;sea;true;ocean;0
12616;7;10;57;sea;false;ocean;0
12617;13;33;12;sea;false;ocean;0
12618;54;7;7;sea;false;ocean;0
12619;30;6;44;sea;false;ocean;0
12620;23;8;20;sea;true;ocean;0
12621;6;68;6;sea;false;ocean;0
12622;6;29;49;sea;true;ocean;0
12623;0;63;30;sea;false;ocean;0
12624;49;3;47;sea;false;ocean;0
12625;19;7;50;sea;false;ocean;0
12626;24;8;61;sea;false;ocean;0
12627;12;20;61;sea;false;ocean;0
12628;1;47;11;sea;false;ocean;0
12629;38;6;34;sea;false;ocean;0
12630;3;59;30;sea;false;ocean;0
12631;83;3;13;sea;false;ocean;0
12632;32;13;2;sea;false;ocean;0
12633;37;0;46;sea;false;ocean;0
12634;61;13;2;sea;true;ocean;0
12635;16;26;41;sea;false;ocean;0
12636;44;6;44;sea;false;ocean;0
12637;30;34;16;sea;false;ocean;0
12638;11;71;11;sea;false;ocean;0
12639;18;79;1;sea;false;ocean;0
12640;21;37;41;sea;false;ocean;0
12641;15;27;33;sea;false;ocean;0
12642;8;62;12;sea;true;ocean;0
12643;51;15;0;sea;false;ocean;0
12644;6;65;17;sea;false;ocean;0
12645;4;32;17;sea;false;ocean;0
12646;17;46;15;sea;true;ocean;0
12647;21;7;61;sea;true;ocean;0
12648;8;14;12;sea;false;ocean;0
12649;22;26;37;sea;false;ocean;0
12650;2;19;50;sea;false;ocean;0
12651;20;27;6;sea;false;ocean;0
12652;20;55;21;sea;false;ocean;0
12653;3;3;43;sea;false;ocean;0
12654;76;8;14;sea;false;ocean;0
12655;13;72;8;sea;true;ocean;0
12656;54;4;41;sea;true;ocean;0
12657;15;24;5;sea;false;ocean;0
12658;16;53;25;sea;false;ocean;0
12659;6;40;25;sea;false;ocean;0
12660;24;3;56;sea;true;ocean;0
12661;10;61;12;sea;false;ocean;0
12662;41;8;43;sea;false;ocean;0
12663;33;35;6;sea;false;ocean;0
12664;12;17;59;sea;false;ocean;0
12665;58;18;16;sea;true;ocean;0
12666;10;37;46;sea;false;ocean;5
12667;18;9;7;sea;false;ocean;0
12668;58;5;14;sea;false;ocean;0
12669;0;15;33;sea;false;ocean;0
12670;22;9;29;sea;false;ocean;0
12671;31;16;13;sea;false;ocean;0
12672;0;69;7;sea;false;ocean;0
12673;38;3;36;sea;false;ocean;0
12674;42;2;18;sea;false;ocean;0
12675;27;33;37;sea;false;ocean;0
12676;3;26;19;sea;true;ocean;0
12677;32;3;42;sea;false;ocean;0
12678;20;0;11;sea;false;ocean;0
12679;40;53;0;sea;false;ocean;0
12680;36;32;9;sea;false;ocean;0
12681;39;17;41;sea;false;ocean;0
12682;49;3;31;sea;false;ocean;0
12683;26;21;34;sea;false;ocean;0
12684;3;83;9;sea;false;ocean;0
12685;66;0;32;sea;false;ocean;0
12686;30;16;52;sea;false;ocean;0
12687;7;56;35;sea;true;ocean;0
12688;5;10;28;sea;true;ocean;0
12689;9;6;74;sea;false;ocean;0
12690;25;14;45;sea;false;ocean;0
12691;38;46;2;sea;false;ocean;0
12692;37;2;46;sea;false;ocean;0
12693;35;23;4;sea;false;ocean;0
12694;61;6;18;sea;false;ocean;0
12695;15;17;13;sea;true;ocean;0
12696;53;36;4;sea;false;ocean;0
12697;20;64;1;sea;false;ocean;0
12698;33;3;46;sea;true;ocean;0
12699;5;15;19;sea;false;ocean;0
12700;9;10;24;sea;false;ocean;0
12701;56;4;11;sea;false;ocean;0
12702;2;39;39;sea;false;ocean;0
12703;78;0;10;sea;true;ocean;0
12704;36;27;23;sea;false;ocean;0
12705;37;42;20;sea;false;ocean;0
12706;26;1;43;sea;false;ocean;0
12707;28;8;53;sea;false;ocean;0
12708;2;47;31;sea;true;ocean;0
12709;13;17;55;sea;false;ocean;0
12710;1;91;5;sea;true;ocean;0
12711;11;21;22;sea;false;ocean;0
12712;9;30;28;sea;true;ocean;0
12713;5;28;62;sea;false;ocean;0
12714;47;34;10;sea;false;ocean;0
12715;6;3;75;sea;false;ocean;0
12716;17;6;74;sea;false;ocean;0
12717;38;5;46;sea;false;ocean;0
12718;21;28;27;sea;true;ocean;0
12719;0;93;5;sea;false;ocean;0
12720;27;0;14;sea;false;ocean;0
12721;64;3;17;sea;false;ocean;0
12722;5;34;7;sea;false;ocean;0
12723;21;15;2;sea;false;ocean;0
12724;28;14;50;sea;false;ocean;0
12725;18;6;32;sea;false;ocean;0
12726;3;35;10;sea;false;ocean;0
12727;59;17;4;sea;false;ocean;0
12728;16;22;2;sea;false;ocean;0
12729;33;2;10;sea;false;ocean;0
12730;25;8;61;sea;false;ocean;0
12731;6;59;9;sea;false;ocean;0
12732;33;54;7;sea;false;ocean;0
12733;10;37;2;sea;false;ocean;0
12734;57;2;19;sea;false;ocean;0
12735;19;7;22;sea;false;ocean;0
12736;25;0;72;sea;false;ocean;0
12737;52;14;17;sea;false;ocean;0
12738;30;0;51;sea;false;ocean;0
12739;3;1;91;sea;true;ocean;0
12740;2;66;31;sea;true;ocean;0
12741;31;1;4;sea;false;ocean;0
12742;24;24;13;sea;false;ocean;0
12743;43;32;7;sea;true;ocean;0
12744;56;18;13;sea;false;ocean;0
12745;48;24;22;sea;false;ocean;0
12746;30;59;1;sea;false;ocean;0
12747;43;27;16;sea;false;ocean;0
12748;59;19;13;sea;false;ocean;0
12749;15;29;21;sea;false;ocean;0
12750;68;5;2;sea;false;ocean;0
12751;38;9;0;sea;false;ocean;0
12752;8;34;20;sea;false;ocean;0
12753;10;79;9;sea;false;ocean;0
12754;21;43;34;sea;true;ocean;0
12755;48;20;29;sea;false;ocean;0
12756;69;12;15;sea;false;ocean;0
12757;22;39;38;sea;true;ocean;0
12758;79;2;8;sea;false;ocean;0
12759;0;91;2;sea;false;ocean;0
12760;27;13;6;sea;false;ocean;0
12761;2;20;74;sea;false;ocean;0
12762;1;36;18;sea;false;ocean;0
12763;3;58;23;sea;false;ocean;0
12764;34;53;4;sea;true;ocean;0
12765;16;27;49;sea;true;ocean;0
12766;29;40;27;sea;false;ocean;0
12767;24;41;7;sea;false;ocean;0
12768;23;48;23;sea;false;ocean;0
12769;16;19;58;sea;false;ocean;0
12770;6;27;57;sea;true;ocean;0
12771;27;15;11;sea;false;ocean;0
12772;42;20;27;sea;false;ocean;0
12773;23;22;18;sea;true;ocean;0
12774;6;15;42;sea;false;ocean;0
12775;18;31;32;sea;false;ocean;0
12776;19;23;12;sea;false;ocean;0
12777;27;9;0;sea;false;ocean;0
12778;73;1;23;sea;false;ocean;0
12779;3;73;12;sea;false;ocean;0
12780;26;44;23;sea;true;ocean;0
12781;57;9;1;sea;false;ocean;0
12782;54;5;22;sea;true;ocean;0
12783;41;5;23;sea;false;ocean;0
12784;16;4;22;sea;false;ocean;0
12785;3;30;65;sea;true;ocean;0
12786;18;41;25;sea;false;ocean;0
12787;35;5;9;sea;true;ocean;0
12788;7;1;50;sea;false;ocean;0
12789;7;64;1;sea;false;ocean;0
12790;50;2;25;sea;false;ocean;0
12791;36;4;57;sea;false;ocean;0
12792;15;34;15;sea;false;ocean;0
12793;15;25;10;sea;false;ocean;0
12794;16;24;29;sea;false;ocean;0
12795;23;30;36;sea;false;ocean;0
12796;18;28;47;sea;true;ocean;0
12797;45;8;38;sea;false;ocean;0
12798;4;21;74;sea;false;ocean;0
12799;12;17;12;sea;true;ocean;0
12800;86;3;7;sea;false;ocean;0
12801;11;41;44;sea;false;ocean;0
12802;24;28;40;sea;true;ocean;0
12803;8;36;30;sea;true;ocean;0
12804;20;14;37;sea;false;ocean;0
12805;19;49;31;sea;false;ocean;0
12806;21;41;23;sea;false;ocean;0
12807;0;7;60;sea;false;ocean;0
12808;24;17;32;sea;true;ocean;0
12809;63;7;10;sea;true;ocean;0
12810;45;24;17;sea;false;ocean;0
12811;7;9;53;sea;false;ocean;0
12812;28;16;24;sea;false;ocean;0
12813;14;58;10;sea;true;ocean;0
12814;16;6;75;sea;true;ocean;0
12815;52;4;3;sea;true;ocean;0
12816;42;34;7;sea;false;ocean;0
12817;48;28;22;sea;false;ocean;0
12818;8;28;18;sea;true;ocean;0
12819;12;34;35;sea;false;ocean;0
12820;3;10;24;sea;false;ocean;0
12821;4;42;44;sea;false;ocean;0
12822;18;48;7;sea;true;ocean;0
12823;7;17;44;sea;false;ocean;0
12824;76;10;12;sea;false;ocean;0
12825;12;17;35;sea;false;ocean;0
12826;32;10;39;sea;false;ocean;0
12827;5;35;34;sea;false;ocean;0
12828;3;8;78;sea;false;ocean;0
12829;2;30;3;sea;true;ocean;0
12830;5;51;16;sea;true;ocean;0
12831;16;23;24;sea;false;ocean;0
12832;7;84;8;sea;false;ocean;0
12833;26;6;46;sea;false;ocean;0
12834;20;41;25;sea;false;ocean;0
12835;3;23;59;sea;false;ocean;0
12836;23;42;23;sea;false;ocean;0
12837;15;15;38;sea;true;ocean;0
12838;2;59;0;sea;false;ocean;0
12839;35;52;12;sea;false;ocean;0
12840;29;6;54;sea;false;ocean;0
12841;16;7;19;sea;false;ocean;0
12842;31;1;44;sea;false;ocean;0
12843;32;5;36;sea;false;ocean;0
12844;13;23;22;sea;true;ocean;0
12845;40;27;30;sea;false;ocean;0
12846;17;35;29;sea;false;ocean;0
12847;48;2;2;sea;false;ocean;0
12848;13;2;24;sea;false;ocean;0
12849;0;13;55;sea;false;ocean;0
12850;10;16;15;sea;true;ocean;6
12851;28;19;23;sea;false;ocean;0
12852;70;6;18;sea;false;ocean;0
12853;60;36;0;sea;false;ocean;0
12854;8;29;34;sea;true;ocean;0
12855;19;4;51;sea;false;ocean;0
12856;19;33;16;sea;false;ocean;0
12857;35;15;46;sea;false;ocean;0
12858;13;62;23;sea;false;ocean;0
12859;35;6;41;sea;false;ocean;0
12860;8;22;29;sea;true;ocean;0
12861;29;5;0;sea;true;ocean;0
12862;74;15;2;sea;false;ocean;0
12863;41;6;23;sea;false;ocean;0
12864;30;6;31;sea;true;ocean;0
12865;39;16;40;sea;false;ocean;0
12866;3;51;19;sea;false;ocean;0
12867;31;11;18;sea;false;ocean;0
12868;19;17;22;sea;true;ocean;2
12869;40;22;34;sea;false;ocean;0
12870;14;27;52;sea;false;ocean;0
12871;21;22;41;sea;false;ocean;0
12872;41;8;46;sea;true;ocean;0
12873;46;17;16;sea;false;ocean;0
12874;35;15;16;sea;false;ocean;0
12875;4;74;14;sea;false;ocean;0
12876;23;39;11;sea;false;ocean;0
12877;28;35;21;sea;false;ocean;0
12878;30;18;39;sea;false;ocean;0
12879;5;38;50;sea;false;ocean;0
12880;38;33;12;sea;false;ocean;0
12881;14;10;57;sea;false;ocean;0
12882;23;16;37;sea;false;ocean;0
12883;33;3;41;sea;false;ocean;0
12884;46;11;31;sea;true;ocean;0
12885;10;15;20;sea;false;ocean;0
12886;17;0;15;sea;false;ocean;0
12887;30;47;7;sea;false;ocean;0
12888;4;49;39;sea;false;ocean;0
12889;42;11;31;sea;false;ocean;0
12890;13;3;37;sea;false;ocean;0
12891;11;55;28;sea;true;ocean;0
12892;10;20;18;sea;false;ocean;0
12893;46;29;6;sea;false;ocean;0
12894;42;3;1;sea;false;ocean;0
12895;43;2;46;sea;false;ocean;0
12896;46;8;25;sea;false;ocean;0
12897;24;46;29;sea;false;ocean;0
12898;2;84;4;sea;false;ocean;0
12899;73;1;18;sea;false;ocean;0
12900;11;11;1;sea;false;ocean;0
12901;32;2;11;sea;false;ocean;0
12902;0;51;7;sea;false;ocean;0
12903;31;43;10;sea;true;ocean;0
12904;0;0;43;sea;false;ocean;0
12905;5;38;53;sea;true;ocean;0
12906;36;15;24;sea;false;ocean;0
12907;4;1;27;sea;false;ocean;0
12908;5;29;62;sea;false;ocean;0
12909;0;11;73;sea;false;ocean;0
12910;15;29;19;sea;false;ocean;0
12911;10;32;54;sea;false;ocean;0
12912;23;21;16;sea;true;ocean;0
12913;3;32;15;sea;false;ocean;0
12914;33;28;38;sea;false;ocean;0
12915;15;2;31;sea;true;ocean;0
12916;48;30;0;sea;false;ocean;0
12917;51;5;8;sea;false;ocean;0
12918;56;18;12;sea;true;ocean;0
12919;10;39;2;sea;false;ocean;0
12920;4;33;28;sea;false;ocean;0
12921;7;32;41;sea;false;ocean;0
12922;9;37;2;sea;false;ocean;0
12923;34;21;28;sea;true;ocean;0
12924;28;9;43;sea;true;ocean;0
12925;46;10;42;sea;false;ocean;0
12926;3;7;5;sea;true;ocean;0
12927;13;50;13;sea;false;ocean;0
12928;36;9;39;sea;false;ocean;0
12929;60;12;24;sea;false;ocean;0
12930;9;33;27;sea;true;ocean;0
12931;20;16;31;sea;false;ocean;0
12932;4;93;0;sea;false;ocean;0
12933;53;11;27;sea;false;ocean;0
12934;23;11;26;sea;false;ocean;0
12935;0;40;7;sea;false;ocean;0
12936;2;27;23;sea;false;ocean;0
12937;31;25;30;sea;false;ocean;0
12938;39;42;15;sea;false;ocean;0
12939;65;1;4;sea;true;ocean;0
12940;60;3;36;sea;false;ocean;0
12941;2;73;15;sea;false;ocean;0
12942;6;11;17;sea;true;ocean;0
12943;15;17;67;sea;false;ocean;0
12944;1;7;8;sea;true;ocean;0
12945;46;21;14;sea;false;ocean;0
12946;0;3;83;sea;false;ocean;0
12947;51;9;34;sea;false;ocean;0
12948;2;17;3;sea;true;ocean;0
12949;74;9;1;sea;false;ocean;0
12950;5;72;6;sea;true;ocean;0
12951;33;48;2;sea;false;ocean;0
12952;66;7;10;sea;false;ocean;0
12953;15;17;4;sea;false;ocean;0
12954;44;37;10;sea;false;ocean;0
12955;7;56;12;sea;true;ocean;0
12956;29;8;45;sea;true;ocean;0
12957;55;4;1;sea;false;ocean;0
12958;40;35;23;sea;false;ocean;0
12959;23;2;50;sea;false;ocean;0
12960;11;34;11;sea;false;ocean;0
12961;29;33;13;sea;true;ocean;0
12962;10;3;38;sea;true;ocean;0
12963;22;49;24;sea;true;ocean;0
12964;9;50;25;sea;false;ocean;0
12965;19;36;12;sea;false;ocean;0
12966;15;23;57;sea;false;ocean;0
12967;4;10;3;sea;false;ocean;0
12968;41;25;5;sea;false;ocean;0
12969;40;25;0;sea;false;ocean;0
12970;12;5;78;sea;false;ocean;0
12971;2;31;29;sea;false;ocean;0
12972;57;11;28;sea;false;ocean;0
12973;13;2;27;sea;false;ocean;0
12974;57;17;22;sea;false;ocean;0
12975;33;20;12;sea;false;ocean;0
12976;11;87;0;sea;false;ocean;0
12977;19;38;42;sea;false;ocean;0
12978;12;17;27;sea;false;ocean;0
12979;67;21;0;sea;false;ocean;0
12980;13;9;40;sea;false;ocean;0
12981;2;46;32;sea;true;ocean;0
12982;19;23;19;sea;false;ocean;0
12983;19;11;1;sea;true;ocean;0
12984;1;6;59;sea;true;ocean;0
12985;4;60;7;sea;false;ocean;0
12986;28;30;34;sea;true;ocean;0
12987;11;47;40;sea;false;ocean;0
12988;29;14;37;sea;false;ocean;0
12989;29;19;27;sea;true;ocean;0
12990;65;30;1;sea;true;ocean;0
12991;0;17;65;sea;false;ocean;0
12992;7;14;72;sea;false;ocean;0
12993;8;78;7;sea;false;ocean;0
12994;4;50;28;sea;true;ocean;0
12995;9;15;48;sea;false;ocean;0
12996;12;33;37;sea;false;ocean;0
12997;59;8;30;sea;true;ocean;0
12998;12;16;61;sea;false;ocean;0
12999;32;33;3;sea;false;ocean;0
13000;8;27;32;sea;true;ocean;0
13001;77;4;6;sea;true;ocean;0
13002;15;10;24;sea;false;ocean;0
13003;14;26;47;sea;true;ocean;0
13004;9;2;47;sea;false;ocean;0
13005;9;67;18;sea;false;ocean;0
13006;28;21;19;sea;false;ocean;0
13007;15;7;2;sea;false;ocean;0
13008;37;27;21;sea;true;ocean;0
13009;4;68;13;sea;false;ocean;0
13010;28;23;47;sea;false;ocean;0
13011;63;11;10;sea;false;ocean;0
13012;44;24;10;sea;false;ocean;0
13013;9;53;15;sea;false;ocean;0
13014;23;30;26;sea;true;ocean;0
13015;6;14;66;sea;false;ocean;0
13016;12;72;6;sea;true;ocean;0
13017;4;5;77;sea;false;ocean;0
13018;61;2;9;sea;false;ocean;0
13019;20;15;42;sea;false;ocean;0
13020;34;61;0;sea;false;ocean;0
13021;25;2;8;sea;true;ocean;0
13022;15;13;55;sea;false;ocean;0
13023;3;21;38;sea;false;ocean;0
13024;13;16;45;sea;true;ocean;0
13025;38;0;50;sea;false;ocean;0
13026;6;7;67;sea;true;ocean;0
13027;22;2;38;sea;true;ocean;0
13028;13;25;23;sea;false;ocean;0
13029;66;10;19;sea;false;ocean;0
13030;18;18;7;sea;false;ocean;0
13031;1;49;6;sea;true;ocean;0
13032;10;44;16;sea;false;ocean;0
13033;23;29;5;sea;true;ocean;0
13034;19;60;2;sea;false;ocean;0
13035;1;0;86;sea;false;ocean;0
13036;21;18;57;sea;false;ocean;0
13037;14;20;23;sea;false;ocean;0
13038;32;30;36;sea;false;ocean;0
13039;63;2;28;sea;true;ocean;0
13040;1;25;72;sea;false;ocean;0
13041;33;13;45;sea;false;ocean;0
13042;23;6;18;sea;false;ocean;0
13043;15;54;16;sea;false;ocean;0
13044;51;4;3;sea;false;ocean;0
13045;68;18;5;sea;false;ocean;0
13046;64;31;3;sea;false;ocean;0
13047;17;20;8;sea;false;ocean;0
13048;10;13;21;sea;false;ocean;0
13049;40;49;4;sea;false;ocean;0
13050;51;12;4;sea;true;ocean;0
13051;14;7;20;sea;false;ocean;0
13052;7;19;5;sea;false;ocean;0
13053;18;6;21;sea;false;ocean;0
13054;12;70;14;sea;true;ocean;0
13055;12;37;38;sea;true;ocean;0
13056;25;54;4;sea;true;ocean;0
13057;9;80;0;sea;false;ocean;0
13058;85;2;10;sea;false;ocean;0
13059;31;60;2;sea;true;ocean;2
13060;14;6;56;sea;false;ocean;0
13061;58;8;20;sea;true;ocean;0
13062;5;59;13;sea;true;ocean;0
13063;4;47;42;sea;true;ocean;0
13064;26;38;29;sea;false;ocean;0
13065;57;0;3;sea;false;ocean;0
13066;36;32;30;sea;true;ocean;0
13067;25;4;59;sea;false;ocean;0
13068;37;1;43;sea;true;ocean;0
13069;1;2;72;sea;false;ocean;0
13070;38;6;25;sea;false;ocean;0
13071;31;14;40;sea;false;ocean;0
13072;16;4;5;sea;false;ocean;0
13073;20;16;20;sea;false;ocean;0
13074;46;6;15;sea;false;ocean;0
13075;11;17;53;sea;false;ocean;0
13076;16;19;40;sea;false;ocean;0
13077;1;27;34;sea;false;ocean;0
13078;0;8;80;sea;false;ocean;0
13079;7;2;61;sea;false;ocean;0
13080;23;65;10;sea;false;ocean;0
13081;9;35;42;sea;false;ocean;0
13082;47;12;3;sea;false;ocean;0
13083;9;17;27;sea;false;ocean;0
13084;8;58;31;sea;false;ocean;0
13085;29;0;51;sea;false;ocean;0
13086;29;1;16;sea;true;ocean;0
13087;23;2;9;sea;true;ocean;0
13088;13;24;6;sea;false;ocean;0
13089;12;21;57;sea;true;ocean;0
13090;14;33;29;sea;false;ocean;0
13091;16;11;14;sea;false;ocean;0
13092;58;16;3;sea;false;ocean;0
13093;7;5;4;sea;false;ocean;0
13094;15;17;23;sea;false;ocean;0
13095;23;1;42;sea;false;ocean;0
13096;72;25;2;sea;false;ocean;0
13097;30;4;59;sea;false;ocean;0
13098;3;66;9;sea;false;ocean;0
13099;6;7;3;sea;false;ocean;0
13100;15;5;41;sea;false;ocean;0
13101;28;34;21;sea;true;ocean;0
13102;8;63;4;sea;false;ocean;0
13103;11;3;83;sea;false;ocean;0
13104;7;23;13;sea;false;ocean;0
13105;67;15;0;sea;false;ocean;0
13106;15;20;3;sea;false;ocean;0
13107;27;25;8;sea;true;ocean;0
13108;26;6;31;sea;false;ocean;0
13109;61;19;12;sea;false;ocean;0
13110;33;51;10;sea;false;ocean;0
13111;5;28;22;sea;false;ocean;0
13112;13;1;11;sea;false;ocean;0
13113;30;34;20;sea;false;ocean;0
13114;14;11;67;sea;true;ocean;0
13115;62;21;7;sea;false;ocean;0
13116;1;84;10;sea;false;ocean;0
13117;19;4;13;sea;true;ocean;0
13118;55;26;4;sea;true;ocean;0
13119;30;56;4;sea;true;ocean;0
13120;28;16;0;sea;false;ocean;0
13121;3;71;14;sea;true;ocean;0
13122;15;47;25;sea;false;ocean;0
13123;47;5;28;sea;false;ocean;0
13124;10;24;63;sea;false;ocean;0
13125;8;46;3;sea;false;ocean;0
13126;15;41;6;sea;false;ocean;0
13127;57;3;11;sea;false;ocean;0
13128;48;23;15;sea;false;ocean;0
13129;28;7;29;sea;false;ocean;0
13130;48;25;14;sea;false;ocean;0
13131;2;29;0;sea;false;ocean;0
13132;14;52;8;sea;false;ocean;0
13133;36;38;6;sea;false;ocean;0
13134;7;60;27;sea;false;ocean;0
13135;55;25;12;sea;false;ocean;0
13136;33;6;43;sea;false;ocean;0
13137;65;3;0;sea;false;ocean;0
13138;12;17;65;sea;false;ocean;0
13139;30;12;34;sea;false;ocean;0
13140;34;7;5;sea;false;ocean;0
13141;1;64;2;sea;false;ocean;0
13142;8;27;42;sea;false;ocean;0
13143;47;0;26;sea;true;ocean;0
13144;55;9;19;sea;false;ocean;0
13145;51;39;9;sea;false;ocean;0
13146;21;36;11;sea;false;ocean;0
13147;2;77;0;sea;false;ocean;0
13148;19;15;1;sea;false;ocean;0
13149;23;21;2;sea;true;ocean;0
13150;22;12;54;sea;false;ocean;0
13151;7;57;20;sea;false;ocean;0
13152;17;9;73;sea;false;ocean;0
13153;70;18;10;sea;true;ocean;0
13154;0;7;78;sea;false;ocean;0
13155;6;25;13;sea;false;ocean;0
13156;7;69;19;sea;false;ocean;0
13157;61;12;22;sea;false;ocean;0
13158;0;41;42;sea;true;ocean;0
13159;46;4;45;sea;false;ocean;0
13160;6;63;13;sea;true;ocean;0
13161;41;13;40;sea;true;ocean;0
13162;50;22;11;sea;false;ocean;0
13163;9;33;22;sea;false;ocean;0
13164;42;23;34;sea;false;ocean;0
13165;51;12;35;sea;false;ocean;0
13166;15;40;44;sea;false;ocean;0
13167;36;27;14;sea;false;ocean;0
13168;7;3;16;sea;false;ocean;0
13169;29;30;38;sea;true;ocean;0
13170;54;23;10;sea;false;ocean;0
13171;9;44;40;sea;false;ocean;0
13172;23;12;26;sea;false;ocean;0
13173;40;7;34;sea;true;ocean;0
13174;1;27;6;sea;false;ocean;0
13175;26;38;27;sea;false;ocean;0
13176;15;44;4;sea;false;ocean;0
13177;14;70;12;sea;false;ocean;0
13178;35;23;9;sea;true;ocean;0
13179;2;22;64;sea;true;ocean;0
13180;43;36;13;sea;false;ocean;0
13181;3;6;41;sea;false;ocean;0
13182;11;41;22;sea;false;ocean;0
13183;30;6;55;sea;false;ocean;0
13184;38;13;10;sea;false;ocean;0
13185;2;8;50;sea;false;ocean;0
13186;0;31;7;sea;false;ocean;0
13187;19;20;18;sea;false;ocean;0
13188;17;6;28;sea;false;ocean;0
13189;16;31;24;sea;false;ocean;0
13190;0;29;19;sea;false;ocean;0
13191;90;0;8;sea;false;ocean;0
13192;2;12;18;sea;true;ocean;0
13193;16;56;11;sea;false;ocean;0
13194;23;16;45;sea;true;ocean;0
13195;6;38;34;sea;false;ocean;0
13196;29;24;29;sea;false;ocean;0
13197;34;44;14;sea;true;ocean;0
13198;84;4;1;sea;false;ocean;0
13199;7;63;18;sea;true;ocean;0
13200;49;17;22;sea;false;ocean;0
13201;35;23;17;sea;false;ocean;0
13202;37;43;3;sea;true;ocean;0
13203;20;17;16;sea;false;ocean;0
13204;27;34;2;sea;false;ocean;0
13205;47;25;14;sea;false;ocean;0
13206;40;9;42;sea;true;ocean;0
13207;59;22;16;sea;false;ocean;0
13208;10;66;8;sea;false;ocean;0
13209;37;51;7;sea;false;ocean;0
13210;4;74;12;sea;false;ocean;0
13211;54;14;16;sea;false;ocean;0
13212;19;53;26;sea;false;ocean;0
13213;37;18;16;sea;false;ocean;0
13214;14;6;18;sea;false;ocean;0
13215;58;6;0;sea;false;ocean;0
13216;8;1;9;sea;false;ocean;0
13217;3;4;47;sea;false;ocean;0
13218;9;177;185;land;true;forest;5
13219;43;25;10;sea;true;ocean;0
13220;12;49;24;sea;false;ocean;0
13221;23;44;14;sea;false;ocean;0
13222;60;2;36;sea;false;ocean;0
13223;43;40;1;sea;false;ocean;0
13224;24;48;20;sea;true;ocean;0
13225;34;0;20;sea;false;ocean;0
13226;7;21;34;sea;false;ocean;0
13227;9;22;44;sea;false;ocean;0
13228;6;45;5;sea;true;ocean;0
13229;19;37;36;sea;true;ocean;0
13230;26;25;4;sea;false;ocean;0
13231;42;37;3;sea;true;ocean;0
13232;33;27;26;sea;false;ocean;0
13233;17;38;31;sea;true;ocean;0
13234;43;42;9;sea;false;ocean;0
13235;46;5;48;sea;false;ocean;0
13236;49;25;16;sea;false;ocean;0
13237;7;27;4;sea;false;ocean;0
13238;42;36;3;sea;false;ocean;0
13239;3;14;80;sea;false;ocean;0
13240;23;62;11;sea;true;ocean;0
13241;15;24;38;sea;false;ocean;0
13242;46;21;18;sea;true;ocean;0
13243;4;31;35;sea;false;ocean;0
13244;5;15;48;sea;true;ocean;0
13245;55;16;8;sea;false;ocean;0
13246;23;28;12;sea;true;ocean;0
13247;15;10;70;sea;false;ocean;0
13248;10;28;61;sea;false;ocean;0
13249;12;15;30;sea;false;ocean;0
13250;41;23;31;sea;false;ocean;0
13251;22;60;9;sea;false;ocean;0
13252;24;41;25;sea;false;ocean;0
13253;37;54;3;sea;false;ocean;0
13254;21;63;12;sea;true;ocean;0
13255;8;12;43;sea;false;ocean;0
13256;32;9;36;sea;false;ocean;0
13257;19;15;31;sea;false;ocean;0
13258;70;10;6;sea;true;ocean;0
13259;46;14;28;sea;true;ocean;0
13260;14;36;19;sea;false;ocean;0
13261;50;18;9;sea;true;ocean;0
13262;23;57;17;sea;false;ocean;0
13263;6;82;9;sea;false;ocean;0
13264;5;56;17;sea;false;ocean;0
13265;33;11;25;sea;true;ocean;0
13266;50;32;14;sea;false;ocean;0
13267;48;22;3;sea;false;ocean;0
13268;3;52;29;sea;true;ocean;0
13269;41;16;6;sea;false;ocean;0
13270;23;11;19;sea;false;ocean;0
13271;3;22;68;sea;false;ocean;0
13272;23;53;20;sea;false;ocean;0
13273;47;7;8;sea;false;ocean;0
13274;2;57;15;sea;true;ocean;0
13275;36;1;44;sea;false;ocean;0
13276;10;3;80;sea;false;ocean;0
13277;3;19;56;sea;true;ocean;0
13278;53;20;6;sea;false;ocean;0
13279;67;10;12;sea;false;ocean;0
13280;21;9;54;sea;false;ocean;0
13281;19;2;51;sea;true;ocean;0
13282;35;23;3;sea;false;ocean;0
13283;18;15;34;sea;false;ocean;0
13284;48;35;8;sea;false;ocean;0
13285;35;22;23;sea;false;ocean;0
13286;48;1;22;sea;false;ocean;0
13287;31;3;40;sea;false;ocean;0
13288;20;3;70;sea;false;ocean;0
13289;53;11;25;sea;false;ocean;0
13290;3;51;6;sea;false;ocean;0
13291;24;66;3;sea;false;ocean;0
13292;13;41;28;sea;false;ocean;0
13293;9;10;80;sea;true;ocean;0
13294;26;8;52;sea;false;ocean;0
13295;0;25;14;sea;false;ocean;0
13296;24;15;49;sea;false;ocean;0
13297;19;48;1;sea;true;ocean;0
13298;33;23;34;sea;false;ocean;0
13299;52;32;4;sea;true;ocean;0
13300;9;8;56;sea;true;ocean;0
13301;7;9;81;sea;false;ocean;0
13302;20;4;5;sea;false;ocean;0
13303;3;4;88;sea;true;ocean;0
13304;18;13;20;sea;false;ocean;0
13305;25;17;35;sea;true;ocean;0
13306;15;1;24;sea;true;ocean;0
13307;45;34;17;sea;false;ocean;0
13308;24;8;67;sea;false;ocean;0
13309;34;28;7;sea;false;ocean;0
13310;26;6;13;sea;false;ocean;0
13311;15;57;15;sea;false;ocean;0
13312;21;43;24;sea;false;ocean;0
13313;43;22;33;sea;false;ocean;0
13314;45;48;0;sea;false;ocean;0
13315;9;54;28;sea;true;ocean;0
13316;73;5;14;sea;false;ocean;0
13317;39;14;32;sea;false;ocean;0
13318;19;39;16;sea;false;ocean;0
13319;26;18;8;sea;true;ocean;0
13320;11;5;61;sea;true;ocean;0
13321;59;3;23;sea;false;ocean;0
13322;60;8;29;sea;true;ocean;0
13323;26;51;5;sea;false;ocean;0
13324;10;9;65;sea;false;ocean;0
13325;47;2;3;sea;false;ocean;0
13326;42;18;29;sea;false;ocean;0
13327;14;13;35;sea;true;ocean;0
13328;14;72;6;sea;false;ocean;0
13329;14;28;37;sea;true;ocean;0
13330;53;35;11;sea;false;ocean;0
13331;17;9;11;sea;false;ocean;0
13332;25;64;1;sea;true;ocean;0
13333;42;0;36;sea;false;ocean;0
13334;10;5;63;sea;true;ocean;0
13335;43;43;1;sea;false;ocean;0
13336;34;52;10;sea;false;ocean;0
13337;15;21;39;sea;true;ocean;0
13338;5;11;56;sea;false;ocean;0
13339;4;10;40;sea;false;ocean;0
13340;24;4;34;sea;true;ocean;0
13341;20;69;7;sea;false;ocean;0
13342;18;72;0;sea;false;ocean;0
13343;58;17;9;sea;false;ocean;0
13344;62;21;1;sea;false;ocean;0
13345;49;9;31;sea;true;ocean;0
13346;7;10;10;sea;true;ocean;0
13347;25;39;4;sea;true;ocean;0
13348;30;41;26;sea;false;ocean;0
13349;6;55;1;sea;true;ocean;0
13350;14;52;21;sea;false;ocean;0
13351;65;26;4;sea;false;ocean;0
13352;76;20;3;sea;false;ocean;0
13353;16;5;53;sea;true;ocean;0
13354;1;8;67;sea;false;ocean;0
13355;64;16;1;sea;false;ocean;0
13356;18;41;35;sea;false;ocean;0
13357;56;14;21;sea;false;ocean;0
13358;20;18;28;sea;true;ocean;0
13359;19;5;36;sea;false;ocean;0
13360;30;19;5;sea;true;ocean;0
13361;53;2;25;sea;false;ocean;0
13362;19;7;34;sea;false;ocean;0
13363;52;41;5;sea;false;ocean;0
13364;62;11;19;sea;false;ocean;0
13365;27;20;34;sea;true;ocean;0
13366;3;77;15;sea;false;ocean;0
13367;7;3;26;sea;true;ocean;0
13368;11;2;76;sea;true;ocean;0
13369;25;13;50;sea;false;ocean;0
13370;28;10;22;sea;false;ocean;0
13371;32;4;60;sea;false;ocean;0
13372;7;77;12;sea;true;ocean;0
13373;50;26;11;sea;false;ocean;0
13374;0;39;39;sea;false;ocean;0
13375;20;41;12;sea;false;ocean;0
13376;1;49;31;sea;false;ocean;0
13377;5;16;30;sea;false;ocean;0
13378;2;12;20;sea;true;ocean;0
13379;4;19;16;sea;false;ocean;0
13380;47;4;43;sea;false;ocean;0
13381;51;18;19;sea;false;ocean;0
13382;26;64;6;sea;false;ocean;0
13383;36;24;0;sea;false;ocean;0
13384;58;29;1;sea;false;ocean;0
13385;1;27;66;sea;false;ocean;0
13386;19;49;25;sea;false;ocean;0
13387;91;0;2;sea;false;ocean;0
13388;14;51;14;sea;false;ocean;0
13389;32;2;14;sea;true;ocean;0
13390;45;2;0;sea;true;ocean;0
13391;11;31;53;sea;true;ocean;0
13392;21;73;0;sea;true;ocean;0
13393;21;29;17;sea;false;ocean;0
13394;31;35;4;sea;false;ocean;0
13395;71;6;11;sea;false;ocean;0
13396;46;9;2;sea;true;ocean;0
13397;40;43;2;sea;false;ocean;0
13398;41;16;25;sea;true;ocean;0
13399;22;11;2;sea;false;ocean;0
13400;43;0;3;sea;true;ocean;0
13401;17;12;18;sea;true;ocean;0
13402;33;6;6;sea;false;ocean;0
13403;16;80;0;sea;false;ocean;0
13404;3;31;18;sea;true;ocean;0
13405;45;17;35;sea;false;ocean;0
13406;27;12;41;sea;false;ocean;0
13407;13;18;43;sea;false;ocean;0
13408;9;36;54;sea;false;ocean;0
13409;23;18;7;sea;true;ocean;0
13410;41;0;9;sea;false;ocean;0
13411;6;3;37;sea;false;ocean;0
13412;26;21;44;sea;true;ocean;0
13413;18;40;32;sea;false;ocean;0
13414;31;23;21;sea;false;ocean;0
13415;44;19;14;sea;false;ocean;0
13416;19;13;57;sea;false;ocean;0
13417;7;66;11;sea;true;ocean;0
13418;15;26;36;sea;true;ocean;0
13419;3;74;11;sea;false;ocean;0
13420;21;26;51;sea;false;ocean;0
13421;70;13;12;sea;false;ocean;0
13422;51;10;12;sea;false;ocean;0
13423;16;31;30;sea;true;ocean;0
13424;53;11;28;sea;false;ocean;0
13425;13;21;2;sea;false;ocean;0
13426;27;18;37;sea;true;ocean;0
13427;13;14;23;sea;false;ocean;0
13428;16;1;12;sea;false;ocean;0
13429;8;26;32;sea;false;ocean;0
13430;25;5;53;sea;false;ocean;0
13431;23;9;11;sea;false;ocean;0
13432;20;10;46;sea;true;ocean;0
13433;3;31;17;sea;false;ocean;0
13434;25;36;28;sea;false;ocean;0
13435;39;4;32;sea;false;ocean;0
13436;24;42;32;sea;false;ocean;0
13437;3;26;12;sea;true;ocean;0
13438;2;15;15;sea;true;ocean;0
13439;4;46;48;sea;false;ocean;0
13440;29;17;21;sea;false;ocean;0
13441;8;11;76;sea;false;ocean;0
13442;13;39;24;sea;true;ocean;0
13443;39;29;17;sea;false;ocean;0
13444;4;7;31;sea;false;ocean;0
13445;26;3;39;sea;true;ocean;0
13446;23;22;53;sea;false;ocean;0
13447;6;90;3;sea;false;ocean;0
13448;11;71;12;sea;false;ocean;0
13449;33;14;22;sea;true;ocean;0
13450;9;4;16;sea;false;ocean;0
13451;4;40;24;sea;true;ocean;0
13452;14;36;7;sea;false;ocean;0
13453;4;23;54;sea;true;ocean;0
13454;10;12;59;sea;true;ocean;0
13455;16;9;49;sea;false;ocean;0
13456;11;26;0;sea;false;ocean;0
13457;39;43;14;sea;false;ocean;0
13458;16;6;76;sea;false;ocean;0
13459;23;27;37;sea;false;ocean;0
13460;58;2;0;sea;true;ocean;0
13461;70;4;19;sea;false;ocean;0
13462;2;27;6;sea;false;ocean;0
13463;7;89;3;sea;false;ocean;0
13464;17;34;31;sea;false;ocean;0
13465;29;19;12;sea;false;ocean;0
13466;28;7;16;sea;true;ocean;0
13467;17;17;51;sea;true;ocean;0
13468;48;34;8;sea;true;ocean;0
13469;39;16;24;sea;false;ocean;0
13470;10;25;9;sea;false;ocean;0
13471;22;61;1;sea;true;ocean;0
13472;13;14;66;sea;false;ocean;0
13473;3;15;58;sea;false;ocean;0
13474;53;37;7;sea;false;ocean;0
13475;2;84;11;sea;false;ocean;0
13476;43;43;3;sea;false;ocean;0
13477;32;13;22;sea;false;ocean;0
13478;49;27;23;sea;true;ocean;0
13479;5;8;69;sea;true;ocean;0
13480;13;25;12;sea;false;ocean;0
13481;41;31;6;sea;false;ocean;0
13482;10;30;42;sea;false;ocean;0
13483;6;10;65;sea;false;ocean;0
13484;28;3;47;sea;false;ocean;0
13485;69;14;14;sea;false;ocean;0
13486;48;23;0;sea;false;ocean;0
13487;19;11;8;sea;true;ocean;0
13488;29;32;0;sea;false;ocean;0
13489;24;42;8;sea;true;ocean;0
13490;50;43;6;sea;true;ocean;0
13491;49;2;9;sea;false;ocean;0
13492;15;80;2;sea;false;ocean;0
13493;27;47;20;sea;true;ocean;0
13494;31;49;11;sea;true;ocean;0
13495;17;27;54;sea;false;ocean;0
13496;21;0;65;sea;true;ocean;0
13497;17;23;34;sea;true;ocean;0
13498;41;8;9;sea;false;ocean;0
13499;58;17;11;sea;false;ocean;0
13500;6;51;25;sea;false;ocean;0
13501;7;9;43;sea;true;ocean;0
13502;15;31;41;sea;false;ocean;0
13503;46;3;36;sea;false;ocean;0
13504;20;19;2;sea;true;ocean;0
13505;27;10;39;sea;false;ocean;0
13506;33;27;2;sea;false;ocean;0
13507;27;4;3;sea;true;ocean;0
13508;61;1;9;sea;true;ocean;0
13509;9;7;20;sea;false;ocean;0
13510;5;19;52;sea;false;ocean;0
13511;13;7;49;sea;false;ocean;0
13512;19;15;27;sea;false;ocean;0
13513;17;11;63;sea;false;ocean;0
13514;20;4;62;sea;false;ocean;0
13515;7;11;20;sea;true;ocean;0
13516;43;0;16;sea;false;ocean;0
13517;31;3;29;sea;false;ocean;0
13518;49;26;21;sea;false;ocean;0
13519;42;17;28;sea;true;ocean;2
13520;14;41;14;sea;false;ocean;0
13521;13;36;6;sea;false;ocean;0
13522;24;54;2;sea;false;ocean;0
13523;11;0;13;sea;false;ocean;0
13524;13;1;26;sea;false;ocean;0
13525;26;12;34;sea;true;ocean;0
13526;3;6;26;sea;false;ocean;0
13527;4;2;93;sea;false;ocean;0
13528;1;90;7;sea;false;ocean;0
13529;34;26;27;sea;true;ocean;0
13530;46;24;12;sea;true;ocean;0
13531;30;27;16;sea;false;ocean;0
13532;18;16;42;sea;false;ocean;0
13533;15;20;36;sea;false;ocean;0
13534;0;41;58;sea;true;ocean;0
13535;19;7;16;sea;false;ocean;0
13536;63;26;7;sea;false;ocean;0
13537;16;36;7;sea;false;ocean;0
13538;18;13;62;sea;false;ocean;0
13539;19;7;69;sea;true;ocean;0
13540;7;7;60;sea;false;ocean;0
13541;39;6;19;sea;true;ocean;0
13542;23;17;59;sea;false;ocean;0
13543;21;4;20;sea;true;ocean;0
13544;22;0;41;sea;false;ocean;0
13545;10;43;14;sea;false;ocean;0
13546;29;20;28;sea;true;ocean;0
13547;39;29;4;sea;true;ocean;0
13548;27;33;39;sea;false;ocean;0
13549;18;48;20;sea;false;ocean;0
13550;41;5;27;sea;false;ocean;0
13551;9;2;8;sea;true;ocean;0
13552;20;38;35;sea;false;ocean;0
13553;16;52;7;sea;false;ocean;0
13554;0;31;21;sea;false;ocean;0
13555;1;62;4;sea;true;ocean;0
13556;1;5;86;sea;false;ocean;0
13557;30;42;21;sea;false;ocean;0
13558;41;14;15;sea;true;ocean;0
13559;36;25;5;sea;false;ocean;0
13560;16;40;10;sea;false;ocean;0
13561;16;23;5;sea;false;ocean;0
13562;34;8;20;sea;true;ocean;0
13563;1;57;18;sea;false;ocean;0
13564;18;42;24;sea;false;ocean;0
13565;19;20;43;sea;false;ocean;0
13566;17;0;81;sea;false;ocean;0
13567;13;8;63;sea;true;ocean;0
13568;28;9;38;sea;false;ocean;0
13569;31;4;37;sea;false;ocean;0
13570;0;13;6;sea;false;ocean;0
13571;2;37;28;sea;true;ocean;0
13572;10;41;36;sea;false;ocean;0
13573;8;40;23;sea;false;ocean;0
13574;89;2;3;sea;false;ocean;0
13575;17;14;9;sea;false;ocean;0
13576;18;36;19;sea;false;ocean;0
13577;51;28;14;sea;false;ocean;0
13578;6;61;8;sea;false;ocean;0
13579;10;34;1;sea;false;ocean;0
13580;34;13;41;sea;false;ocean;0
13581;2;70;5;sea;true;ocean;0
13582;1;0;94;sea;false;ocean;0
13583;22;1;37;sea;true;ocean;0
13584;37;7;11;sea;false;ocean;0
13585;38;41;2;sea;false;ocean;0
13586;17;58;18;sea;false;ocean;0
13587;20;54;22;sea;false;ocean;0
13588;45;3;39;sea;true;ocean;0
13589;17;33;29;sea;true;ocean;0
13590;23;13;7;sea;false;ocean;0
13591;41;11;25;sea;false;ocean;0
13592;16;10;28;sea;true;ocean;0
13593;25;14;38;sea;false;ocean;0
13594;19;39;27;sea;true;ocean;0
13595;55;25;5;sea;false;ocean;0
13596;20;7;43;sea;true;ocean;0
13597;64;2;29;sea;false;ocean;0
13598;24;26;23;sea;true;ocean;0
13599;26;43;15;sea;false;ocean;0
13600;31;48;2;sea;false;ocean;0
13601;14;34;36;sea;false;ocean;0
13602;32;10;31;sea;true;ocean;0
13603;49;30;11;sea;false;ocean;0
13604;14;7;9;sea;false;ocean;0
13605;22;11;34;sea;false;ocean;0
13606;8;50;0;sea;true;ocean;0
13607;4;90;4;sea;false;ocean;0
13608;62;5;16;sea;true;ocean;0
13609;21;59;5;sea;false;ocean;0
13610;30;10;44;sea;false;ocean;0
13611;11;0;12;sea;true;ocean;0
13612;30;8;55;sea;false;ocean;0
13613;19;43;5;sea;false;ocean;0
13614;36;59;1;sea;true;ocean;0
13615;43;10;24;sea;false;ocean;0
13616;16;64;7;sea;false;ocean;0
13617;55;8;20;sea;false;ocean;0
13618;7;67;10;sea;false;ocean;0
13619;4;59;33;sea;true;ocean;0
13620;94;4;0;sea;false;ocean;0
13621;63;0;28;sea;true;ocean;0
13622;20;10;25;sea;false;ocean;0
13623;22;19;34;sea;false;ocean;0
13624;10;34;0;sea;false;ocean;0
13625;22;18;35;sea;false;ocean;0
13626;2;25;32;sea;false;ocean;0
13627;19;78;0;sea;true;ocean;0
13628;4;45;7;sea;false;ocean;0
13629;13;19;23;sea;false;ocean;0
13630;0;38;51;sea;false;ocean;0
13631;12;49;20;sea;false;ocean;0
13632;64;22;12;sea;false;ocean;0
13633;53;20;11;sea;false;ocean;0
13634;52;28;5;sea;false;ocean;0
13635;10;14;43;sea;false;ocean;0
13636;7;8;34;sea;false;ocean;0
13637;17;31;35;sea;false;ocean;0
13638;89;5;5;sea;false;ocean;0
13639;4;47;47;sea;false;ocean;0
13640;19;62;5;sea;false;ocean;0
13641;28;18;32;sea;true;ocean;0
13642;5;25;13;sea;false;ocean;0
13643;40;41;6;sea;false;ocean;0
13644;22;20;54;sea;false;ocean;0
13645;17;6;52;sea;true;ocean;0
13646;24;3;10;sea;true;ocean;0
13647;18;16;56;sea;false;ocean;0
13648;32;62;4;sea;false;ocean;0
13649;54;1;40;sea;false;ocean;0
13650;36;53;0;sea;false;ocean;0
13651;20;34;7;sea;false;ocean;0
13652;52;3;33;sea;false;ocean;0
13653;12;40;12;sea;false;ocean;0
13654;3;6;68;sea;false;ocean;0
13655;3;1;64;sea;false;ocean;0
13656;12;13;39;sea;true;ocean;0
13657;20;23;45;sea;false;ocean;0
13658;30;21;41;sea;false;ocean;0
13659;21;58;10;sea;false;ocean;0
13660;5;71;23;sea;false;ocean;0
13661;14;33;25;sea;false;ocean;0
13662;20;58;21;sea;false;ocean;0
13663;11;18;26;sea;false;ocean;0
13664;7;62;11;sea;false;ocean;0
13665;7;6;29;sea;false;ocean;0
13666;19;41;16;sea;false;ocean;0
13667;23;47;14;sea;false;ocean;0
13668;32;48;11;sea;false;ocean;0
13669;67;14;0;sea;false;ocean;0
13670;35;53;11;sea;false;ocean;0
13671;51;0;23;sea;true;ocean;0
13672;20;42;24;sea;false;ocean;0
13673;7;67;13;sea;true;ocean;0
13674;14;70;8;sea;true;ocean;0
13675;22;17;4;sea;false;ocean;0
13676;56;10;17;sea;false;ocean;0
13677;3;7;13;sea;false;ocean;0
13678;29;44;4;sea;false;ocean;0
13679;31;5;59;sea;false;ocean;0
13680;2;64;32;sea;false;ocean;0
13681;33;14;10;sea;true;ocean;0
13682;57;13;19;sea;false;ocean;0
13683;12;14;6;sea;false;ocean;0
13684;2;8;6;sea;false;ocean;0
13685;28;31;26;sea;false;ocean;0
13686;10;16;43;sea;false;ocean;0
13687;3;5;26;sea;false;ocean;0
13688;60;0;34;sea;false;ocean;0
13689;33;17;48;sea;false;ocean;0
13690;5;89;4;sea;false;ocean;0
13691;45;19;2;sea;false;ocean;0
13692;5;13;68;sea;false;ocean;0
13693;0;20;46;sea;false;ocean;0
13694;20;24;44;sea;false;ocean;0
13695;8;16;61;sea;true;ocean;0
13696;26;30;13;sea;false;ocean;0
13697;11;58;30;sea;false;ocean;0
13698;22;4;73;sea;true;ocean;0
13699;3;61;13;sea;false;ocean;0
13700;32;25;33;sea;false;ocean;0
13701;20;31;27;sea;false;ocean;0
13702;3;36;10;sea;false;ocean;0
13703;91;4;2;sea;true;ocean;0
13704;45;25;11;sea;false;ocean;0
13705;31;18;11;sea;false;ocean;0
13706;24;32;39;sea;false;ocean;0
13707;46;16;33;sea;false;ocean;0
13708;16;58;21;sea;true;ocean;0
13709;20;5;49;sea;false;ocean;0
13710;3;41;45;sea;false;ocean;0
13711;25;13;58;sea;false;ocean;0
13712;14;5;78;sea;false;ocean;0
13713;42;25;20;sea;false;ocean;0
13714;25;20;17;sea;false;ocean;0
13715;15;45;21;sea;false;ocean;0
13716;2;27;51;sea;false;ocean;0
13717;3;22;42;sea;false;ocean;0
13718;0;38;28;sea;true;ocean;6
13719;38;9;49;sea;false;ocean;0
13720;4;29;36;sea;false;ocean;0
13721;22;22;2;sea;false;ocean;0
13722;8;40;45;sea;false;ocean;0
13723;58;21;8;sea;false;ocean;0
13724;77;3;10;sea;false;ocean;0
13725;16;22;32;sea;true;ocean;0
13726;17;47;10;sea;true;ocean;0
13727;34;40;8;sea;true;ocean;0
13728;2;10;71;sea;false;ocean;0
13729;23;0;75;sea;true;ocean;0
13730;13;23;23;sea;false;ocean;0
13731;16;47;23;sea;false;ocean;0
13732;41;22;2;sea;false;ocean;0
13733;18;29;49;sea;false;ocean;0
13734;15;6;47;sea;false;ocean;0
13735;36;8;8;sea;false;ocean;0
13736;51;19;17;sea;true;ocean;0
13737;55;4;19;sea;false;ocean;0
13738;27;38;6;sea;false;ocean;0
13739;54;12;2;sea;true;ocean;0
13740;1;27;21;sea;true;ocean;0
13741;7;1;21;sea;false;ocean;0
13742;35;12;1;sea;false;ocean;0
13743;24;11;34;sea;false;ocean;0
13744;60;12;15;sea;false;ocean;0
13745;29;16;39;sea;false;ocean;0
13746;0;30;16;sea;false;ocean;0
13747;33;3;10;sea;false;ocean;0
13748;32;26;16;sea;false;ocean;0
13749;41;17;1;sea;false;ocean;0
13750;43;15;13;sea;false;ocean;0
13751;32;14;44;sea;false;ocean;0
13752;32;45;15;sea;false;ocean;0
13753;1;10;1;sea;false;ocean;0
13754;22;13;18;sea;false;ocean;0
13755;23;47;15;sea;false;ocean;0
13756;50;21;25;sea;true;ocean;0
13757;11;4;52;sea;false;ocean;0
13758;1;19;5;sea;false;ocean;0
13759;3;62;7;sea;false;ocean;0
13760;29;22;17;sea;false;ocean;0
13761;25;49;9;sea;false;ocean;0
13762;11;9;65;sea;false;ocean;0
13763;25;28;0;sea;true;ocean;0
13764;75;16;3;sea;false;ocean;0
13765;9;47;5;sea;false;ocean;0
13766;1;1;94;sea;false;ocean;0
13767;2;8;52;sea;false;ocean;0
13768;33;5;54;sea;false;ocean;0
13769;9;27;32;sea;false;ocean;0
13770;12;65;9;sea;true;ocean;0
13771;45;2;35;sea;true;ocean;0
13772;35;19;8;sea;false;ocean;0
13773;46;23;17;sea;false;ocean;0
13774;17;16;19;sea;false;ocean;0
13775;17;12;30;sea;false;ocean;0
13776;37;14;11;sea;false;ocean;0
13777;4;50;39;sea;false;ocean;0
13778;4;50;30;sea;false;ocean;0
13779;15;52;1;sea;false;ocean;0
13780;6;7;85;sea;false;ocean;0
13781;13;30;55;sea;false;ocean;0
13782;25;17;13;sea;false;ocean;0
13783;34;56;7;sea;true;ocean;0
13784;35;9;23;sea;true;ocean;0
13785;41;33;25;sea;false;ocean;0
13786;17;33;11;sea;false;ocean;0
13787;64;2;8;sea;true;ocean;0
13788;5;46;7;sea;false;ocean;0
13789;30;18;51;sea;true;ocean;0
13790;4;12;75;sea;false;ocean;0
13791;18;19;28;sea;false;ocean;0
13792;7;20;17;sea;false;ocean;0
13793;29;31;27;sea;true;ocean;0
13794;23;28;25;sea;true;ocean;0
13795;59;16;4;sea;false;ocean;0
13796;11;42;45;sea;false;ocean;0
13797;7;70;14;sea;false;ocean;0
13798;20;58;5;sea;false;ocean;0
13799;3;32;3;sea;true;ocean;0
13800;23;32;23;sea;true;ocean;0
13801;21;26;2;sea;false;ocean;0
13802;7;38;11;sea;false;ocean;0
13803;3;0;62;sea;false;ocean;0
13804;3;18;71;sea;true;ocean;0
13805;36;12;47;sea;false;ocean;0
13806;30;10;32;sea;false;ocean;0
13807;0;15;53;sea;false;ocean;0
13808;11;57;29;sea;false;ocean;0
13809;9;77;2;sea;true;ocean;0
13810;1;61;4;sea;false;ocean;0
13811;83;4;2;sea;false;ocean;0
13812;65;28;0;sea;false;ocean;0
13813;16;14;45;sea;true;ocean;0
13814;9;39;27;sea;false;ocean;0
13815;1;11;36;sea;false;ocean;0
13816;16;56;15;sea;true;ocean;0
13817;5;15;61;sea;false;ocean;0
13818;1;61;32;sea;true;ocean;0
13819;20;9;32;sea;false;ocean;0
13820;34;16;11;sea;false;ocean;0
13821;21;25;6;sea;false;ocean;0
13822;34;13;33;sea;false;ocean;0
13823;36;47;0;sea;false;ocean;0
13824;11;71;0;sea;false;ocean;0
13825;22;20;38;sea;true;ocean;0
13826;61;4;9;sea;false;ocean;0
13827;0;22;49;sea;false;ocean;0
13828;11;52;11;sea;false;ocean;0
13829;58;10;29;sea;true;ocean;0
13830;16;33;1;sea;false;ocean;0
13831;17;38;42;sea;false;ocean;0
13832;16;6;11;sea;false;ocean;0
13833;35;11;22;sea;true;ocean;2
13834;41;7;42;sea;false;ocean;0
13835;22;8;18;sea;true;ocean;0
13836;14;11;44;sea;false;ocean;0
13837;19;24;27;sea;true;ocean;0
13838;63;8;26;sea;false;ocean;0
13839;28;12;49;sea;false;ocean;0
13840;2;15;11;sea;true;ocean;0
13841;41;0;39;sea;false;ocean;0
13842;0;61;25;sea;true;ocean;0
13843;38;16;40;sea;false;ocean;0
13844;8;62;16;sea;false;ocean;0
13845;33;9;12;sea;false;ocean;0
13846;44;3;32;sea;false;ocean;0
13847;45;42;0;sea;false;ocean;0
13848;19;22;29;sea;true;ocean;0
13849;36;19;35;sea;false;ocean;0
13850;37;35;27;sea;true;ocean;0
13851;45;9;39;sea;false;ocean;0
13852;17;25;25;sea;false;ocean;0
13853;28;34;3;sea;false;ocean;0
13854;11;29;11;sea;true;ocean;0
13855;10;45;44;sea;false;ocean;0
13856;19;9;38;sea;true;ocean;0
13857;15;20;34;sea;true;ocean;0
13858;32;23;4;sea;false;ocean;0
13859;45;10;5;sea;false;ocean;0
13860;14;43;19;sea;false;ocean;0
13861;44;35;7;sea;false;ocean;0
13862;22;51;14;sea;true;ocean;0
13863;6;21;2;sea;false;ocean;0
13864;13;56;7;sea;true;ocean;0
13865;18;22;41;sea;true;ocean;0
13866;0;98;1;sea;false;ocean;0
13867;13;17;57;sea;false;ocean;0
13868;68;0;20;sea;true;ocean;0
13869;56;1;34;sea;false;ocean;0
13870;2;1;74;sea;false;ocean;0
13871;32;48;9;sea;false;ocean;0
13872;11;64;16;sea;false;ocean;0
13873;25;31;11;sea;false;ocean;0
13874;24;41;0;sea;false;ocean;0
13875;0;22;21;sea;false;ocean;0
13876;64;10;16;sea;true;ocean;0
13877;2;61;34;sea;false;ocean;0
13878;33;30;31;sea;false;ocean;0
13879;9;5;55;sea;false;ocean;0
13880;2;4;5;sea;false;ocean;0
13881;56;19;2;sea;true;ocean;0
13882;38;47;9;sea;true;ocean;0
13883;16;16;50;sea;false;ocean;0
13884;2;0;97;sea;false;ocean;0
13885;39;29;18;sea;false;ocean;0
13886;3;56;25;sea;false;ocean;0
13887;13;10;47;sea;true;ocean;0
13888;6;15;37;sea;true;ocean;0
13889;44;30;4;sea;false;ocean;0
13890;13;46;38;sea;false;ocean;0
13891;25;10;1;sea;true;ocean;0
13892;16;60;15;sea;true;ocean;0
13893;41;1;36;sea;true;ocean;0
13894;7;40;2;sea;true;ocean;0
13895;1;38;54;sea;false;ocean;0
13896;7;5;85;sea;true;ocean;0
13897;22;48;29;sea;false;ocean;0
13898;0;73;1;sea;false;ocean;0
13899;23;3;32;sea;true;ocean;0
13900;9;49;0;sea;true;ocean;0
13901;59;2;6;sea;false;ocean;0
13902;48;1;20;sea;false;ocean;0
13903;20;44;13;sea;true;ocean;0
13904;6;42;19;sea;false;ocean;0
13905;13;39;27;sea;false;ocean;0
13906;11;9;2;sea;true;ocean;0
13907;14;45;2;sea;false;ocean;0
13908;51;4;19;sea;false;ocean;0
13909;1;5;53;sea;false;ocean;0
13910;0;41;20;sea;false;ocean;0
13911;8;27;48;sea;false;ocean;0
13912;14;32;17;sea;false;ocean;0
13913;26;1;13;sea;false;ocean;0
13914;6;2;54;sea;false;ocean;0
13915;37;22;12;sea;true;ocean;0
13916;19;45;29;sea;false;ocean;0
13917;22;8;38;sea;true;ocean;0
13918;3;11;80;sea;true;ocean;2
13919;60;3;2;sea;true;ocean;0
13920;4;29;64;sea;false;ocean;0
13921;55;42;0;sea;false;ocean;0
13922;25;11;18;sea;false;ocean;0
13923;23;34;14;sea;true;ocean;0
13924;55;38;0;sea;true;ocean;0
13925;24;50;13;sea;false;ocean;0
13926;40;32;1;sea;true;ocean;0
13927;29;44;24;sea;false;ocean;0
13928;34;16;27;sea;false;ocean;0
13929;11;19;13;sea;false;ocean;0
13930;25;2;28;sea;false;ocean;0
13931;13;15;1;sea;false;ocean;0
13932;50;10;23;sea;false;ocean;0
13933;39;8;10;sea;false;ocean;0
13934;36;3;1;sea;true;ocean;0
13935;25;8;2;sea;false;ocean;0
13936;43;27;5;sea;true;ocean;0
13937;60;11;26;sea;true;ocean;0
13938;34;11;37;sea;false;ocean;0
13939;54;23;5;sea;false;ocean;0
13940;8;8;83;sea;false;ocean;0
13941;31;31;35;sea;false;ocean;0
13942;5;5;11;sea;true;ocean;0
13943;4;21;19;sea;true;ocean;0
13944;19;21;57;sea;false;ocean;0
13945;15;26;54;sea;false;ocean;0
13946;34;4;47;sea;false;ocean;0
13947;40;35;2;sea;false;ocean;0
13948;36;37;14;sea;false;ocean;0
13949;24;25;20;sea;true;ocean;0
13950;31;19;43;sea;true;ocean;0
13951;17;45;16;sea;false;ocean;0
13952;3;3;23;sea;false;ocean;0
13953;44;6;45;sea;false;ocean;0
13954;26;1;32;sea;false;ocean;0
13955;16;64;15;sea;false;ocean;0
13956;54;25;15;sea;true;ocean;0
13957;6;3;82;sea;false;ocean;0
13958;21;36;30;sea;false;ocean;0
13959;7;20;9;sea;true;ocean;0
13960;9;26;53;sea;false;ocean;0
13961;16;31;25;sea;false;ocean;0
13962;25;22;18;sea;false;ocean;0
13963;16;39;24;sea;false;ocean;0
13964;5;65;3;sea;true;ocean;0
13965;25;69;1;sea;false;ocean;0
13966;17;19;17;sea;true;ocean;0
13967;22;54;23;sea;false;ocean;0
13968;27;37;27;sea;false;ocean;0
13969;13;31;10;sea;true;ocean;0
13970;11;2;25;sea;false;ocean;0
13971;22;54;18;sea;false;ocean;0
13972;20;1;21;sea;true;ocean;0
13973;8;72;5;sea;false;ocean;0
13974;30;30;12;sea;false;ocean;0
13975;4;12;11;sea;true;ocean;0
13976;60;21;0;sea;false;ocean;0
13977;70;20;7;sea;true;ocean;0
13978;29;21;40;sea;false;ocean;0
13979;82;0;13;sea;true;ocean;0
13980;9;6;60;sea;false;ocean;0
13981;37;39;17;sea;false;ocean;0
13982;4;4;4;sea;true;ocean;0
13983;10;35;20;sea;false;ocean;0
13984;57;11;24;sea;false;ocean;0
13985;83;7;0;sea;false;ocean;0
13986;0;3;32;sea;false;ocean;0
13987;22;8;42;sea;false;ocean;0
13988;14;7;72;sea;false;ocean;0
13989;11;31;0;sea;true;ocean;0
13990;37;1;47;sea;false;ocean;0
13991;14;57;18;sea;false;ocean;0
13992;0;32;52;sea;false;ocean;0
13993;27;5;63;sea;false;ocean;0
13994;38;2;29;sea;false;ocean;0
13995;7;33;25;sea;false;ocean;0
13996;60;5;33;sea;false;ocean;0
13997;34;3;43;sea;false;ocean;0
13998;8;26;3;sea;false;ocean;0
13999;3;0;58;sea;false;ocean;0
14000;31;0;65;sea;true;ocean;0
14001;8;63;2;sea;true;ocean;0
14002;37;20;26;sea;true;ocean;0
14003;49;43;7;sea;false;ocean;0
14004;17;34;11;sea;false;ocean;0
14005;65;13;7;sea;true;ocean;0
14006;18;32;34;sea;true;ocean;0
14007;9;1;68;sea;false;ocean;0
14008;14;9;47;sea;false;ocean;0
14009;23;0;55;sea;true;ocean;0
14010;18;22;5;sea;true;ocean;0
14011;4;8;65;sea;false;ocean;0
14012;32;51;13;sea;false;ocean;0
14013;22;33;37;sea;true;ocean;0
14014;24;37;2;sea;false;ocean;0
14015;19;5;45;sea;false;ocean;0
14016;74;2;9;sea;false;ocean;0
14017;24;32;35;sea;true;ocean;0
14018;29;60;5;sea;false;ocean;0
14019;23;36;35;sea;false;ocean;0
14020;1;0;51;sea;false;ocean;0
14021;22;21;40;sea;false;ocean;0
14022;66;21;11;sea;false;ocean;0
14023;9;3;71;sea;false;ocean;0
14024;5;8;50;sea;false;ocean;0
14025;10;27;34;sea;true;ocean;0
14026;52;3;15;sea;false;ocean;0
14027;26;23;15;sea;false;ocean;0
14028;21;18;36;sea;false;ocean;0
14029;26;51;7;sea;true;ocean;0
14030;34;55;0;sea;false;ocean;0
14031;7;16;35;sea;true;ocean;0
14032;39;34;12;sea;true;ocean;0
14033;41;46;9;sea;true;ocean;0
14034;20;67;10;sea;false;ocean;0
14035;61;0;34;sea;false;ocean;0
14036;23;5;30;sea;true;ocean;0
14037;27;30;42;sea;false;ocean;0
14038;34;3;57;sea;false;ocean;0
14039;9;14;27;sea;false;ocean;0
14040;5;44;50;sea;false;ocean;0
14041;6;43;3;sea;true;ocean;0
14042;13;35;43;sea;false;ocean;0
14043;85;0;12;sea;false;ocean;0
14044;21;5;8;sea;true;ocean;0
14045;3;93;0;sea;true;ocean;0
14046;56;5;5;sea;false;ocean;0
14047;17;18;46;sea;false;ocean;0
14048;17;14;14;sea;false;ocean;0
14049;15;48;34;sea;false;ocean;0
14050;5;29;12;sea;true;ocean;0
14051;0;23;47;sea;true;ocean;0
14052;3;11;2;sea;true;ocean;0
14053;72;4;11;sea;true;ocean;0
14054;39;22;27;sea;false;ocean;0
14055;12;64;8;sea;false;ocean;0
14056;2;22;33;sea;false;ocean;0
14057;35;45;18;sea;true;ocean;0
14058;14;19;29;sea;false;ocean;0
14059;13;38;1;sea;false;ocean;0
14060;15;64;20;sea;false;ocean;0
14061;21;26;24;sea;false;ocean;0
14062;16;5;9;sea;true;ocean;0
14063;15;72;3;sea;true;ocean;0
14064;18;20;32;sea;false;ocean;0
14065;13;32;34;sea;true;ocean;0
14066;19;26;20;sea;false;ocean;0
14067;32;11;31;sea;false;ocean;0
14068;40;42;0;sea;false;ocean;0
14069;29;37;21;sea;false;ocean;0
14070;69;23;2;sea;true;ocean;0
14071;1;16;17;sea;false;ocean;0
14072;13;14;21;sea;false;ocean;0
14073;4;45;5;sea;false;ocean;0
14074;23;35;36;sea;false;ocean;0
14075;81;17;1;sea;false;ocean;0
14076;26;52;10;sea;false;ocean;0
14077;28;32;18;sea;false;ocean;0
14078;88;3;8;sea;true;ocean;0
14079;36;25;7;sea;false;ocean;0
14080;11;14;29;sea;false;ocean;0
14081;23;37;34;sea;false;ocean;0
14082;9;19;8;sea;false;ocean;0
14083;1;9;20;sea;false;ocean;0
14084;28;20;11;sea;false;ocean;0
14085;48;4;42;sea;false;ocean;0
14086;38;40;7;sea;false;ocean;0
14087;70;22;4;sea;false;ocean;0
14088;21;55;17;sea;false;ocean;0
14089;22;71;1;sea;false;ocean;0
14090;0;61;27;sea;false;ocean;0
14091;23;24;20;sea;true;ocean;0
14092;25;37;32;sea;true;ocean;0
14093;23;21;15;sea;true;ocean;0
14094;2;23;24;sea;true;ocean;0
14095;48;30;21;sea;false;ocean;0
14096;0;68;2;sea;true;ocean;0
14097;18;10;53;sea;false;ocean;0
14098;13;54;17;sea;false;ocean;0
14099;30;25;39;sea;false;ocean;0
14100;23;0;8;sea;false;ocean;0
14101;29;29;36;sea;false;ocean;0
14102;48;38;3;sea;false;ocean;0
14103;4;33;61;sea;false;ocean;0
14104;36;42;20;sea;false;ocean;0
14105;6;17;4;sea;true;ocean;0
14106;65;10;22;sea;true;ocean;0
14107;15;23;4;sea;false;ocean;0
14108;25;55;8;sea;false;ocean;0
14109;36;2;48;sea;false;ocean;0
14110;26;9;51;sea;false;ocean;0
14111;8;25;15;sea;false;ocean;0
14112;13;6;32;sea;true;ocean;0
14113;56;24;8;sea;false;ocean;0
14114;23;21;50;sea;false;ocean;0
14115;16;23;42;sea;false;ocean;0
14116;46;5;47;sea;false;ocean;0
14117;3;29;54;sea;false;ocean;0
14118;87;0;8;sea;false;ocean;0
14119;14;16;30;sea;true;ocean;0
14120;5;35;25;sea;false;ocean;0
14121;42;4;37;sea;false;ocean;0
14122;14;55;20;sea;false;ocean;0
14123;64;19;4;sea;false;ocean;0
14124;29;0;43;sea;false;ocean;0
14125;0;25;61;sea;true;ocean;0
14126;7;8;25;sea;false;ocean;0
14127;16;28;51;sea;true;ocean;0
14128;30;34;13;sea;true;ocean;0
14129;24;61;2;sea;false;ocean;0
14130;61;14;4;sea;false;ocean;0
14131;4;57;13;sea;false;ocean;0
14132;0;33;48;sea;false;ocean;0
14133;24;1;49;sea;false;ocean;0
14134;7;43;6;sea;false;ocean;0
14135;1;63;16;sea;false;ocean;0
14136;5;7;2;sea;true;ocean;0
14137;3;9;72;sea;true;ocean;0
14138;35;3;21;sea;false;ocean;0
14139;2;36;20;sea;true;ocean;0
14140;10;35;36;sea;false;ocean;0
14141;3;49;23;sea;true;ocean;5
14142;26;53;9;sea;true;ocean;0
14143;8;30;32;sea;false;ocean;0
14144;22;14;62;sea;false;ocean;0
14145;60;23;4;sea;false;ocean;0
14146;0;85;4;sea;false;ocean;0
14147;31;2;35;sea;true;ocean;0
14148;63;15;10;sea;false;ocean;0
14149;26;29;33;sea;false;ocean;0
14150;58;4;4;sea;false;ocean;0
14151;7;79;2;sea;false;ocean;0
14152;0;49;8;sea;false;ocean;0
14153;62;0;5;sea;false;ocean;0
14154;4;10;64;sea;false;ocean;0
14155;1;75;16;sea;false;ocean;0
14156;30;5;20;sea;false;ocean;0
14157;4;8;54;sea;true;ocean;0
14158;0;14;72;sea;false;ocean;0
14159;47;32;3;sea;false;ocean;0
14160;12;5;35;sea;false;ocean;0
14161;39;18;1;sea;false;ocean;0
14162;32;24;42;sea;false;ocean;0
14163;11;1;84;sea;false;ocean;0
14164;35;25;34;sea;false;ocean;0
14165;19;1;60;sea;true;ocean;0
14166;16;27;12;sea;true;ocean;0
14167;7;8;3;sea;false;ocean;0
14168;20;41;0;sea;false;ocean;0
14169;19;5;42;sea;false;ocean;0
14170;25;2;72;sea;false;ocean;0
14171;32;28;3;sea;false;ocean;0
14172;72;18;0;sea;false;ocean;0
14173;32;3;7;sea;true;ocean;0
14174;36;22;11;sea;true;ocean;0
14175;18;32;41;sea;false;ocean;0
14176;18;0;30;sea;false;ocean;0
14177;43;7;24;sea;false;ocean;0
14178;34;42;19;sea;false;ocean;0
14179;16;16;44;sea;true;ocean;0
14180;4;2;11;sea;false;ocean;0
14181;21;20;53;sea;false;ocean;0
14182;19;65;11;sea;false;ocean;0
14183;15;65;7;sea;true;ocean;0
14184;4;24;28;sea;true;ocean;0
14185;54;22;16;sea;false;ocean;0
14186;44;40;4;sea;false;ocean;0
14187;35;12;41;sea;false;ocean;0
14188;1;40;7;sea;false;ocean;0
14189;25;50;24;sea;false;ocean;0
14190;2;83;10;sea;false;ocean;0
14191;6;31;56;sea;false;ocean;0
14192;77;6;0;sea;false;ocean;0
14193;24;1;1;sea;false;ocean;0
14194;33;10;32;sea;false;ocean;0
14195;20;10;66;sea;false;ocean;0
14196;39;0;0;sea;true;ocean;0
14197;23;0;38;sea;true;ocean;0
14198;29;49;21;sea;false;ocean;0
14199;25;2;65;sea;false;ocean;0
14200;25;42;21;sea;true;ocean;0
14201;20;20;1;sea;false;ocean;0
14202;40;27;27;sea;true;ocean;0
14203;22;18;1;sea;true;ocean;0
14204;13;30;7;sea;false;ocean;0
14205;21;1;24;sea;false;ocean;0
14206;2;43;33;sea;false;ocean;0
14207;14;9;8;sea;true;ocean;0
14208;13;5;56;sea;false;ocean;0
14209;7;78;3;sea;true;ocean;0
14210;24;21;40;sea;false;ocean;0
14211;30;8;48;sea;true;ocean;0
14212;70;1;25;sea;false;ocean;0
14213;17;65;6;sea;false;ocean;0
14214;43;23;25;sea;false;ocean;0
14215;28;6;51;sea;false;ocean;0
14216;44;24;23;sea;true;ocean;0
14217;71;3;10;sea;true;ocean;0
14218;33;36;29;sea;true;ocean;0
14219;30;50;6;sea;false;ocean;0
14220;7;45;27;sea;false;ocean;0
14221;17;13;62;sea;false;ocean;0
14222;40;2;34;sea;false;ocean;0
14223;26;5;8;sea;false;ocean;0
14224;1;18;65;sea;false;ocean;0
14225;2;50;14;sea;true;ocean;0
14226;4;35;32;sea;false;ocean;0
14227;13;19;14;sea;false;ocean;0
14228;14;29;45;sea;false;ocean;0
14229;60;0;36;sea;false;ocean;0
14230;4;37;44;sea;true;ocean;0
14231;28;44;9;sea;true;ocean;0
14232;13;49;2;sea;false;ocean;0
14233;28;20;30;sea;true;ocean;0
14234;7;0;2;sea;false;ocean;0
14235;15;45;2;sea;true;ocean;0
14236;70;0;7;sea;true;ocean;0
14237;16;41;12;sea;false;ocean;0
14238;31;27;36;sea;false;ocean;0
14239;2;9;61;sea;false;ocean;0
14240;67;16;10;sea;true;ocean;0
14241;22;42;30;sea;true;ocean;0
14242;31;21;10;sea;false;ocean;0
14243;32;1;65;sea;false;ocean;0
14244;20;65;7;sea;false;ocean;0
14245;56;19;0;sea;false;ocean;0
14246;48;23;21;sea;false;ocean;0
14247;19;6;73;sea;false;ocean;0
14248;17;48;16;sea;false;ocean;0
14249;40;26;12;sea;false;ocean;0
14250;27;34;10;sea;false;ocean;0
14251;55;12;12;sea;false;ocean;0
14252;30;28;3;sea;true;ocean;0
14253;4;1;80;sea;true;ocean;0
14254;34;25;24;sea;true;ocean;1
14255;4;51;9;sea;false;ocean;0
14256;33;44;11;sea;false;ocean;0
14257;8;58;17;sea;true;ocean;5
14258;1;40;9;sea;false;ocean;0
14259;29;38;28;sea;true;ocean;0
14260;21;49;4;sea;false;ocean;0
14261;32;38;14;sea;false;ocean;0
14262;22;30;6;sea;false;ocean;0
14263;60;35;2;sea;false;ocean;0
14264;69;18;11;sea;true;ocean;0
14265;24;38;37;sea;true;ocean;0
14266;19;27;9;sea;false;ocean;0
14267;17;15;64;sea;false;ocean;0
14268;20;34;14;sea;true;ocean;0
14269;2;29;23;sea;true;ocean;0
14270;3;29;39;sea;true;ocean;0
14271;2;32;18;sea;false;ocean;0
14272;12;25;59;sea;true;ocean;0
14273;52;35;6;sea;true;ocean;0
14274;11;60;24;sea;false;ocean;0
14275;59;5;7;sea;false;ocean;0
14276;6;23;11;sea;false;ocean;0
14277;54;4;2;sea;false;ocean;0
14278;41;43;0;sea;false;ocean;0
14279;2;9;42;sea;false;ocean;0
14280;52;9;17;sea;false;ocean;0
14281;4;9;7;sea;false;ocean;0
14282;54;8;15;sea;true;ocean;0
14283;8;32;39;sea;false;ocean;0
14284;3;14;53;sea;false;ocean;0
14285;5;20;3;sea;false;ocean;0
14286;8;5;39;sea;false;ocean;0
14287;37;4;8;sea;false;ocean;0
14288;11;19;57;sea;false;ocean;0
14289;27;50;15;sea;false;ocean;0
14290;23;43;12;sea;false;ocean;0
14291;53;16;10;sea;false;ocean;0
14292;0;91;3;sea;true;ocean;0
14293;2;45;2;sea;true;ocean;0
14294;20;49;28;sea;false;ocean;0
14295;19;5;8;sea;true;ocean;0
14296;13;20;60;sea;false;ocean;0
14297;8;7;61;sea;false;ocean;0
14298;3;16;17;sea;false;ocean;0
14299;23;42;26;sea;false;ocean;0
14300;23;16;44;sea;false;ocean;0
14301;69;13;14;sea;true;ocean;0
14302;69;14;13;sea;false;ocean;0
14303;67;16;4;sea;false;ocean;0
14304;62;0;0;sea;true;ocean;0
14305;30;0;28;sea;false;ocean;0
14306;39;28;24;sea;false;ocean;0
14307;45;34;5;sea;false;ocean;0
14308;12;17;9;sea;false;ocean;0
14309;2;42;47;sea;false;ocean;0
14310;38;19;8;sea;false;ocean;0
14311;17;24;30;sea;false;ocean;0
14312;40;8;9;sea;false;ocean;0
14313;9;23;53;sea;false;ocean;0
14314;45;15;35;sea;false;ocean;0
14315;4;3;38;sea;false;ocean;0
14316;9;38;33;sea;false;ocean;0
14317;43;3;50;sea;false;ocean;0
14318;25;11;1;sea;false;ocean;0
14319;30;13;37;sea;false;ocean;0
14320;0;41;35;sea;true;ocean;0
14321;23;26;29;sea;false;ocean;0
14322;32;2;9;sea;false;ocean;0
14323;65;4;24;sea;false;ocean;0
14324;36;13;5;sea;true;ocean;0
14325;4;4;34;sea;true;ocean;0
14326;32;29;11;sea;true;ocean;0
14327;40;4;6;sea;false;ocean;0
14328;4;33;37;sea;false;ocean;0
14329;67;25;7;sea;false;ocean;0
14330;25;6;46;sea;true;ocean;0
14331;9;45;34;sea;false;ocean;0
14332;4;3;53;sea;false;ocean;0
14333;49;38;8;sea;false;ocean;0
14334;34;6;48;sea;false;ocean;0
14335;10;25;44;sea;false;ocean;0
14336;15;38;38;sea;true;ocean;0
14337;12;12;67;sea;true;ocean;0
14338;3;52;10;sea;false;ocean;0
14339;1;21;43;sea;false;ocean;0
14340;18;46;21;sea;false;ocean;0
14341;21;35;2;sea;true;ocean;0
14342;4;9;13;sea;false;ocean;0
14343;61;32;2;sea;false;ocean;0
14344;7;22;57;sea;false;ocean;0
14345;19;13;8;sea;false;ocean;0
14346;12;13;19;sea;false;ocean;0
14347;40;33;3;sea;false;ocean;0
14348;1;76;11;sea;false;ocean;0
14349;6;24;43;sea;true;ocean;0
14350;8;52;8;sea;false;ocean;0
14351;2;29;44;sea;false;ocean;0
14352;78;3;13;sea;false;ocean;0
14353;62;9;2;sea;false;ocean;0
14354;5;17;57;sea;true;ocean;0
14355;24;22;29;sea;false;ocean;0
14356;16;0;50;sea;false;ocean;0
14357;53;16;28;sea;false;ocean;0
14358;21;6;34;sea;false;ocean;0
14359;3;25;61;sea;false;ocean;0
14360;29;19;4;sea;true;ocean;0
14361;4;62;30;sea;false;ocean;0
14362;51;29;9;sea;false;ocean;0
14363;7;4;31;sea;true;ocean;0
14364;70;11;8;sea;false;ocean;0
14365;19;5;39;sea;false;ocean;0
14366;0;65;18;sea;true;ocean;0
14367;14;42;39;sea;false;ocean;0
14368;33;0;10;sea;false;ocean;0
14369;52;28;0;sea;false;ocean;0
14370;32;2;29;sea;false;ocean;0
14371;21;3;74;sea;false;ocean;0
14372;59;28;10;sea;false;ocean;0
14373;25;35;37;sea;false;ocean;0
14374;31;11;45;sea;true;ocean;0
14375;57;17;6;sea;false;ocean;0
14376;36;1;36;sea;false;ocean;0
14377;23;32;25;sea;true;ocean;0
14378;17;11;48;sea;false;ocean;0
14379;9;26;59;sea;false;ocean;0
14380;16;7;65;sea;false;ocean;0
14381;50;5;24;sea;false;ocean;0
14382;21;21;30;sea;false;ocean;0
14383;18;18;33;sea;false;ocean;0
14384;1;32;48;sea;false;ocean;0
14385;59;15;11;sea;false;ocean;0
14386;47;1;37;sea;true;ocean;0
14387;4;39;35;sea;false;ocean;0
14388;10;49;18;sea;false;ocean;0
14389;41;14;10;sea;false;ocean;0
14390;18;41;5;sea;false;ocean;0
14391;0;44;31;sea;true;ocean;0
14392;12;17;61;sea;false;ocean;0
14393;22;37;7;sea;false;ocean;0
14394;7;10;33;sea;false;ocean;0
14395;62;0;36;sea;false;ocean;0
14396;44;4;50;sea;false;ocean;0
14397;60;20;16;sea;false;ocean;0
14398;33;43;16;sea;true;ocean;0
14399;63;5;14;sea;false;ocean;0
14400;16;27;54;sea;true;ocean;2
14401;18;20;55;sea;false;ocean;0
14402;20;36;22;sea;false;ocean;0
14403;8;38;28;sea;true;ocean;0
14404;4;5;26;sea;false;ocean;0
14405;29;20;17;sea;false;ocean;0
14406;78;9;9;sea;false;ocean;0
14407;36;11;5;sea;true;ocean;0
14408;16;28;38;sea;false;ocean;0
14409;22;59;7;sea;true;ocean;0
14410;54;5;27;sea;false;ocean;0
14411;6;41;41;sea;false;ocean;0
14412;39;1;24;sea;true;ocean;0
14413;70;1;14;sea;false;ocean;0
14414;37;8;48;sea;false;ocean;0
14415;30;5;58;sea;false;ocean;0
14416;14;13;39;sea;false;ocean;0
14417;30;48;0;sea;true;ocean;0
14418;32;14;11;sea;false;ocean;0
14419;5;5;46;sea;false;ocean;0
14420;9;19;68;sea;false;ocean;0
14421;1;32;21;sea;false;ocean;0
14422;4;78;13;sea;true;ocean;0
14423;45;20;22;sea;false;ocean;0
14424;60;3;31;sea;true;ocean;0
14425;5;20;16;sea;false;ocean;0
14426;0;28;38;sea;false;ocean;0
14427;10;22;19;sea;true;ocean;0
14428;10;10;22;sea;true;ocean;0
14429;17;59;9;sea;true;ocean;0
14430;51;20;14;sea;false;ocean;0
14431;25;0;2;sea;false;ocean;0
14432;13;35;0;sea;true;ocean;0
14433;37;6;45;sea;false;ocean;0
14434;4;76;11;sea;false;ocean;0
14435;41;1;56;sea;true;ocean;0
14436;37;20;2;sea;false;ocean;0
14437;31;5;18;sea;false;ocean;0
14438;2;0;93;sea;false;ocean;0
14439;26;22;19;sea;false;ocean;0
14440;14;37;46;sea;false;ocean;0
14441;11;8;60;sea;false;ocean;0
14442;11;40;18;sea;true;ocean;0
14443;15;47;21;sea;true;ocean;0
14444;2;30;51;sea;false;ocean;0
14445;16;16;48;sea;true;ocean;0
14446;0;9;67;sea;false;ocean;0
14447;8;6;35;sea;false;ocean;0
14448;16;14;57;sea;false;ocean;0
14449;22;63;4;sea;false;ocean;0
14450;26;45;6;sea;true;ocean;0
14451;20;33;22;sea;true;ocean;0
14452;9;30;10;sea;true;ocean;0
14453;16;76;6;sea;true;ocean;0
14454;13;12;70;sea;true;ocean;0
14455;15;25;13;sea;false;ocean;0
14456;28;19;20;sea;true;ocean;0
14457;30;10;35;sea;false;ocean;0
14458;30;10;56;sea;false;ocean;0
14459;7;33;16;sea;false;ocean;0
14460;4;0;1;sea;true;ocean;0
14461;13;4;7;sea;false;ocean;0
14462;18;18;22;sea;false;ocean;0
14463;6;39;12;sea;false;ocean;0
14464;47;13;19;sea;false;ocean;0
14465;14;35;5;sea;false;ocean;0
14466;32;55;9;sea;true;ocean;0
14467;7;26;31;sea;false;ocean;0
14468;2;42;1;sea;false;ocean;0
14469;20;11;41;sea;false;ocean;0
14470;1;38;0;sea;false;ocean;0
14471;1;11;61;sea;false;ocean;0
14472;6;35;5;sea;true;ocean;0
14473;64;7;19;sea;false;ocean;0
14474;2;9;5;sea;false;ocean;0
14475;44;5;18;sea;false;ocean;0
14476;14;12;67;sea;true;ocean;0
14477;2;12;77;sea;false;ocean;0
14478;1;44;52;sea;true;ocean;0
14479;36;40;11;sea;true;ocean;0
14480;58;9;27;sea;false;ocean;0
14481;8;66;20;sea;false;ocean;0
14482;21;55;2;sea;true;ocean;0
14483;21;34;42;sea;false;ocean;0
14484;6;31;49;sea;true;ocean;0
14485;6;7;39;sea;false;ocean;0
14486;66;0;10;sea;false;ocean;0
14487;56;14;6;sea;false;ocean;0
14488;15;53;22;sea;true;ocean;0
14489;59;28;12;sea;false;ocean;0
14490;13;76;10;sea;true;ocean;0
14491;1;44;7;sea;false;ocean;0
14492;17;27;47;sea;true;ocean;0
14493;11;55;3;sea;false;ocean;0
14494;31;35;22;sea;false;ocean;0
14495;16;26;29;sea;false;ocean;0
14496;13;4;21;sea;false;ocean;0
14497;5;86;2;sea;false;ocean;0
14498;2;73;9;sea;false;ocean;0
14499;17;6;34;sea;false;ocean;0
14500;12;67;14;sea;false;ocean;0
14501;15;38;24;sea;false;ocean;0
14502;9;6;57;sea;true;ocean;0
14503;22;2;56;sea;false;ocean;0
14504;35;10;6;sea;false;ocean;0
14505;11;12;74;sea;false;ocean;0
14506;54;14;31;sea;false;ocean;0
14507;54;27;7;sea;true;ocean;0
14508;16;59;20;sea;true;ocean;0
14509;3;1;12;sea;false;ocean;0
14510;85;7;7;sea;false;ocean;0
14511;7;25;12;sea;false;ocean;0
14512;45;46;8;sea;false;ocean;0
14513;2;64;16;sea;false;ocean;0
14514;3;20;34;sea;false;ocean;0
14515;67;2;15;sea;false;ocean;0
14516;10;47;32;sea;true;ocean;0
14517;3;51;29;sea;false;ocean;0
14518;0;59;14;sea;true;ocean;0
14519;9;32;28;sea;false;ocean;0
14520;14;72;7;sea;true;ocean;0
14521;15;23;44;sea;false;ocean;0
14522;8;36;5;sea;true;ocean;0
14523;4;72;13;sea;true;ocean;0
14524;52;28;15;sea;false;ocean;0
14525;48;29;18;sea;false;ocean;0
14526;37;2;39;sea;false;ocean;0
14527;29;38;32;sea;false;ocean;0
14528;3;60;6;sea;false;ocean;0
14529;10;55;11;sea;true;ocean;0
14530;24;9;52;sea;true;ocean;0
14531;2;40;40;sea;false;ocean;0
14532;31;20;48;sea;true;ocean;0
14533;18;56;0;sea;false;ocean;0
14534;40;12;24;sea;false;ocean;0
14535;6;25;66;sea;false;ocean;0
14536;32;14;33;sea;true;ocean;0
14537;9;1;81;sea;true;ocean;0
14538;26;0;54;sea;true;ocean;0
14539;8;9;20;sea;false;ocean;0
14540;41;23;11;sea;false;ocean;0
14541;10;17;37;sea;true;ocean;0
14542;26;15;4;sea;false;ocean;0
14543;16;9;55;sea;false;ocean;0
14544;16;69;12;sea;true;ocean;2
14545;0;10;66;sea;false;ocean;0
14546;27;35;34;sea;false;ocean;0
14547;15;39;28;sea;false;ocean;0
14548;12;13;13;sea;true;ocean;0
14549;28;16;10;sea;false;ocean;0
14550;2;22;54;sea;true;ocean;0
14551;25;17;40;sea;true;ocean;0
14552;60;27;8;sea;false;ocean;0
14553;6;1;5;sea;true;ocean;0
14554;21;30;29;sea;false;ocean;0
14555;15;14;19;sea;false;ocean;0
14556;18;23;25;sea;false;ocean;0
14557;58;11;14;sea;true;ocean;0
14558;18;3;21;sea;true;ocean;0
14559;22;17;7;sea;false;ocean;0
14560;20;8;71;sea;false;ocean;0
14561;33;16;15;sea;false;ocean;0
14562;32;6;30;sea;false;ocean;0
14563;18;41;11;sea;false;ocean;0
14564;21;15;12;sea;true;ocean;0
14565;1;47;10;sea;false;ocean;0
14566;21;32;40;sea;false;ocean;0
14567;17;11;13;sea;false;ocean;0
14568;43;29;8;sea;false;ocean;0
14569;33;2;35;sea;true;ocean;0
14570;51;21;2;sea;true;ocean;0
14571;8;21;40;sea;false;ocean;0
14572;2;72;22;sea;false;ocean;0
14573;21;17;18;sea;false;ocean;0
14574;29;41;17;sea;false;ocean;0
14575;0;5;23;sea;true;ocean;0
14576;6;6;46;sea;false;ocean;0
14577;57;6;11;sea;true;ocean;0
14578;6;10;78;sea;true;ocean;0
14579;6;23;45;sea;true;ocean;0
14580;12;26;20;sea;false;ocean;0
14581;45;0;26;sea;false;ocean;0
14582;67;18;3;sea;true;ocean;0
14583;34;12;10;sea;false;ocean;0
14584;51;30;13;sea;false;ocean;0
14585;27;8;46;sea;false;ocean;0
14586;28;41;13;sea;false;ocean;0
14587;8;19;41;sea;false;ocean;0
14588;8;24;30;sea;false;ocean;0
14589;15;30;37;sea;true;ocean;0
14590;9;71;16;sea;true;ocean;0
14591;33;6;42;sea;false;ocean;0
14592;26;0;58;sea;true;ocean;0
14593;21;23;3;sea;false;ocean;0
14594;46;17;28;sea;true;ocean;0
14595;49;28;11;sea;false;ocean;0
14596;1;20;13;sea;false;ocean;0
14597;10;45;27;sea;false;ocean;0
14598;62;1;35;sea;true;ocean;5
14599;32;2;1;sea;false;ocean;0
14600;20;29;1;sea;false;ocean;0
14601;0;38;53;sea;false;ocean;0
14602;27;24;16;sea;false;ocean;0
14603;16;74;9;sea;false;ocean;0
14604;53;7;33;sea;true;ocean;0
14605;19;14;57;sea;false;ocean;0
14606;5;50;18;sea;false;ocean;0
14607;24;45;28;sea;false;ocean;0
14608;4;42;30;sea;false;ocean;0
14609;12;13;7;sea;true;ocean;0
14610;14;66;18;sea;false;ocean;0
14611;46;25;16;sea;false;ocean;0
14612;11;21;31;sea;false;ocean;0
14613;8;26;48;sea;false;ocean;0
14614;10;40;49;sea;true;ocean;0
14615;83;2;3;sea;false;ocean;0
14616;55;1;18;sea;false;ocean;0
14617;14;8;46;sea;false;ocean;0
14618;40;14;33;sea;false;ocean;0
14619;44;30;22;sea;false;ocean;0
14620;2;2;36;sea;true;ocean;0
14621;4;89;4;sea;false;ocean;0
14622;76;2;4;sea;false;ocean;0
14623;17;29;20;sea;false;ocean;0
14624;17;76;3;sea;false;ocean;0
14625;27;4;12;sea;false;ocean;0
14626;31;22;1;sea;false;ocean;0
14627;72;1;26;sea;true;ocean;0
14628;33;40;25;sea;false;ocean;0
14629;37;4;47;sea;false;ocean;0
14630;38;26;34;sea;false;ocean;0
14631;47;21;0;sea;false;ocean;0
14632;23;47;26;sea;false;ocean;0
14633;29;1;22;sea;true;ocean;0
14634;31;3;63;sea;true;ocean;0
14635;11;2;33;sea;true;ocean;0
14636;45;13;36;sea;true;ocean;0
14637;58;3;27;sea;false;ocean;0
14638;32;46;5;sea;false;ocean;0
14639;6;21;38;sea;true;ocean;0
14640;82;8;6;sea;true;ocean;0
14641;38;33;15;sea;false;ocean;0
14642;38;22;37;sea;true;ocean;0
14643;13;8;46;sea;false;ocean;0
14644;10;40;13;sea;true;ocean;0
14645;18;5;61;sea;false;ocean;0
14646;45;35;19;sea;false;ocean;0
14647;73;9;16;sea;false;ocean;0
14648;1;33;51;sea;true;ocean;0
14649;36;8;22;sea;true;ocean;0
14650;14;52;13;sea;true;ocean;0
14651;44;9;13;sea;true;ocean;0
14652;58;26;12;sea;true;ocean;0
14653;39;12;48;sea;true;ocean;0
14654;10;11;9;sea;true;ocean;0
14655;9;13;29;sea;false;ocean;0
14656;37;5;15;sea;false;ocean;0
14657;7;77;0;sea;true;ocean;0
14658;8;10;13;sea;false;ocean;0
14659;13;33;38;sea;true;ocean;0
14660;48;22;22;sea;true;ocean;0
14661;9;33;53;sea;false;ocean;0
14662;4;47;5;sea;false;ocean;0
14663;19;61;17;sea;false;ocean;0
14664;41;24;9;sea;true;ocean;0
14665;41;19;7;sea;true;ocean;0
14666;4;34;52;sea;false;ocean;0
14667;0;22;9;sea;false;ocean;0
14668;22;65;12;sea;false;ocean;0
14669;3;53;34;sea;true;ocean;0
14670;57;21;19;sea;false;ocean;0
14671;10;85;4;sea;false;ocean;0
14672;18;3;73;sea;true;ocean;0
14673;8;40;32;sea;false;ocean;0
14674;37;22;7;sea;false;ocean;0
14675;31;3;44;sea;false;ocean;0
14676;16;20;55;sea;true;ocean;0
14677;51;12;25;sea;true;ocean;0
14678;0;13;81;sea;false;ocean;0
14679;69;4;1;sea;false;ocean;0
14680;2;37;37;sea;false;ocean;0
14681;7;50;16;sea;false;ocean;0
14682;3;39;14;sea;false;ocean;0
14683;2;77;13;sea;true;ocean;0
14684;17;4;50;sea;false;ocean;0
14685;11;22;15;sea;false;ocean;0
14686;21;18;51;sea;false;ocean;0
14687;17;45;30;sea;true;ocean;0
14688;59;16;20;sea;false;ocean;0
14689;16;4;26;sea;false;ocean;0
14690;51;35;7;sea;false;ocean;0
14691;20;8;68;sea;false;ocean;0
14692;36;6;41;sea;true;ocean;2
14693;59;7;16;sea;false;ocean;0
14694;64;22;8;sea;false;ocean;0
14695;19;3;37;sea;false;ocean;0
14696;22;46;6;sea;true;ocean;0
14697;40;4;25;sea;false;ocean;0
14698;27;7;16;sea;false;ocean;0
14699;6;30;60;sea;false;ocean;0
14700;1;72;18;sea;true;ocean;0
14701;18;45;33;sea;false;ocean;0
14702;45;4;26;sea;false;ocean;0
14703;15;49;33;sea;false;ocean;0
14704;1;43;24;sea;false;ocean;0
14705;56;13;12;sea;false;ocean;0
14706;8;65;4;sea;true;ocean;0
14707;45;9;5;sea;true;ocean;0
14708;13;10;60;sea;false;ocean;0
14709;2;73;3;sea;true;ocean;0
14710;32;26;38;sea;false;ocean;0
14711;58;12;19;sea;true;ocean;0
14712;10;17;69;sea;true;ocean;0
14713;49;11;13;sea;false;ocean;0
14714;23;23;46;sea;false;ocean;0
14715;21;3;59;sea;false;ocean;0
14716;21;24;34;lake;false;plains;5
14717;13;19;15;sea;false;ocean;0
14718;15;71;10;sea;false;ocean;0
14719;23;19;3;sea;false;ocean;0
14720;15;61;21;sea;true;ocean;0
14721;37;17;17;sea;false;ocean;0
14722;21;2;34;sea;false;ocean;0
14723;6;5;87;sea;false;ocean;0
14724;54;16;16;sea;false;ocean;0
14725;48;14;26;sea;true;ocean;0
14726;17;10;46;sea;false;ocean;0
14727;54;25;1;sea;true;ocean;0
14728;18;50;31;sea;true;ocean;0
14729;14;70;13;sea;false;ocean;0
14730;53;28;4;sea;false;ocean;0
14731;45;30;5;sea;true;ocean;0
14732;36;4;8;sea;false;ocean;0
14733;71;15;9;sea;false;ocean;0
14734;25;22;33;sea;false;ocean;0
14735;17;5;19;sea;false;ocean;0
14736;0;0;55;sea;false;ocean;0
14737;21;38;34;sea;false;ocean;0
14738;16;41;20;sea;true;ocean;0
14739;45;1;31;sea;false;ocean;0
14740;7;43;15;sea;false;ocean;0
14741;11;20;65;sea;false;ocean;0
14742;8;20;45;sea;false;ocean;0
14743;3;39;16;sea;false;ocean;0
14744;9;58;15;sea;true;ocean;0
14745;15;41;17;sea;false;ocean;0
14746;1;10;52;sea;true;ocean;0
14747;5;21;9;sea;false;ocean;0
14748;31;7;61;sea;true;ocean;0
14749;8;31;56;sea;false;ocean;0
14750;23;31;1;sea;false;ocean;0
14751;25;21;32;sea;false;ocean;0
14752;24;12;4;sea;false;ocean;0
14753;23;11;45;sea;true;ocean;1
14754;46;2;16;sea;false;ocean;0
14755;69;13;6;sea;false;ocean;0
14756;0;29;9;sea;true;ocean;0
14757;10;31;23;sea;false;ocean;0
14758;7;12;61;sea;true;ocean;0
14759;35;1;27;sea;false;ocean;0
14760;33;28;14;sea;false;ocean;0
14761;40;17;31;sea;true;ocean;0
14762;4;22;45;sea;false;ocean;0
14763;1;2;1;sea;false;ocean;0
14764;27;4;50;sea;false;ocean;0
14765;34;36;17;sea;false;ocean;0
14766;24;51;3;sea;false;ocean;0
14767;9;78;0;sea;false;ocean;0
14768;44;11;29;sea;true;ocean;0
14769;20;11;13;sea;false;ocean;0
14770;59;10;7;sea;false;ocean;0
14771;22;55;13;sea;false;ocean;0
14772;65;0;12;sea;false;ocean;0
14773;33;7;42;sea;true;ocean;0
14774;25;10;63;sea;false;ocean;0
14775;42;20;13;sea;false;ocean;0
14776;29;23;41;sea;false;ocean;0
14777;22;1;20;sea;false;ocean;0
14778;59;5;5;sea;true;ocean;0
14779;48;18;9;sea;false;ocean;0
14780;6;57;28;sea;true;ocean;0
14781;14;54;10;sea;false;ocean;0
14782;5;53;8;sea;false;ocean;0
14783;8;41;34;sea;false;ocean;0
14784;38;13;1;sea;false;ocean;0
14785;3;43;34;sea;false;ocean;0
14786;17;20;18;sea;false;ocean;0
14787;36;8;29;sea;false;ocean;0
14788;2;5;7;sea;false;ocean;0
14789;46;32;4;sea;true;ocean;0
14790;11;39;44;sea;false;ocean;0
14791;61;2;28;sea;false;ocean;0
14792;13;19;6;sea;false;ocean;0
14793;9;69;17;sea;true;ocean;0
14794;1;26;13;sea;false;ocean;0
14795;0;47;49;sea;false;ocean;0
14796;19;19;60;sea;false;ocean;0
14797;10;2;39;sea;false;ocean;0
14798;18;27;16;sea;false;ocean;0
14799;9;25;64;sea;false;ocean;0
14800;18;18;11;sea;true;ocean;0
14801;11;55;2;sea;true;ocean;0
14802;66;4;23;sea;false;ocean;0
14803;35;46;13;sea;false;ocean;0
14804;6;1;50;sea;false;ocean;0
14805;47;23;16;sea;true;ocean;0
14806;3;71;10;sea;false;ocean;0
14807;12;42;26;sea;true;ocean;0
14808;44;6;17;sea;false;ocean;0
14809;8;37;33;sea;false;ocean;0
14810;77;13;9;sea;true;ocean;0
14811;11;24;35;sea;false;ocean;0
14812;2;9;50;sea;false;ocean;0
14813;20;12;8;sea;true;ocean;0
14814;7;29;8;sea;false;ocean;0
14815;24;28;32;sea;true;ocean;0
14816;9;54;4;sea;false;ocean;0
14817;10;8;76;sea;true;ocean;0
14818;16;28;8;sea;false;ocean;0
14819;22;23;16;sea;false;ocean;0
14820;38;21;39;sea;false;ocean;0
14821;0;63;26;sea;false;ocean;0
14822;26;22;43;sea;false;ocean;0
14823;25;9;0;sea;false;ocean;0
14824;32;25;42;sea;false;ocean;0
14825;2;43;31;sea;true;ocean;0
14826;38;30;2;sea;false;ocean;0
14827;18;28;45;sea;false;ocean;0
14828;2;16;31;sea;false;ocean;0
14829;46;2;21;sea;false;ocean;0
14830;4;63;15;sea;false;ocean;0
14831;17;46;25;sea;true;ocean;0
14832;28;21;43;sea;true;ocean;0
14833;63;7;5;sea;false;ocean;0
14834;61;5;3;sea;false;ocean;0
14835;44;27;28;sea;false;ocean;0
14836;18;33;28;sea;true;ocean;0
14837;20;66;5;sea;true;ocean;0
14838;31;36;17;sea;true;ocean;5
14839;5;4;78;sea;false;ocean;0
14840;26;56;1;sea;false;ocean;0
14841;25;33;38;sea;false;ocean;0
14842;10;5;32;sea;false;ocean;0
14843;4;21;65;sea;false;ocean;0
14844;31;19;45;sea;false;ocean;0
14845;14;34;20;sea;false;ocean;0
14846;31;4;23;sea;true;ocean;0
14847;15;0;71;sea;true;ocean;0
14848;9;82;7;sea;false;ocean;0
14849;46;17;4;sea;false;ocean;0
14850;17;26;26;sea;true;ocean;0
14851;2;26;38;sea;false;ocean;0
14852;6;8;16;sea;false;ocean;0
14853;1;0;38;sea;true;ocean;0
14854;30;4;34;sea;true;ocean;0
14855;40;4;7;sea;false;ocean;0
14856;38;9;13;sea;false;ocean;0
14857;4;40;18;sea;true;ocean;0
14858;30;1;27;sea;false;ocean;0
14859;9;9;56;sea;false;ocean;0
14860;46;14;8;sea;false;ocean;0
14861;49;32;5;sea;true;ocean;0
14862;18;46;31;sea;false;ocean;0
14863;5;39;29;sea;false;ocean;0
14864;58;25;0;sea;true;ocean;0
14865;12;51;16;sea;false;ocean;0
14866;38;26;0;sea;true;ocean;0
14867;23;44;28;sea;false;ocean;0
14868;13;8;71;sea;false;ocean;0
14869;17;8;67;sea;true;ocean;0
14870;20;34;8;sea;false;ocean;0
14871;1;41;3;sea;false;ocean;0
14872;18;35;34;sea;false;ocean;0
14873;15;73;7;sea;false;ocean;0
14874;6;16;73;sea;false;ocean;0
14875;10;5;7;sea;false;ocean;0
14876;41;11;34;sea;true;ocean;0
14877;15;1;18;sea;false;ocean;0
14878;13;11;67;sea;true;ocean;0
14879;24;3;19;sea;false;ocean;0
14880;59;24;14;sea;false;ocean;0
14881;38;9;39;sea;true;ocean;0
14882;41;6;19;sea;true;ocean;0
14883;36;14;5;sea;false;ocean;0
14884;11;21;28;sea;true;ocean;0
14885;58;1;4;sea;true;ocean;0
14886;5;9;68;sea;false;ocean;0
14887;27;28;32;sea;false;ocean;0
14888;53;24;12;sea;false;ocean;0
14889;71;3;9;sea;false;ocean;0
14890;54;8;35;sea;false;ocean;0
14891;9;1;4;sea;false;ocean;0
14892;47;43;2;sea;true;ocean;0
14893;1;33;23;sea;true;ocean;0
14894;75;0;11;sea;false;ocean;0
14895;45;15;26;sea;true;ocean;0
14896;2;6;91;sea;false;ocean;0
14897;8;34;52;sea;false;ocean;0
14898;35;28;6;sea;true;ocean;0
14899;14;2;61;sea;false;ocean;0
14900;10;36;47;sea;true;ocean;0
14901;3;15;78;sea;false;ocean;0
14902;37;3;25;sea;false;ocean;0
14903;4;7;52;sea;false;ocean;0
14904;35;47;15;sea;false;ocean;0
14905;23;1;31;sea;false;ocean;0
14906;9;42;45;sea;true;ocean;0
14907;2;50;40;sea;false;ocean;0
14908;2;23;14;sea;false;ocean;0
14909;12;28;10;sea;false;ocean;0
14910;37;49;5;sea;true;ocean;0
14911;48;27;0;sea;false;ocean;0
14912;11;26;50;sea;false;ocean;0
14913;34;42;7;sea;true;ocean;0
14914;8;8;36;sea;false;ocean;0
14915;37;35;18;sea;true;ocean;0
14916;27;8;26;sea;true;ocean;0
14917;58;5;22;sea;true;ocean;0
14918;31;5;63;sea;false;ocean;0
14919;11;16;25;sea;false;ocean;0
14920;84;11;3;sea;false;ocean;0
14921;31;13;43;sea;false;ocean;0
14922;46;35;2;sea;false;ocean;0
14923;16;15;8;sea;false;ocean;0
14924;26;27;17;sea;false;ocean;0
14925;3;67;7;sea;false;ocean;0
14926;3;8;69;sea;true;ocean;0
14927;16;33;44;sea;false;ocean;0
14928;19;20;8;sea;true;ocean;0
14929;21;19;29;sea;false;ocean;0
14930;1;6;83;sea;false;ocean;0
14931;8;32;19;sea;true;ocean;2
14932;40;1;36;sea;false;ocean;0
14933;38;22;29;sea;false;ocean;0
14934;63;6;25;sea;true;ocean;0
14935;2;29;26;sea;false;ocean;0
14936;13;45;41;sea;false;ocean;0
14937;38;13;29;sea;false;ocean;0
14938;77;1;14;sea;false;ocean;0
14939;21;2;36;sea;false;ocean;0
14940;28;24;10;sea;true;ocean;0
14941;46;15;9;sea;false;ocean;0
14942;33;38;3;sea;true;ocean;0
14943;37;8;20;sea;false;ocean;0
14944;15;57;24;sea;false;ocean;0
14945;36;28;17;sea;false;ocean;0
14946;43;36;3;sea;true;ocean;0
14947;51;27;0;sea;false;ocean;0
14948;1;45;38;sea;false;ocean;0
14949;34;18;40;sea;true;ocean;0
14950;17;35;2;sea;false;ocean;0
14951;20;55;16;sea;true;ocean;0
14952;0;58;17;sea;false;ocean;0
14953;17;36;42;sea;false;ocean;0
14954;5;28;47;sea;false;ocean;0
14955;38;9;20;sea;false;ocean;0
14956;23;29;26;sea;false;ocean;0
14957;3;38;2;sea;false;ocean;0
14958;5;24;55;sea;true;ocean;0
14959;22;23;47;sea;true;ocean;0
14960;3;7;48;sea;false;ocean;0
14961;13;7;56;sea;true;ocean;0
14962;26;10;49;sea;false;ocean;0
14963;8;44;21;sea;true;ocean;0
14964;7;20;0;sea;false;ocean;0
14965;16;8;58;sea;true;ocean;0
14966;7;5;39;sea;false;ocean;0
14967;43;8;7;sea;true;ocean;0
14968;6;14;7;sea;false;ocean;0
14969;80;8;2;sea;true;ocean;0
14970;0;58;30;sea;true;ocean;0
14971;29;37;29;sea;false;ocean;0
14972;24;46;24;sea;false;ocean;0
14973;29;1;15;sea;false;ocean;0
14974;38;5;9;sea;false;ocean;0
14975;24;58;11;sea;false;ocean;0
14976;46;7;4;sea;true;ocean;0
14977;55;5;23;sea;true;ocean;0
14978;33;10;11;sea;false;ocean;0
14979;11;44;4;sea;false;ocean;0
14980;50;34;15;sea;true;ocean;0
14981;7;6;2;sea;false;ocean;0
14982;32;39;5;sea;false;ocean;0
14983;5;33;50;sea;false;ocean;0
14984;69;20;5;sea;true;ocean;0
14985;11;39;32;sea;false;ocean;0
14986;66;5;28;sea;false;ocean;0
14987;3;0;46;sea;false;ocean;0
14988;5;32;26;sea;true;ocean;0
14989;35;28;27;sea;true;ocean;0
14990;47;15;18;sea;true;ocean;0
14991;23;13;35;sea;false;ocean;0
14992;25;44;14;sea;false;ocean;0
14993;72;4;4;sea;false;ocean;0
14994;17;9;52;sea;false;ocean;0
14995;12;19;62;sea;false;ocean;0
14996;10;2;4;sea;false;ocean;0
14997;53;9;29;sea;false;ocean;0
14998;1;11;7;sea;false;ocean;0
14999;62;1;33;sea;true;ocean;0
15000;21;53;20;sea;true;ocean;2
15001;43;3;5;sea;false;ocean;0
15002;11;40;12;sea;false;ocean;0
15003;4;76;7;sea;false;ocean;0
15004;7;0;52;sea;false;ocean;0
15005;39;9;1;sea;true;ocean;0
15006;21;55;0;sea;false;ocean;0
15007;8;6;65;sea;false;ocean;0
15008;13;38;31;sea;false;ocean;0
15009;20;1;59;sea;true;ocean;0
15010;54;21;17;sea;false;ocean;0
15011;3;14;50;sea;true;ocean;0
15012;9;50;17;sea;true;ocean;0
15013;1;39;31;sea;false;ocean;0
15014;8;25;6;sea;false;ocean;0
15015;15;32;37;sea;false;ocean;0
15016;31;23;23;sea;false;ocean;0
15017;26;12;18;sea;false;ocean;0
15018;4;8;56;sea;false;ocean;0
15019;0;19;60;sea;false;ocean;0
15020;49;11;25;sea;true;ocean;0
15021;6;0;41;sea;false;ocean;0
15022;29;26;29;sea;false;ocean;0
15023;41;8;47;sea;true;ocean;0
15024;10;12;16;sea;false;ocean;0
15025;25;28;35;sea;false;ocean;0
15026;40;16;17;sea;true;ocean;0
15027;3;34;41;sea;false;ocean;0
15028;15;15;64;sea;true;ocean;0
15029;30;20;16;sea;true;ocean;0
15030;0;42;29;sea;true;ocean;0
15031;10;41;35;sea;false;ocean;0
15032;67;8;16;sea;false;ocean;0
15033;40;11;37;sea;false;ocean;0
15034;40;31;27;sea;false;ocean;0
15035;4;18;39;sea;false;ocean;0
15036;30;35;22;sea;false;ocean;0
15037;17;2;67;sea;false;ocean;0
15038;24;11;53;sea;false;ocean;0
15039;26;48;15;sea;false;ocean;0
15040;28;57;9;sea;true;ocean;0
15041;26;45;21;sea;false;ocean;0
15042;41;10;17;sea;false;ocean;0
15043;7;8;30;sea;false;ocean;0
15044;25;0;64;sea;false;ocean;0
15045;4;12;54;sea;false;ocean;0
15046;2;17;19;sea;false;ocean;0
15047;63;2;24;sea;false;ocean;0
15048;10;21;67;sea;true;ocean;0
15049;0;51;42;sea;false;ocean;0
15050;28;1;46;sea;false;ocean;0
15051;62;13;16;sea;true;ocean;0
15052;32;3;0;sea;false;ocean;0
15053;38;29;12;sea;false;ocean;0
15054;56;37;4;sea;false;ocean;0
15055;21;55;3;sea;false;ocean;0
15056;22;22;1;sea;false;ocean;0
15057;21;14;56;sea;false;ocean;0
15058;7;2;69;sea;true;ocean;0
15059;44;46;3;sea;false;ocean;0
15060;3;79;15;sea;false;ocean;0
15061;21;9;6;sea;true;ocean;0
15062;6;32;34;sea;false;ocean;0
15063;0;19;14;sea;false;ocean;0
15064;30;5;40;sea;false;ocean;0
15065;12;7;59;sea;false;ocean;0
15066;3;12;52;sea;false;ocean;0
15067;2;30;18;sea;false;ocean;0
15068;1;10;39;sea;true;ocean;0
15069;16;38;25;sea;false;ocean;0
15070;12;68;3;sea;true;ocean;0
15071;53;4;6;sea;false;ocean;0
15072;8;24;19;sea;true;ocean;0
15073;25;35;11;sea;true;ocean;0
15074;31;8;4;sea;true;ocean;0
15075;5;30;45;sea;true;ocean;0
15076;64;8;9;sea;false;ocean;0
15077;2;0;70;sea;true;ocean;4
15078;39;36;20;sea;false;ocean;0
15079;34;5;57;sea;true;ocean;0
15080;71;5;15;sea;false;ocean;0
15081;17;35;45;sea;true;ocean;6
15082;41;12;44;sea;false;ocean;0
15083;15;12;29;sea;false;ocean;0
15084;46;7;30;sea;false;ocean;0
15085;2;26;56;sea;true;ocean;0
15086;20;54;20;sea;true;ocean;0
15087;27;7;23;sea;true;ocean;0
15088;16;29;5;sea;false;ocean;0
15089;50;15;16;sea;false;ocean;0
15090;6;3;23;sea;false;ocean;0
15091;21;7;20;sea;true;ocean;0
15092;2;38;7;sea;false;ocean;0
15093;28;0;5;sea;true;ocean;0
15094;49;23;7;sea;false;ocean;0
15095;20;13;0;sea;true;ocean;0
15096;2;10;58;sea;false;ocean;0
15097;7;13;51;sea;false;ocean;0
15098;5;1;91;sea;true;ocean;0
15099;41;10;39;sea;true;ocean;0
15100;50;29;8;sea;true;ocean;0
15101;7;37;50;sea;false;ocean;0
15102;22;52;25;sea;false;ocean;0
15103;20;42;27;sea;false;ocean;0
15104;6;32;41;sea;false;ocean;0
15105;52;3;1;sea;false;ocean;0
15106;6;55;26;sea;false;ocean;0
15107;15;26;27;sea;false;ocean;0
15108;31;29;21;sea;true;ocean;0
15109;2;86;8;sea;false;ocean;0
15110;30;2;22;sea;true;ocean;0
15111;18;53;21;sea;false;ocean;0
15112;67;22;4;sea;false;ocean;0
15113;73;0;18;sea;false;ocean;0
15114;5;69;13;sea;true;ocean;0
15115;50;9;9;sea;true;ocean;0
15116;1;62;8;sea;false;ocean;0
15117;18;44;31;sea;true;ocean;0
15118;46;22;24;sea;false;ocean;0
15119;44;28;12;sea;true;ocean;0
15120;68;24;0;sea;false;ocean;0
15121;19;31;36;sea;false;ocean;0
15122;66;13;8;sea;false;ocean;0
15123;27;22;12;sea;false;ocean;0
15124;15;73;2;sea;true;ocean;0
15125;12;35;6;sea;false;ocean;0
15126;0;85;9;sea;false;ocean;0
15127;38;22;26;sea;true;ocean;0
15128;5;5;81;sea;false;ocean;0
15129;15;5;33;sea;false;ocean;0
15130;12;8;5;sea;false;ocean;0
15131;50;6;32;sea;false;ocean;0
15132;7;73;3;sea;true;ocean;0
15133;5;33;43;sea;true;ocean;0
15134;11;33;9;sea;true;ocean;0
15135;84;1;0;sea;false;ocean;0
15136;6;19;57;sea;false;ocean;0
15137;8;35;30;sea;false;ocean;0
15138;2;43;29;sea;false;ocean;0
15139;11;30;52;sea;true;ocean;0
15140;29;7;38;sea;false;ocean;0
15141;82;1;14;sea;false;ocean;0
15142;11;17;64;sea;false;ocean;0
15143;15;24;24;sea;true;ocean;0
15144;20;19;9;sea;false;ocean;0
15145;38;18;32;sea;false;ocean;0
15146;6;16;20;sea;true;ocean;0
15147;42;26;27;sea;true;ocean;0
15148;31;26;35;sea;false;ocean;0
15149;21;53;6;sea;true;ocean;0
15150;21;11;44;sea;false;ocean;0
15151;35;18;15;sea;false;ocean;0
15152;0;0;71;sea;true;ocean;0
15153;15;34;0;sea;false;ocean;0
15154;37;49;9;sea;false;ocean;0
15155;31;65;2;sea;false;ocean;0
15156;46;1;11;sea;true;ocean;0
15157;4;58;13;sea;false;ocean;0
15158;30;58;1;sea;true;ocean;0
15159;7;5;76;sea;false;ocean;0
15160;6;14;14;sea;true;ocean;0
15161;17;73;2;sea;false;ocean;0
15162;21;7;24;sea;false;ocean;0
15163;29;1;21;sea;true;ocean;0
15164;69;8;14;sea;true;ocean;0
15165;17;17;34;sea;false;ocean;0
15166;28;29;2;sea;false;ocean;0
15167;32;7;0;sea;false;ocean;0
15168;21;57;6;sea;true;ocean;0
15169;27;27;44;sea;false;ocean;0
15170;19;11;46;sea;false;ocean;0
15171;6;13;35;sea;false;ocean;0
15172;12;31;41;sea;true;ocean;0
15173;5;1;68;sea;true;ocean;0
15174;77;19;3;sea;false;ocean;0
15175;3;44;25;sea;false;ocean;0
15176;29;12;44;sea;false;ocean;0
15177;2;44;18;sea;false;ocean;0
15178;62;14;12;sea;false;ocean;0
15179;7;16;75;sea;true;ocean;0
15180;0;3;46;sea;true;ocean;0
15181;24;30;17;sea;false;ocean;0
15182;34;41;22;sea;true;ocean;0
15183;10;6;78;sea;false;ocean;0
15184;60;4;29;sea;false;ocean;0
15185;43;6;3;sea;false;ocean;0
15186;16;34;15;sea;false;ocean;0
15187;37;58;4;sea;true;ocean;0
15188;50;11;33;sea;false;ocean;0
15189;49;26;6;sea;false;ocean;0
15190;37;19;24;sea;true;ocean;0
15191;16;53;30;sea;false;ocean;0
15192;12;41;39;sea;false;ocean;0
15193;9;22;65;sea;false;ocean;0
15194;0;92;0;sea;true;ocean;0
15195;6;54;28;sea;false;ocean;0
15196;32;37;24;sea;false;ocean;0
15197;5;1;59;sea;true;ocean;1
15198;49;17;7;sea;false;ocean;0
15199;52;20;14;sea;false;ocean;0
15200;42;3;42;sea;false;ocean;0
15201;6;59;17;sea;true;ocean;0
15202;2;33;48;sea;false;ocean;0
15203;53;2;9;sea;false;ocean;0
15204;52;8;30;sea;false;ocean;0
15205;19;59;16;sea;false;ocean;0
15206;41;19;21;sea;true;ocean;0
15207;2;25;69;sea;false;ocean;0
15208;23;4;41;sea;true;ocean;0
15209;5;47;22;sea;false;ocean;0
15210;30;31;26;sea;true;ocean;0
15211;21;43;21;sea;false;ocean;0
15212;3;31;0;sea;false;ocean;0
15213;21;28;39;sea;false;ocean;0
15214;9;42;42;sea;false;ocean;0
15215;42;12;18;sea;false;ocean;0
15216;66;15;17;sea;false;ocean;0
15217;47;3;47;sea;false;ocean;0
15218;0;5;16;sea;false;ocean;0
15219;49;1;5;sea;false;ocean;0
15220;11;54;33;sea;false;ocean;0
15221;11;7;63;sea;true;ocean;0
15222;69;13;2;sea;false;ocean;0
15223;1;38;16;sea;false;ocean;0
15224;7;2;24;sea;false;ocean;0
15225;21;8;13;sea;true;ocean;0
15226;26;0;40;sea;false;ocean;0
15227;9;83;3;sea;true;ocean;0
15228;31;9;35;sea;false;ocean;0
15229;32;1;5;sea;false;ocean;0
15230;40;20;28;sea;false;ocean;0
15231;9;8;13;sea;true;ocean;0
15232;10;36;44;sea;true;ocean;0
15233;46;9;9;sea;false;ocean;0
15234;6;23;44;sea;false;ocean;0
15235;35;32;3;sea;false;ocean;0
15236;70;9;7;sea;false;ocean;0
15237;27;17;15;sea;false;ocean;0
15238;48;22;14;sea;true;ocean;5
15239;14;49;20;sea;false;ocean;0
15240;8;31;22;sea;false;ocean;0
15241;21;56;15;sea;true;ocean;0
15242;6;31;30;sea;true;ocean;0
15243;63;5;23;sea;true;ocean;0
15244;17;67;4;sea;true;ocean;0
15245;42;30;18;sea;false;ocean;0
15246;23;6;11;sea;false;ocean;0
15247;11;67;1;sea;true;ocean;0
15248;65;19;13;sea;false;ocean;0
15249;28;28;35;sea;false;ocean;0
15250;39;11;13;sea;false;ocean;0
15251;46;38;12;sea;false;ocean;0
15252;11;3;42;sea;true;ocean;0
15253;7;8;43;sea;true;ocean;0
15254;74;0;20;sea;true;ocean;0
15255;45;37;5;sea;false;ocean;0
15256;58;22;14;sea;false;ocean;0
15257;73;5;4;sea;false;ocean;0
15258;26;14;19;sea;true;ocean;0
15259;19;54;14;sea;false;ocean;0
15260;56;13;14;sea;false;ocean;0
15261;58;1;16;sea;true;ocean;0
15262;2;13;21;sea;true;ocean;0
15263;23;20;52;sea;false;ocean;0
15264;20;47;22;sea;false;ocean;0
15265;27;8;15;sea;false;ocean;0
15266;9;5;66;sea;true;ocean;0
15267;43;38;7;sea;false;ocean;0
15268;43;14;12;sea;true;ocean;0
15269;4;25;54;sea;false;ocean;0
15270;16;10;49;sea;false;ocean;0
15271;13;1;44;sea;false;ocean;0
15272;1;24;35;sea;true;ocean;0
15273;31;8;24;sea;true;ocean;0
15274;8;57;22;sea;false;ocean;0
15275;10;1;36;sea;false;ocean;0
15276;60;9;23;sea;false;ocean;0
15277;10;20;0;sea;true;ocean;0
15278;20;36;16;sea;true;ocean;0
15279;20;9;40;sea;false;ocean;0
15280;2;26;71;sea;false;ocean;0
15281;72;18;6;sea;true;ocean;0
15282;84;2;2;sea;false;ocean;0
15283;30;15;42;sea;false;ocean;0
15284;6;69;13;sea;false;ocean;0
15285;3;8;0;sea;false;ocean;0
15286;76;15;4;sea;false;ocean;0
15287;1;78;8;sea;false;ocean;0
15288;5;36;18;sea;false;ocean;0
15289;34;18;36;sea;false;ocean;0
15290;47;20;24;sea;false;ocean;0
15291;36;54;0;sea;false;ocean;0
15292;16;22;36;sea;false;ocean;0
15293;3;21;4;sea;false;ocean;0
15294;19;13;23;sea;false;ocean;0
15295;16;67;1;sea;false;ocean;0
15296;17;23;42;sea;false;ocean;0
15297;20;35;15;sea;false;ocean;0
15298;35;32;1;sea;true;ocean;0
15299;24;5;59;sea;false;ocean;0
15300;22;2;43;sea;false;ocean;0
15301;60;12;2;sea;false;ocean;0
15302;1;0;52;sea;false;ocean;0
15303;27;53;4;sea;false;ocean;0
15304;37;10;47;sea;false;ocean;0
15305;9;47;40;sea;false;ocean;0
15306;56;14;19;sea;false;ocean;0
15307;9;42;25;sea;false;ocean;0
15308;40;6;30;sea;false;ocean;0
15309;12;19;66;sea;false;ocean;0
15310;13;8;65;sea;false;ocean;0
15311;10;7;6;sea;false;ocean;0
15312;61;7;17;sea;false;ocean;0
15313;47;12;6;sea;false;ocean;0
15314;36;11;19;sea;false;ocean;0
15315;29;16;24;sea;true;ocean;0
15316;7;7;10;sea;true;ocean;0
15317;62;36;0;sea;true;ocean;0
15318;39;20;26;sea;true;ocean;0
15319;15;2;59;sea;true;ocean;0
15320;3;34;45;sea;true;ocean;0
15321;24;21;53;sea;true;ocean;0
15322;25;53;19;sea;false;ocean;0
15323;22;5;5;sea;false;ocean;0
15324;26;23;12;sea;true;ocean;0
15325;83;2;12;sea;false;ocean;0
15326;17;5;0;sea;true;ocean;0
15327;41;11;17;sea;true;ocean;0
15328;9;8;63;sea;false;ocean;0
15329;0;12;60;sea;false;ocean;0
15330;1;11;0;sea;true;ocean;0
15331;17;11;50;sea;false;ocean;0
15332;4;85;8;sea;true;ocean;0
15333;27;12;39;sea;true;ocean;0
15334;5;35;50;sea;true;ocean;0
15335;71;8;15;sea;true;ocean;0
15336;45;0;38;sea;true;ocean;0
15337;1;37;6;sea;true;ocean;0
15338;46;44;7;sea;false;ocean;0
15339;50;2;39;sea;true;ocean;0
15340;22;19;0;sea;false;ocean;0
15341;35;9;13;sea;false;ocean;0
15342;39;1;22;sea;false;ocean;0
15343;51;8;31;sea;false;ocean;0
15344;47;7;25;sea;true;ocean;0
15345;1;52;3;sea;true;ocean;0
15346;36;35;6;sea;false;ocean;0
15347;52;12;10;sea;false;ocean;0
15348;5;49;24;sea;true;ocean;0
15349;61;10;10;sea;true;ocean;0
15350;12;27;16;sea;true;ocean;0
15351;69;11;15;sea;false;ocean;0
15352;8;33;25;sea;true;ocean;0
15353;6;35;6;sea;false;ocean;0
15354;23;27;19;sea;true;ocean;0
15355;4;16;64;sea;false;ocean;0
15356;3;52;35;sea;true;ocean;0
15357;6;5;85;sea;false;ocean;0
15358;32;19;16;sea;true;ocean;0
15359;0;4;14;sea;false;ocean;0
15360;8;48;20;sea;true;ocean;0
15361;27;11;41;sea;false;ocean;0
15362;78;17;0;sea;true;ocean;0
15363;57;10;23;sea;true;ocean;0
15364;47;21;23;sea;false;ocean;0
15365;1;22;56;sea;true;ocean;0
15366;63;9;15;sea;true;ocean;0
15367;10;4;35;sea;false;ocean;0
15368;1;22;40;sea;true;ocean;0
15369;22;24;35;sea;true;ocean;0
15370;24;17;21;sea;false;ocean;0
15371;25;2;32;sea;false;ocean;0
15372;34;9;5;sea;true;ocean;0
15373;19;43;25;sea;true;ocean;0
15374;9;50;35;sea;true;ocean;0
15375;19;35;41;sea;false;ocean;0
15376;34;21;21;sea;true;ocean;0
15377;18;14;62;sea;false;ocean;0
15378;35;7;15;sea;false;ocean;0
15379;9;29;37;sea;true;ocean;0
15380;29;7;63;sea;true;ocean;0
15381;35;16;30;sea;true;ocean;0
15382;5;47;36;sea;true;ocean;0
15383;33;50;2;sea;false;ocean;0
15384;48;6;20;sea;true;ocean;0
15385;66;24;8;sea;false;ocean;0
15386;13;22;34;sea;true;ocean;0
15387;2;80;13;sea;false;ocean;0
15388;52;42;1;sea;true;ocean;0
15389;10;12;39;sea;true;ocean;0
15390;32;23;20;sea;true;ocean;0
15391;26;23;21;sea;false;ocean;0
15392;36;20;16;sea;true;ocean;0
15393;29;54;9;sea;true;ocean;0
15394;30;7;40;sea;false;ocean;0
15395;33;28;29;sea;true;ocean;0
15396;73;6;2;sea;true;ocean;0
15397;56;24;19;sea;false;ocean;0
15398;16;7;29;sea;true;ocean;0
15399;44;29;7;sea;false;ocean;0
15400;13;33;30;sea;false;ocean;0
15401;51;23;6;sea;true;ocean;0
15402;17;9;56;sea;false;ocean;0
15403;11;0;78;sea;true;ocean;0
15404;0;45;52;sea;false;ocean;0
15405;49;21;3;sea;false;ocean;0
15406;55;20;20;sea;false;ocean;0
15407;1;43;19;sea;false;ocean;0
15408;5;3;33;sea;false;ocean;0
15409;2;13;42;sea;false;ocean;0
15410;35;5;37;sea;false;ocean;0
15411;6;6;37;sea;false;ocean;0
15412;11;26;3;sea;false;ocean;0
15413;23;2;49;sea;false;ocean;0
15414;46;5;46;sea;false;ocean;0
15415;15;71;8;sea;false;ocean;0
15416;38;1;21;sea;true;ocean;0
15417;59;2;21;sea;false;ocean;0
15418;32;18;47;sea;true;ocean;0
15419;13;6;70;sea;true;ocean;0
15420;2;2;43;sea;false;ocean;0
15421;45;13;41;sea;true;ocean;0
15422;34;24;5;sea;false;ocean;0
15423;54;12;33;sea;false;ocean;0
15424;40;5;53;sea;false;ocean;0
15425;12;14;57;sea;false;ocean;0
15426;25;11;15;sea;false;ocean;0
15427;7;11;34;sea;true;ocean;0
15428;2;39;20;sea;false;ocean;0
15429;5;12;3;sea;false;ocean;0
15430;23;40;19;sea;false;ocean;0
15431;40;47;7;sea;false;ocean;0
15432;29;27;1;sea;true;ocean;0
15433;20;29;21;sea;false;ocean;0
15434;53;8;24;sea;false;ocean;0
15435;3;8;66;sea;false;ocean;0
15436;4;2;87;sea;false;ocean;0
15437;8;31;45;sea;true;ocean;0
15438;51;28;18;sea;true;ocean;0
15439;40;28;26;sea;true;ocean;0
15440;5;7;86;sea;true;ocean;0
15441;45;8;35;sea;false;ocean;0
15442;0;3;31;sea;true;ocean;0
15443;9;64;1;sea;false;ocean;0
15444;26;17;3;sea;false;ocean;0
15445;11;74;7;sea;false;ocean;0
15446;29;53;6;sea;false;ocean;0
15447;25;26;28;sea;false;ocean;0
15448;36;19;33;sea;true;ocean;0
15449;13;5;22;sea;false;ocean;0
15450;18;12;5;sea;false;ocean;0
15451;4;24;29;sea;true;ocean;0
15452;27;47;16;sea;true;ocean;0
15453;3;12;81;sea;false;ocean;0
15454;56;23;5;sea;false;ocean;0
15455;43;22;13;sea;false;ocean;0
15456;67;13;18;sea;true;ocean;0
15457;7;38;17;sea;false;ocean;0
15458;2;13;36;sea;false;ocean;0
15459;57;8;12;sea;false;ocean;0
15460;3;21;1;sea;true;ocean;0
15461;51;11;11;sea;false;ocean;0
15462;20;10;56;sea;true;ocean;0
15463;17;10;11;sea;false;ocean;0
15464;0;89;8;sea;true;ocean;0
15465;24;28;14;sea;true;ocean;2
15466;58;33;6;sea;true;ocean;0
15467;30;9;53;sea;false;ocean;0
15468;13;6;39;sea;true;ocean;0
15469;0;37;47;sea;true;ocean;0
15470;20;12;50;sea;true;ocean;0
15471;9;3;38;sea;false;ocean;0
15472;28;5;12;sea;true;ocean;0
15473;10;18;54;sea;false;ocean;0
15474;1;47;39;sea;false;ocean;0
15475;18;26;4;sea;false;ocean;0
15476;11;50;30;sea;false;ocean;0
15477;3;6;83;sea;false;ocean;0
15478;7;18;62;sea;false;ocean;0
15479;35;25;23;sea;true;ocean;0
15480;30;33;36;sea;false;ocean;0
15481;33;1;53;sea;false;ocean;0
15482;15;73;0;sea;false;ocean;0
15483;6;72;3;sea;true;ocean;0
15484;31;38;4;sea;true;ocean;0
15485;16;5;44;sea;true;ocean;0
15486;59;14;19;sea;true;ocean;0
15487;55;12;7;sea;true;ocean;0
15488;39;14;9;sea;true;ocean;0
15489;22;37;5;sea;false;ocean;0
15490;28;3;68;sea;false;ocean;0
15491;13;25;27;sea;true;ocean;0
15492;27;10;30;sea;false;ocean;0
15493;22;43;29;sea;true;ocean;0
15494;16;23;38;sea;false;ocean;0
15495;30;29;3;sea;true;ocean;0
15496;7;15;22;sea;true;ocean;0
15497;63;15;14;sea;false;ocean;0
15498;22;72;2;sea;true;ocean;0
15499;73;5;10;sea;true;ocean;0
15500;54;10;15;sea;true;ocean;0
15501;31;29;37;sea;false;ocean;0
15502;30;16;22;sea;false;ocean;0
15503;33;49;2;sea;true;ocean;0
15504;8;84;6;sea;true;ocean;0
15505;14;24;59;sea;true;ocean;0
15506;23;20;9;sea;false;ocean;0
15507;2;24;17;sea;true;ocean;0
15508;12;6;66;sea;false;ocean;0
15509;0;27;7;sea;false;ocean;0
15510;2;4;39;sea;true;ocean;0
15511;68;0;15;sea;true;ocean;0
15512;23;23;5;sea;true;ocean;0
15513;3;65;25;sea;true;ocean;0
15514;14;5;26;sea;false;ocean;0
15515;1;82;3;sea;true;ocean;0
15516;30;14;1;sea;false;ocean;0
15517;1;59;29;sea;true;ocean;0
15518;43;31;12;sea;true;ocean;0
15519;33;5;0;sea;false;ocean;0
15520;4;65;2;sea;true;ocean;0
15521;58;9;16;sea;false;ocean;0
15522;8;3;6;sea;false;ocean;0
15523;40;9;7;sea;false;ocean;0
15524;16;25;12;sea;true;ocean;0
15525;21;25;14;sea;false;ocean;0
15526;38;35;16;sea;true;ocean;0
15527;61;18;12;sea;false;ocean;0
15528;10;24;39;sea;false;ocean;0
15529;15;29;2;sea;false;ocean;0
15530;5;30;24;sea;true;ocean;0
15531;38;36;4;sea;true;ocean;0
15532;35;34;4;sea;false;ocean;0
15533;58;0;19;sea;false;ocean;0
15534;35;30;12;sea;false;ocean;0
15535;25;30;37;sea;false;ocean;0
15536;3;4;72;sea;false;ocean;0
15537;16;2;21;sea;true;ocean;0
15538;58;21;17;sea;true;ocean;0
15539;2;2;46;sea;false;ocean;0
15540;4;30;25;sea;true;ocean;0
15541;24;2;54;sea;false;ocean;0
15542;11;21;27;sea;true;ocean;0
15543;18;28;21;sea;true;ocean;0
15544;8;11;37;sea;false;ocean;0
15545;26;3;36;sea;false;ocean;0
15546;18;4;49;sea;false;ocean;0
15547;45;17;32;sea;false;ocean;0
15548;20;34;36;sea;false;ocean;0
15549;31;24;13;sea;false;ocean;0
15550;63;8;13;sea;false;ocean;0
15551;32;9;18;sea;false;ocean;0
15552;32;38;8;sea;true;ocean;0
15553;22;16;29;sea;true;ocean;0
15554;20;3;63;sea;false;ocean;0
15555;39;26;20;sea;false;ocean;0
15556;9;69;1;sea;true;ocean;0
15557;19;14;3;sea;false;ocean;0
15558;2;0;84;sea;false;ocean;0
15559;50;9;15;sea;true;ocean;0
15560;5;25;52;sea;false;ocean;0
15561;15;15;47;sea;true;ocean;0
15562;8;24;40;sea;false;ocean;0
15563;68;1;24;sea;true;ocean;0
15564;1;47;31;sea;false;ocean;0
15565;45;4;49;sea;false;ocean;0
15566;10;16;23;sea;false;ocean;0
15567;51;28;8;sea;true;ocean;0
15568;0;12;47;sea;true;ocean;0
15569;57;4;6;sea;true;ocean;0
15570;59;23;5;sea;false;ocean;0
15571;11;61;13;sea;false;ocean;0
15572;26;66;7;sea;false;ocean;0
15573;20;61;15;sea;false;ocean;0
15574;12;19;51;sea;false;ocean;0
15575;3;32;43;sea;true;ocean;0
15576;20;10;49;sea;false;ocean;0
15577;45;16;35;sea;true;ocean;0
15578;24;3;50;sea;false;ocean;0
15579;14;33;43;sea;false;ocean;0
15580;42;27;2;sea;false;ocean;0
15581;25;4;31;sea;true;ocean;0
15582;35;44;17;sea;false;ocean;0
15583;40;15;27;sea;false;ocean;0
15584;0;6;55;sea;true;ocean;0
15585;27;29;40;sea;true;ocean;0
15586;0;78;12;sea;true;ocean;0
15587;11;4;17;sea;true;ocean;1
15588;3;5;36;sea;true;ocean;0
15589;26;16;40;sea;false;ocean;0
15590;26;45;0;sea;false;ocean;0
15591;19;16;34;sea;false;ocean;0
15592;3;33;13;sea;false;ocean;0
15593;17;44;0;sea;false;ocean;0
15594;47;5;4;sea;true;ocean;0
15595;28;11;42;sea;true;ocean;0
15596;2;21;75;sea;false;ocean;0
15597;16;70;0;sea;true;ocean;0
15598;22;14;60;sea;false;ocean;0
15599;38;43;5;sea;false;ocean;0
15600;6;59;24;sea;true;ocean;0
15601;21;18;24;sea;true;ocean;0
15602;9;41;45;sea;false;ocean;0
15603;0;60;15;sea;true;ocean;0
15604;73;3;9;sea;false;ocean;0
15605;9;17;28;sea;false;ocean;0
15606;11;20;32;sea;true;ocean;0
15607;60;13;17;sea;false;ocean;0
15608;34;2;16;sea;false;ocean;0
15609;32;15;25;sea;false;ocean;0
15610;6;26;9;sea;false;ocean;0
15611;16;32;27;sea;false;ocean;0
15612;15;17;50;sea;false;ocean;0
15613;4;6;9;sea;true;ocean;0
15614;2;12;58;sea;true;ocean;0
15615;30;11;58;sea;false;ocean;0
15616;0;38;61;sea;true;ocean;0
15617;15;78;4;sea;false;ocean;0
15618;38;49;9;sea;true;ocean;0
15619;19;11;7;sea;false;ocean;0
15620;6;75;13;sea;false;ocean;0
15621;5;16;69;sea;false;ocean;0
15622;37;29;24;sea;false;ocean;0
15623;13;5;31;sea;false;ocean;0
15624;13;5;64;sea;true;ocean;0
15625;14;5;43;sea;false;ocean;0
15626;7;5;51;sea;false;ocean;0
15627;3;5;75;sea;false;ocean;0
15628;28;6;21;sea;true;ocean;0
15629;27;11;19;sea;false;ocean;0
15630;11;35;6;sea;false;ocean;0
15631;22;11;3;sea;false;ocean;0
15632;8;66;18;sea;true;ocean;0
15633;7;33;55;sea;false;ocean;0
15634;27;57;15;sea;false;ocean;0
15635;6;77;16;sea;true;ocean;0
15636;8;28;21;sea;false;ocean;0
15637;21;26;30;sea;false;ocean;0
15638;47;2;5;sea;true;ocean;0
15639;4;0;11;sea;false;ocean;0
15640;36;20;0;sea;false;ocean;0
15641;13;3;6;sea;false;ocean;0
15642;24;12;54;sea;false;ocean;0
15643;16;11;48;sea;true;ocean;0
15644;12;11;69;sea;true;ocean;0
15645;10;71;3;sea;true;ocean;0
15646;63;1;7;sea;false;ocean;0
15647;51;13;22;sea;true;ocean;0
15648;63;31;0;sea;true;ocean;0
15649;42;19;20;sea;false;ocean;0
15650;17;19;35;sea;true;ocean;0
15651;26;6;36;sea;false;ocean;0
15652;2;47;8;sea;true;ocean;0
15653;52;30;2;sea;true;ocean;0
15654;41;25;6;sea;false;ocean;0
15655;0;82;3;sea;true;ocean;0
15656;32;49;7;sea;false;ocean;0
15657;0;78;20;sea;false;ocean;0
15658;8;68;7;sea;true;ocean;0
15659;79;3;6;sea;true;ocean;0
15660;13;33;11;sea;true;ocean;0
15661;1;7;67;sea;true;ocean;0
15662;19;16;33;sea;true;ocean;0
15663;25;13;42;sea;true;ocean;0
15664;65;26;5;sea;true;ocean;0
15665;39;52;4;sea;false;ocean;0
15666;13;13;36;sea;false;ocean;0
15667;56;23;3;sea;false;ocean;0
15668;23;17;15;sea;true;ocean;0
15669;24;19;20;sea;false;ocean;0
15670;3;0;4;sea;false;ocean;0
15671;22;47;8;sea;true;ocean;0
15672;0;51;3;sea;false;ocean;0
15673;8;16;42;sea;false;ocean;0
15674;68;8;4;sea;false;ocean;0
15675;38;30;16;sea;true;ocean;0
15676;14;33;39;sea;true;ocean;0
15677;41;43;11;sea;true;ocean;0
15678;10;29;25;sea;true;ocean;0
15679;23;16;46;sea;true;ocean;0
15680;24;5;9;sea;false;ocean;0
15681;68;23;3;sea;false;ocean;0
15682;1;15;38;sea;true;ocean;0
15683;10;6;2;sea;true;ocean;0
15684;38;5;33;sea;true;ocean;0
15685;13;48;12;sea;false;ocean;0
15686;3;52;21;sea;true;ocean;0
15687;3;49;30;sea;true;ocean;0
15688;16;34;16;sea;false;ocean;0
15689;22;16;25;sea;false;ocean;0
15690;33;39;9;sea;true;ocean;0
15691;45;13;26;sea;true;ocean;0
15692;30;1;36;sea;true;ocean;0
15693;3;11;51;sea;true;ocean;0
15694;46;43;2;sea;true;ocean;0
15695;24;25;25;sea;false;ocean;0
15696;13;36;35;sea;false;ocean;0
15697;62;5;10;sea;true;ocean;0
15698;61;25;9;sea;false;ocean;0
15699;31;21;19;sea;true;ocean;0
15700;27;27;28;sea;false;ocean;0
15701;68;10;9;sea;false;ocean;0
15702;75;8;2;sea;true;ocean;0
15703;13;11;57;sea;false;ocean;0
15704;32;33;19;sea;true;ocean;0
15705;51;3;19;sea;true;ocean;0
15706;41;10;26;sea;true;ocean;0
15707;6;34;36;sea;false;ocean;0
15708;52;17;25;sea;false;ocean;0
15709;7;17;38;sea;false;ocean;0
15710;33;2;46;sea;true;ocean;0
15711;26;38;22;sea;true;ocean;0
15712;30;44;0;sea;true;ocean;0
15713;17;36;9;sea;false;ocean;0
15714;11;10;33;sea;false;ocean;0
15715;1;25;8;sea;false;ocean;0
15716;39;2;51;sea;false;ocean;0
15717;13;47;11;sea;true;ocean;0
15718;21;2;19;sea;false;ocean;0
15719;22;45;3;sea;false;ocean;0
15720;4;53;30;sea;false;ocean;0
15721;30;37;23;sea;false;ocean;0
15722;9;36;34;sea;true;ocean;0
15723;77;2;11;sea;false;ocean;0
15724;18;35;8;sea;true;ocean;0
15725;39;20;10;sea;true;ocean;0
15726;61;1;21;sea;true;ocean;0
15727;3;27;45;sea;true;ocean;0
15728;56;20;10;sea;true;ocean;0
15729;20;23;8;sea;false;ocean;0
15730;31;10;46;sea;true;ocean;0
15731;0;10;14;sea;false;ocean;0
15732;49;35;10;sea;false;ocean;0
15733;17;7;65;sea;true;ocean;0
15734;31;0;32;sea;false;ocean;0
15735;28;27;44;sea;false;ocean;0
15736;12;28;12;sea;true;ocean;0
15737;29;45;0;sea;true;ocean;0
15738;35;6;30;sea;false;ocean;0
15739;15;7;20;sea;true;ocean;0
15740;65;25;2;sea;true;ocean;0
15741;38;11;26;sea;false;ocean;0
15742;33;0;48;sea;true;ocean;0
15743;7;34;16;sea;true;ocean;0
15744;79;3;9;sea;true;ocean;0
15745;60;8;30;sea;false;ocean;0
15746;20;3;56;sea;false;ocean;0
15747;37;57;3;sea;false;ocean;0
15748;55;12;1;sea;true;ocean;0
15749;1;6;12;sea;true;ocean;0
15750;49;15;15;sea;true;ocean;2
15751;10;74;9;sea;false;ocean;0
15752;4;49;22;sea;true;ocean;0
15753;0;8;50;sea;false;ocean;0
15754;25;4;63;sea;false;ocean;0
15755;57;16;25;sea;false;ocean;0
15756;17;3;30;sea;true;ocean;0
15757;0;65;10;sea;true;ocean;0
15758;1;6;66;sea;true;ocean;0
15759;18;23;10;sea;true;ocean;0
15760;12;0;49;sea;false;ocean;0
15761;20;17;13;sea;false;ocean;0
15762;16;17;40;sea;true;ocean;0
15763;0;27;49;sea;false;ocean;0
15764;32;51;15;sea;true;ocean;0
15765;15;49;30;sea;false;ocean;0
15766;67;5;25;sea;false;ocean;0
15767;14;4;40;sea;false;ocean;0
15768;32;3;24;sea;true;ocean;0
15769;3;85;6;sea;true;ocean;0
15770;63;4;28;sea;true;ocean;0
15771;9;9;17;sea;true;ocean;0
15772;28;29;18;sea;false;ocean;0
15773;53;8;10;sea;true;ocean;0
15774;11;2;6;sea;false;ocean;0
15775;15;49;22;sea;true;ocean;0
15776;13;56;28;sea;true;ocean;0
15777;10;9;73;sea;true;ocean;0
15778;22;33;6;sea;false;ocean;0
15779;57;3;24;sea;true;ocean;0
15780;44;35;10;sea;true;ocean;0
15781;27;55;1;sea;false;ocean;0
15782;5;56;35;sea;true;ocean;0
15783;69;1;23;sea;false;ocean;0
15784;10;48;23;sea;false;ocean;0
15785;34;28;1;sea;false;ocean;0
15786;0;16;83;sea;true;ocean;0
15787;34;7;1;sea;false;ocean;0
15788;3;35;58;sea;false;ocean;0
15789;14;59;19;sea;true;ocean;2
15790;8;4;17;sea;true;ocean;0
15791;55;22;20;sea;false;ocean;0
15792;33;30;25;sea;false;ocean;0
15793;24;9;62;sea;false;ocean;0
15794;23;10;4;sea;true;ocean;0
15795;53;23;13;sea;true;ocean;0
15796;27;48;2;sea;false;ocean;0
15797;20;3;45;sea;false;ocean;0
15798;31;31;29;sea;false;ocean;0
15799;18;2;2;sea;false;ocean;0
15800;68;13;9;sea;false;ocean;0
15801;36;28;6;sea;false;ocean;0
15802;17;21;36;sea;true;ocean;0
15803;20;6;12;sea;true;ocean;0
15804;32;47;0;sea;true;ocean;0
15805;16;24;6;sea;true;ocean;0
15806;45;15;9;sea;true;ocean;0
15807;7;20;23;sea;true;ocean;0
15808;27;12;40;sea;false;ocean;0
15809;24;12;19;sea;true;ocean;0
15810;7;59;24;sea;true;ocean;0
15811;14;45;3;sea;true;ocean;0
15812;17;43;11;sea;true;ocean;0
15813;12;17;50;sea;false;ocean;0
15814;14;16;43;sea;false;ocean;0
15815;16;9;1;sea;true;ocean;0
15816;29;0;19;sea;true;ocean;0
15817;61;3;4;sea;true;ocean;0
15818;42;17;6;sea;true;ocean;0
15819;31;54;2;sea;false;ocean;0
15820;36;17;37;sea;true;ocean;0
15821;0;83;11;sea;true;ocean;0
15822;24;47;16;sea;true;ocean;0
15823;59;28;11;sea;true;ocean;0
15824;9;39;25;sea;true;ocean;0
15825;20;21;28;sea;true;ocean;0
15826;7;5;71;sea;false;ocean;0
15827;52;15;18;sea;true;ocean;0
15828;26;0;53;sea;true;ocean;0
15829;3;1;77;sea;true;ocean;0
15830;24;52;10;sea;true;ocean;0
15831;31;3;17;sea;false;ocean;0
15832;6;49;4;sea;false;ocean;0
15833;24;27;31;sea;true;ocean;0
15834;39;4;38;sea;false;ocean;0
15835;39;5;55;sea;true;ocean;7
15836;61;1;22;sea;true;ocean;0
15837;82;0;7;sea;false;ocean;0
15838;20;40;15;sea;false;ocean;0
15839;39;56;3;sea;false;ocean;0
15840;63;0;14;sea;true;ocean;0
15841;3;39;32;sea;false;ocean;0
15842;23;17;50;sea;true;ocean;0
15843;30;28;24;sea;true;ocean;0
15844;33;31;7;sea;false;ocean;0
15845;51;4;44;sea;true;ocean;1
15846;12;42;16;sea;false;ocean;0
15847;32;6;12;sea;false;ocean;0
15848;50;1;9;sea;false;ocean;0
15849;29;6;8;sea;true;ocean;0
15850;18;61;0;sea;true;ocean;0
15851;49;6;3;sea;true;ocean;0
15852;30;48;21;sea;false;ocean;0
15853;13;14;20;sea;false;ocean;0
15854;3;26;27;sea;false;ocean;0
15855;46;39;14;sea;false;ocean;0
15856;48;14;32;sea;false;ocean;0
15857;35;30;13;sea;true;ocean;0
15858;9;19;10;sea;true;ocean;0
15859;18;28;31;sea;true;ocean;0
15860;72;15;10;sea;false;ocean;0
15861;37;32;9;sea;false;ocean;0
15862;16;37;34;sea;true;ocean;0
15863;0;52;15;sea;true;ocean;0
15864;87;6;0;sea;true;ocean;0
15865;18;57;14;sea;false;ocean;0
15866;21;1;30;sea;false;ocean;0
15867;18;21;2;sea;false;ocean;0
15868;32;8;30;sea;false;ocean;0
15869;30;38;1;sea;false;ocean;0
15870;23;30;11;sea;true;ocean;0
15871;50;23;0;sea;true;ocean;0
15872;17;25;51;sea;false;ocean;0
15873;0;16;63;sea;false;ocean;0
15874;15;29;29;sea;true;ocean;0
15875;45;21;6;sea;false;ocean;0
15876;37;1;29;sea;true;ocean;0
15877;41;23;4;sea;false;ocean;0
15878;19;13;45;sea;false;ocean;0
15879;8;85;0;sea;false;ocean;0
15880;42;19;29;sea;true;ocean;0
15881;54;8;4;sea;false;ocean;0
15882;3;3;77;sea;true;ocean;0
15883;42;13;11;sea;false;ocean;0
15884;46;19;34;sea;false;ocean;0
15885;24;45;4;sea;false;ocean;0
15886;15;47;12;sea;false;ocean;0
15887;6;17;0;sea;true;ocean;0
15888;2;63;13;sea;true;ocean;0
15889;19;37;31;sea;false;ocean;0
15890;16;13;15;sea;false;ocean;0
15891;36;36;16;sea;true;ocean;0
15892;24;38;34;sea;true;ocean;0
15893;39;24;30;sea;false;ocean;0
15894;34;40;5;sea;false;ocean;0
15895;25;10;17;sea;false;ocean;0
15896;7;24;15;sea;true;ocean;0
15897;9;2;67;sea;true;ocean;0
15898;40;0;33;sea;false;ocean;0
15899;20;7;71;sea;false;ocean;0
15900;58;30;6;sea;true;ocean;0
15901;29;45;1;sea;false;ocean;0
15902;29;29;19;sea;false;ocean;0
15903;18;35;12;sea;false;ocean;0
15904;1;32;50;sea;false;ocean;0
15905;3;53;35;sea;false;ocean;0
15906;2;65;20;sea;false;ocean;0
15907;10;22;33;sea;true;ocean;0
15908;10;3;59;sea;true;ocean;0
15909;63;23;5;sea;false;ocean;0
15910;2;38;47;sea;true;ocean;0
15911;29;21;1;sea;false;ocean;0
15912;35;16;32;sea;true;ocean;0
15913;40;10;26;sea;false;ocean;0
15914;11;17;11;sea;true;ocean;0
15915;26;48;5;sea;true;ocean;0
15916;27;19;0;sea;false;ocean;0
15917;8;15;64;sea;false;ocean;0
15918;13;50;12;sea;true;ocean;0
15919;4;60;16;sea;true;ocean;0
15920;17;23;53;sea;false;ocean;0
15921;20;46;23;sea;true;ocean;0
15922;16;13;16;sea;true;ocean;0
15923;74;0;14;sea;false;ocean;0
15924;76;14;6;sea;true;ocean;0
15925;36;24;39;sea;false;ocean;0
15926;37;40;6;sea;false;ocean;0
15927;31;8;44;sea;true;ocean;0
15928;5;24;47;sea;true;ocean;0
15929;77;12;8;sea;false;ocean;0
15930;36;9;17;sea;true;ocean;0
15931;15;16;1;sea;true;ocean;0
15932;25;34;30;sea;true;ocean;0
15933;15;12;49;sea;false;ocean;0
15934;9;27;11;sea;true;ocean;0
15935;2;51;9;sea;false;ocean;0
15936;73;4;16;sea;true;ocean;0
15937;12;33;28;sea;false;ocean;0
15938;21;12;10;sea;true;ocean;0
15939;28;12;53;sea;true;ocean;0
15940;43;4;11;sea;false;ocean;0
15941;46;4;20;sea;false;ocean;0
15942;7;18;66;sea;false;ocean;0
15943;25;0;30;sea;false;ocean;0
15944;43;8;37;sea;true;ocean;0
15945;24;3;55;sea;true;ocean;0
15946;0;74;24;sea;false;ocean;0
15947;11;20;38;sea;true;ocean;0
15948;9;51;5;sea;false;ocean;0
15949;26;3;25;sea;true;ocean;0
15950;32;38;6;sea;false;ocean;0
15951;28;11;14;sea;false;ocean;6
15952;13;23;46;sea;true;ocean;0
15953;16;31;6;sea;false;ocean;0
15954;39;4;15;sea;true;ocean;0
15955;1;37;33;sea;true;ocean;0
15956;29;1;25;sea;false;ocean;0
15957;45;16;22;sea;false;ocean;0
15958;21;45;23;sea;true;ocean;0
15959;34;9;12;sea;true;ocean;0
15960;42;0;20;sea;false;ocean;0
15961;0;33;56;sea;false;ocean;0
15962;60;12;14;sea;true;ocean;0
15963;5;31;6;sea;false;ocean;0
15964;27;20;11;sea;true;ocean;0
15965;20;48;4;sea;false;ocean;0
15966;0;28;4;sea;true;ocean;0
15967;4;20;35;sea;false;ocean;0
15968;9;31;0;sea;true;ocean;0
15969;14;35;32;sea;false;ocean;0
15970;22;1;49;sea;false;ocean;0
15971;10;49;26;sea;false;ocean;0
15972;23;25;25;sea;false;ocean;0
15973;39;7;0;sea;true;ocean;0
15974;35;33;26;sea;true;ocean;0
15975;79;7;2;sea;false;ocean;0
15976;0;45;53;sea;false;ocean;0
15977;38;10;30;sea;true;ocean;0
15978;21;26;26;sea;false;ocean;0
15979;71;9;15;sea;false;ocean;0
15980;20;48;1;sea;false;ocean;0
15981;19;2;29;sea;true;ocean;0
15982;9;132;50;land;false;hills;5
15983;52;37;1;sea;false;ocean;0
15984;36;35;8;sea;false;ocean;0
15985;11;15;57;sea;false;ocean;0
15986;26;4;34;sea;true;ocean;0
15987;43;51;2;sea;false;ocean;0
15988;30;7;24;sea;false;ocean;0
15989;6;53;19;sea;false;ocean;0
15990;72;3;5;sea;true;ocean;0
15991;21;33;25;sea;false;ocean;0
15992;9;3;50;sea;false;ocean;0
15993;14;5;1;sea;false;ocean;0
15994;33;33;18;sea;true;ocean;0
15995;32;5;25;sea;true;ocean;0
15996;6;48;30;sea;false;ocean;0
15997;53;2;32;sea;false;ocean;0
15998;0;31;32;sea;false;ocean;0
15999;82;1;0;sea;false;ocean;0
16000;20;0;14;sea;true;ocean;0
16001;24;20;17;sea;true;ocean;0
16002;2;0;72;sea;false;ocean;0
16003;8;43;22;sea;false;ocean;0
16004;29;42;6;sea;true;ocean;0
16005;33;31;11;sea;false;ocean;0
16006;20;22;45;sea;false;ocean;0
16007;15;10;44;sea;false;ocean;0
16008;6;11;56;sea;true;ocean;0
16009;28;1;51;sea;false;ocean;0
16010;47;10;23;sea;true;ocean;0
16011;52;22;23;sea;false;ocean;0
16012;13;8;14;sea;false;ocean;0
16013;31;19;35;sea;false;ocean;0
16014;34;26;3;sea;false;ocean;0
16015;1;26;46;sea;false;ocean;0
16016;66;15;9;sea;false;ocean;0
16017;11;24;14;sea;true;ocean;0
16018;32;0;23;sea;false;ocean;0
16019;12;13;62;sea;true;ocean;0
16020;56;23;9;sea;false;ocean;0
16021;40;3;21;sea;true;ocean;0
16022;27;27;23;sea;false;ocean;0
16023;21;15;9;sea;true;ocean;0
16024;26;2;42;sea;true;ocean;0
16025;1;2;83;sea;true;ocean;0
16026;76;6;5;sea;false;ocean;0
16027;10;54;2;sea;false;ocean;0
16028;4;77;8;sea;false;ocean;0
16029;3;56;40;sea;false;ocean;0
16030;2;18;30;sea;true;ocean;5
16031;30;19;11;sea;false;ocean;0
16032;9;73;7;sea;true;ocean;0
16033;15;41;34;sea;false;ocean;0
16034;36;50;12;sea;false;ocean;0
16035;9;16;65;sea;true;ocean;0
16036;40;2;35;sea;false;ocean;0
16037;20;64;8;sea;true;ocean;0
16038;4;13;39;sea;false;ocean;0
16039;33;28;35;sea;false;ocean;0
16040;3;0;49;sea;true;ocean;0
16041;5;12;50;sea;true;ocean;0
16042;47;20;29;sea;false;ocean;0
16043;15;33;29;sea;false;ocean;0
16044;36;51;1;sea;false;ocean;0
16045;33;14;21;sea;true;ocean;0
16046;14;12;51;sea;false;ocean;0
16047;11;4;48;sea;false;ocean;0
16048;25;14;32;sea;false;ocean;0
16049;13;11;34;sea;true;ocean;0
16050;3;48;20;sea;true;ocean;0
16051;37;2;48;sea;false;ocean;0
16052;2;55;34;sea;false;ocean;0
16053;27;15;43;sea;false;ocean;0
16054;84;12;0;sea;false;ocean;0
16055;23;0;4;sea;false;ocean;0
16056;20;0;73;sea;false;ocean;0
16057;36;32;0;sea;false;ocean;0
16058;37;31;17;sea;true;ocean;0
16059;11;6;37;sea;false;ocean;0
16060;17;54;19;sea;false;ocean;0
16061;18;12;1;sea;false;ocean;0
16062;5;29;0;sea;true;ocean;0
16063;65;22;8;sea;true;ocean;0
16064;18;59;15;sea;true;ocean;0
16065;36;36;0;sea;true;ocean;0
16066;12;39;19;sea;true;ocean;0
16067;57;23;15;sea;false;ocean;0
16068;34;20;29;sea;true;ocean;0
16069;35;1;54;sea;false;ocean;0
16070;2;44;48;sea;false;ocean;0
16071;47;6;7;sea;false;ocean;0
16072;58;8;31;sea;false;ocean;0
16073;35;8;11;sea;false;ocean;0
16074;81;0;13;sea;false;ocean;0
16075;2;21;47;sea;true;ocean;0
16076;50;27;9;sea;false;ocean;0
16077;14;4;6;sea;false;ocean;0
16078;11;85;2;sea;false;ocean;0
16079;20;16;62;sea;false;ocean;0
16080;37;34;1;sea;true;ocean;0
16081;35;8;50;sea;false;ocean;0
16082;32;22;26;sea;false;ocean;0
16083;3;73;3;sea;true;ocean;0
16084;50;21;27;sea;true;ocean;0
16085;7;3;24;sea;false;ocean;0
16086;1;58;22;sea;false;ocean;0
16087;0;70;19;sea;true;ocean;0
16088;7;12;0;sea;false;ocean;0
16089;51;15;27;sea;false;ocean;0
16090;3;24;14;sea;false;ocean;0
16091;22;3;44;sea;false;ocean;0
16092;33;30;10;sea;false;ocean;0
16093;7;20;51;sea;true;ocean;0
16094;26;12;7;sea;false;ocean;0
16095;8;54;6;sea;true;ocean;0
16096;10;25;58;sea;false;ocean;0
16097;0;17;0;sea;false;ocean;0
16098;9;15;67;sea;true;ocean;0
16099;15;10;16;sea;false;ocean;0
16100;27;49;13;sea;true;ocean;0
16101;48;33;11;sea;true;ocean;0
16102;12;47;20;sea;false;ocean;0
16103;34;2;31;sea;true;ocean;0
16104;51;21;24;sea;true;ocean;0
16105;6;10;4;sea;false;ocean;0
16106;54;19;22;sea;false;ocean;0
16107;28;35;12;sea;true;ocean;0
16108;7;18;27;sea;true;ocean;0
16109;3;19;1;sea;false;ocean;0
16110;51;21;20;sea;false;ocean;0
16111;5;5;65;sea;false;ocean;0
16112;0;14;60;sea;false;ocean;0
16113;22;34;1;sea;true;ocean;0
16114;14;11;36;sea;false;ocean;0
16115;26;11;25;sea;true;ocean;0
16116;2;26;69;sea;true;ocean;0
16117;4;33;26;sea;false;ocean;0
16118;1;26;37;sea;false;ocean;0
16119;3;4;59;sea;false;ocean;0
16120;12;11;27;sea;false;ocean;0
16121;11;12;66;sea;false;ocean;0
16122;81;5;13;sea;true;ocean;0
16123;13;27;2;sea;false;ocean;0
16124;40;5;24;sea;false;ocean;0
16125;31;26;25;sea;false;ocean;0
16126;33;18;0;sea;true;ocean;0
16127;29;50;4;sea;true;ocean;0
16128;29;0;48;sea;false;ocean;0
16129;16;45;10;sea;false;ocean;0
16130;25;5;3;sea;false;ocean;0
16131;46;21;13;sea;false;ocean;0
16132;27;19;15;sea;true;ocean;0
16133;21;1;72;sea;true;ocean;0
16134;60;19;4;sea;false;ocean;0
16135;25;25;31;sea;false;ocean;0
16136;11;33;4;sea;false;ocean;0
16137;50;6;4;sea;true;ocean;0
16138;46;13;40;sea;false;ocean;0
16139;10;41;1;sea;false;ocean;0
16140;15;5;29;sea;false;ocean;0
16141;54;5;1;sea;false;ocean;0
16142;4;19;66;sea;false;ocean;0
16143;5;13;26;sea;true;ocean;0
16144;3;42;42;sea;false;ocean;0
16145;24;11;31;sea;true;ocean;0
16146;53;36;1;sea;true;ocean;0
16147;74;12;1;sea;true;ocean;0
16148;53;5;28;sea;false;ocean;0
16149;56;10;13;sea;false;ocean;0
16150;5;26;27;sea;true;ocean;0
16151;34;7;41;sea;true;ocean;0
16152;34;3;59;sea;false;ocean;0
16153;6;10;63;sea;false;ocean;0
16154;42;10;38;sea;false;ocean;0
16155;43;8;33;sea;false;ocean;0
16156;44;7;22;sea;false;ocean;0
16157;29;2;32;sea;false;ocean;0
16158;51;8;6;sea;true;ocean;3
16159;12;7;2;sea;false;ocean;0
16160;7;64;22;sea;false;ocean;0
16161;15;8;71;sea;true;ocean;0
16162;16;15;57;sea;false;ocean;0
16163;5;37;12;sea;false;ocean;0
16164;40;14;17;sea;true;ocean;0
16165;18;7;47;sea;false;ocean;0
16166;4;28;27;sea;true;ocean;0
16167;48;7;10;sea;false;ocean;0
16168;24;0;32;sea;false;ocean;0
16169;5;8;39;sea;true;ocean;0
16170;19;5;5;sea;false;ocean;0
16171;47;29;20;sea;false;ocean;0
16172;24;1;50;sea;false;ocean;0
16173;9;54;24;sea;false;ocean;0
16174;14;62;23;sea;false;ocean;0
16175;40;5;25;sea;false;ocean;0
16176;3;9;42;sea;true;ocean;0
16177;16;7;26;sea;false;ocean;0
16178;2;82;7;sea;false;ocean;0
16179;14;38;41;sea;false;ocean;0
16180;26;48;11;sea;false;ocean;0
16181;2;50;4;sea;false;ocean;0
16182;44;1;42;sea;true;ocean;0
16183;14;23;8;sea;true;ocean;0
16184;6;19;63;sea;true;ocean;0
16185;43;39;9;sea;false;ocean;0
16186;34;19;34;sea;false;ocean;0
16187;19;62;3;sea;false;ocean;0
16188;36;45;13;sea;true;ocean;0
16189;4;38;24;sea;true;ocean;0
16190;3;66;1;sea;true;ocean;0
16191;35;17;9;sea;false;ocean;0
16192;32;18;26;sea;false;ocean;0
16193;24;42;11;sea;true;ocean;0
16194;29;16;51;sea;false;ocean;0
16195;13;38;13;sea;true;ocean;0
16196;19;21;24;sea;false;ocean;0
16197;11;34;6;sea;false;ocean;0
16198;26;46;22;sea;false;ocean;0
16199;47;0;35;sea;false;ocean;0
16200;26;28;42;sea;false;ocean;0
16201;21;12;30;sea;false;ocean;0
16202;28;45;14;sea;false;ocean;0
16203;46;33;13;sea;false;ocean;0
16204;50;9;31;sea;true;ocean;0
16205;49;0;30;sea;false;ocean;0
16206;69;26;1;sea;false;ocean;0
16207;1;80;15;sea;false;ocean;0
16208;6;18;7;sea;false;ocean;0
16209;3;43;32;sea;false;ocean;0
16210;20;5;51;sea;false;ocean;0
16211;14;22;42;sea;false;ocean;0
16212;13;1;70;sea;false;ocean;0
16213;46;12;5;sea;false;ocean;0
16214;19;24;47;sea;false;ocean;0
16215;7;35;40;sea;true;ocean;0
16216;61;5;13;sea;false;ocean;0
16217;18;6;13;sea;false;ocean;0
16218;64;2;17;sea;true;ocean;0
16219;56;25;8;sea;true;ocean;0
16220;31;29;34;sea;false;ocean;0
16221;59;13;6;sea;true;ocean;0
16222;24;31;38;sea;false;ocean;0
16223;24;43;11;sea;false;ocean;0
16224;28;20;19;sea;false;ocean;0
16225;18;59;2;sea;false;ocean;0
16226;23;50;23;sea;true;ocean;0
16227;4;35;60;sea;false;ocean;0
16228;38;14;32;sea;true;ocean;0
16229;23;52;11;sea;false;ocean;0
16230;43;22;27;sea;false;ocean;0
16231;22;2;42;sea;false;ocean;0
16232;2;49;0;sea;true;ocean;0
16233;2;8;51;sea;false;ocean;0
16234;23;61;5;sea;true;ocean;0
16235;56;25;11;sea;true;ocean;0
16236;39;18;10;sea;false;ocean;0
16237;11;49;31;lake;false;plains;3
16238;20;43;29;sea;false;ocean;0
16239;48;10;28;sea;true;ocean;0
16240;2;51;8;sea;false;ocean;0
16241;0;30;34;sea;true;ocean;0
16242;18;34;7;sea;false;ocean;0
16243;20;5;7;sea;false;ocean;0
16244;12;47;28;sea;false;ocean;0
16245;16;0;51;sea;true;ocean;0
16246;41;2;38;sea;false;ocean;0
16247;18;19;19;sea;false;ocean;0
16248;0;48;47;sea;false;ocean;0
16249;1;50;35;sea;true;ocean;0
16250;0;33;2;sea;true;ocean;0
16251;8;64;11;sea;false;ocean;0
16252;1;14;60;sea;false;ocean;0
16253;22;16;57;sea;false;ocean;0
16254;47;6;45;sea;false;ocean;0
16255;14;39;45;sea;false;ocean;0
16256;17;5;66;sea;true;ocean;0
16257;2;14;35;sea;false;ocean;0
16258;25;37;31;sea;false;ocean;0
16259;33;39;19;sea;false;ocean;0
16260;32;23;32;sea;false;ocean;0
16261;3;31;37;sea;false;ocean;0
16262;15;17;59;sea;false;ocean;0
16263;32;11;14;sea;false;ocean;0
16264;79;3;13;sea;false;ocean;0
16265;31;54;9;sea;true;ocean;0
16266;9;23;24;sea;false;ocean;0
16267;9;10;52;sea;false;ocean;0
16268;18;14;30;sea;true;ocean;6
16269;56;9;26;sea;true;ocean;0
16270;49;15;31;sea;true;ocean;0
16271;25;3;9;sea;false;ocean;0
16272;19;5;37;sea;false;ocean;0
16273;26;44;22;sea;false;ocean;0
16274;50;8;4;sea;false;ocean;0
16275;3;61;28;sea;true;ocean;0
16276;0;13;2;sea;false;ocean;0
16277;3;3;20;sea;false;ocean;0
16278;1;13;39;sea;false;ocean;0
16279;45;1;42;sea;false;ocean;0
16280;15;6;13;sea;false;ocean;0
16281;9;2;26;sea;true;ocean;0
16282;40;5;10;sea;false;ocean;0
16283;32;0;15;sea;false;ocean;0
16284;48;48;3;sea;true;ocean;0
16285;12;64;5;sea;false;ocean;0
16286;26;5;40;sea;false;ocean;0
16287;13;59;13;sea;false;ocean;0
16288;57;5;14;sea;false;ocean;0
16289;14;15;2;sea;false;ocean;0
16290;47;3;10;sea;false;ocean;0
16291;36;9;52;sea;true;ocean;0
16292;13;65;9;sea;false;ocean;0
16293;21;0;12;sea;true;ocean;0
16294;8;80;2;sea;false;ocean;0
16295;16;7;45;sea;false;ocean;0
16296;25;20;34;sea;false;ocean;0
16297;30;40;21;sea;true;ocean;0
16298;3;35;50;sea;false;ocean;0
16299;41;30;21;sea;false;ocean;0
16300;19;0;52;sea;false;ocean;0
16301;72;8;14;sea;false;ocean;0
16302;3;7;50;sea;true;ocean;0
16303;14;29;5;sea;true;ocean;0
16304;57;16;17;sea;false;ocean;0
16305;2;29;37;sea;true;ocean;0
16306;52;38;3;sea;false;ocean;0
16307;0;10;48;sea;false;ocean;0
16308;44;31;7;sea;false;ocean;0
16309;2;22;22;sea;false;ocean;0
16310;18;48;2;sea;false;ocean;0
16311;28;30;20;sea;false;ocean;0
16312;9;33;36;sea;false;ocean;0
16313;32;21;5;sea;false;ocean;0
16314;17;44;27;sea;false;ocean;0
16315;18;70;2;sea;false;ocean;0
16316;17;34;22;sea;false;ocean;0
16317;27;18;26;sea;true;ocean;0
16318;14;18;10;sea;true;ocean;0
16319;4;80;1;sea;false;ocean;0
16320;39;29;19;sea;false;ocean;0
16321;12;25;13;sea;true;ocean;0
16322;19;37;16;sea;true;ocean;0
16323;43;3;11;sea;false;ocean;0
16324;9;31;33;sea;false;ocean;0
16325;40;36;23;sea;false;ocean;0
16326;71;10;9;sea;false;ocean;0
16327;1;30;62;sea;false;ocean;0
16328;26;16;27;sea;false;ocean;0
16329;61;9;5;sea;false;ocean;0
16330;35;29;8;sea;false;ocean;0
16331;0;62;4;sea;false;ocean;0
16332;54;5;11;sea;true;ocean;0
16333;34;32;31;sea;true;ocean;0
16334;4;42;39;sea;false;ocean;0
16335;24;28;34;sea;false;ocean;0
16336;27;30;17;sea;true;ocean;0
16337;12;0;16;sea;false;ocean;0
16338;15;62;12;sea;false;ocean;0
16339;4;24;31;sea;false;ocean;0
16340;30;30;33;sea;false;ocean;0
16341;53;20;21;sea;false;ocean;0
16342;6;28;25;sea;true;ocean;0
16343;33;2;38;sea;false;ocean;0
16344;18;26;27;sea;false;ocean;0
16345;17;37;16;sea;true;ocean;0
16346;52;4;27;sea;false;ocean;0
16347;8;0;61;sea;false;ocean;0
16348;41;25;10;sea;false;ocean;0
16349;40;34;18;sea;false;ocean;0
16350;17;23;49;sea;false;ocean;0
16351;10;62;9;sea;false;ocean;0
16352;45;35;9;sea;false;ocean;0
16353;1;36;57;sea;false;ocean;0
16354;30;8;0;sea;false;ocean;0
16355;1;15;1;sea;false;ocean;0
16356;7;27;18;sea;false;ocean;0
16357;42;12;32;sea;false;ocean;0
16358;28;13;44;sea;false;ocean;0
16359;4;0;29;sea;true;ocean;0
16360;1;31;58;sea;false;ocean;0
16361;37;6;42;sea;false;ocean;0
16362;20;28;3;sea;false;ocean;0
16363;12;12;73;sea;false;ocean;0
16364;15;19;21;sea;false;ocean;0
16365;9;4;56;sea;false;ocean;0
16366;15;25;6;sea;false;ocean;0
16367;24;0;48;sea;true;ocean;0
16368;84;0;14;sea;false;ocean;0
16369;39;22;18;sea;false;ocean;0
16370;35;18;24;sea;false;ocean;0
16371;21;42;7;sea;false;ocean;0
16372;13;37;11;sea;false;ocean;0
16373;47;0;49;sea;false;ocean;0
16374;24;48;15;sea;false;ocean;0
16375;12;12;10;sea;false;ocean;0
16376;69;5;2;sea;false;ocean;0
16377;26;1;54;sea;false;ocean;0
16378;28;8;62;sea;false;ocean;0
16379;5;14;74;sea;false;ocean;0
16380;22;44;17;sea;true;ocean;0
16381;9;4;45;sea;false;ocean;0
16382;3;3;89;sea;false;ocean;0
16383;1;19;53;sea;false;ocean;0
16384;11;0;47;sea;false;ocean;0
16385;36;46;7;sea;false;ocean;0
16386;16;20;56;sea;true;ocean;0
16387;49;25;17;sea;false;ocean;0
16388;44;38;0;sea;false;ocean;0
16389;38;7;20;sea;true;ocean;0
16390;66;6;20;sea;false;ocean;0
16391;2;7;53;sea;false;ocean;0
16392;7;20;47;sea;true;ocean;0
16393;20;21;16;sea;false;ocean;0
16394;1;71;22;sea;true;ocean;0
16395;18;18;44;sea;false;ocean;0
16396;23;26;25;sea;false;ocean;0
16397;16;71;12;sea;false;ocean;0
16398;13;59;8;sea;false;ocean;0
16399;80;6;0;land;false;jungle;3
16400;48;15;33;sea;false;ocean;0
16401;12;19;37;sea;false;ocean;0
16402;22;54;9;sea;true;ocean;0
16403;22;6;57;sea;false;ocean;0
16404;32;57;8;sea;false;ocean;0
16405;3;80;8;sea;false;ocean;0
16406;1;15;2;sea;false;ocean;0
16407;4;44;15;sea;true;ocean;0
16408;30;26;29;sea;true;ocean;0
16409;32;20;42;sea;true;ocean;0
16410;14;32;21;sea;false;ocean;0
16411;23;0;72;sea;true;ocean;0
16412;25;24;27;sea;false;ocean;0
16413;60;19;9;sea;false;ocean;0
16414;36;7;24;sea;false;ocean;0
16415;18;5;21;sea;false;ocean;0
16416;22;66;9;sea;false;ocean;0
16417;9;17;16;sea;false;ocean;0
16418;37;12;39;sea;false;ocean;0
16419;19;3;70;sea;false;ocean;0
16420;37;22;26;sea;false;ocean;0
16421;27;57;12;sea;false;ocean;0
16422;33;48;11;sea;false;ocean;0
16423;16;61;18;sea;false;ocean;0
16424;29;3;42;sea;true;ocean;0
16425;11;9;21;sea;false;ocean;0
16426;52;17;15;sea;true;ocean;0
16427;12;7;41;sea;true;ocean;0
16428;56;9;23;sea;false;ocean;0
16429;33;40;24;sea;true;ocean;0
16430;7;52;18;sea;false;ocean;0
16431;12;23;39;sea;false;ocean;0
16432;25;31;31;sea;false;ocean;0
16433;33;35;5;sea;false;ocean;0
16434;0;59;40;sea;false;ocean;0
16435;16;45;28;land;false;jungle;3
16436;18;6;49;sea;false;ocean;0
16437;15;2;72;sea;false;ocean;0
16438;36;5;16;sea;true;ocean;0
16439;41;42;9;sea;false;ocean;0
16440;10;21;4;sea;false;ocean;0
16441;48;34;7;sea;false;ocean;0
16442;11;45;12;sea;false;ocean;0
16443;15;24;31;sea;false;ocean;0
16444;39;22;1;sea;false;ocean;0
16445;42;1;4;sea;false;ocean;0
16446;50;7;11;sea;true;ocean;0
16447;24;43;30;sea;false;ocean;0
16448;18;0;32;sea;false;ocean;0
16449;10;58;9;sea;false;ocean;0
16450;9;1;78;sea;true;ocean;0
16451;40;5;43;sea;false;ocean;0
16452;22;19;26;sea;false;ocean;0
16453;49;21;20;sea;false;ocean;0
16454;3;17;32;sea;false;ocean;0
16455;30;18;29;sea;false;ocean;0
16456;3;27;5;sea;false;ocean;0
16457;31;9;59;sea;false;ocean;0
16458;39;10;17;sea;false;ocean;0
16459;40;20;18;sea;false;ocean;0
16460;4;17;66;sea;true;ocean;0
16461;11;21;63;sea;true;ocean;0
16462;51;25;5;sea;true;ocean;0
16463;1;12;80;sea;true;ocean;0
16464;22;29;41;sea;true;ocean;0
16465;31;4;19;sea;false;ocean;0
16466;29;3;36;sea;false;ocean;0
16467;17;23;16;sea;false;ocean;0
16468;25;39;22;sea;false;ocean;0
16469;39;27;4;sea;false;ocean;0
16470;5;27;47;sea;false;ocean;0
16471;10;27;20;sea;false;ocean;0
16472;10;16;34;sea;false;ocean;0
16473;56;24;12;sea;false;ocean;0
16474;24;5;40;sea;false;ocean;0
16475;11;37;23;sea;false;ocean;0
16476;3;40;12;sea;true;ocean;0
16477;3;5;64;sea;false;ocean;0
16478;5;41;24;sea;false;ocean;0
16479;18;26;33;sea;false;ocean;0
16480;1;0;11;sea;true;ocean;0
16481;0;22;47;sea;false;ocean;0
16482;19;11;65;sea;false;ocean;0
16483;52;8;5;sea;false;ocean;0
16484;19;25;38;sea;false;ocean;0
16485;48;4;30;sea;false;ocean;0
16486;57;17;8;sea;false;ocean;0
16487;34;35;25;sea;false;ocean;0
16488;23;45;26;sea;false;ocean;0
16489;9;26;28;sea;false;ocean;0
16490;14;61;10;sea;true;ocean;0
16491;36;34;5;sea;false;ocean;0
16492;33;14;8;sea;false;ocean;0
16493;1;9;66;sea;false;ocean;0
16494;4;5;68;sea;true;ocean;0
16495;0;69;2;sea;false;ocean;0
16496;30;2;42;sea;true;ocean;0
16497;1;65;19;sea;false;ocean;0
16498;17;26;45;sea;false;ocean;0
16499;18;13;50;sea;false;ocean;0
16500;6;3;26;sea;false;ocean;0
16501;59;16;23;sea;false;ocean;0
16502;32;33;26;sea;false;ocean;0
16503;45;39;12;sea;false;ocean;0
16504;8;77;1;sea;false;ocean;0
16505;2;43;12;sea;false;ocean;0
16506;34;20;4;sea;false;ocean;0
16507;1;75;3;sea;false;ocean;0
16508;20;36;42;sea;false;ocean;0
16509;10;51;5;sea;true;ocean;0
16510;17;47;24;sea;false;ocean;0
16511;34;20;41;sea;false;ocean;0
16512;19;10;40;sea;false;ocean;0
16513;52;4;19;sea;false;ocean;0
16514;34;32;6;sea;false;ocean;0
16515;57;15;16;sea;false;ocean;0
16516;47;10;26;sea;true;ocean;0
16517;25;33;24;sea;false;ocean;0
16518;15;1;7;sea;false;ocean;0
16519;27;44;17;sea;false;ocean;0
16520;27;49;6;sea;false;ocean;0
16521;48;21;30;sea;false;ocean;0
16522;24;13;57;sea;true;ocean;0
16523;29;21;16;sea;false;ocean;0
16524;72;10;9;sea;false;ocean;0
16525;7;87;2;sea;false;ocean;0
16526;2;6;88;sea;false;ocean;0
16527;21;10;40;sea;true;ocean;0
16528;27;67;0;sea;false;ocean;0
16529;3;33;47;sea;false;ocean;0
16530;38;4;12;sea;false;ocean;0
16531;12;35;40;sea;true;ocean;0
16532;4;20;70;sea;false;ocean;0
16533;14;20;25;sea;false;ocean;0
16534;0;24;71;sea;false;ocean;0
16535;83;0;10;sea;false;ocean;0
16536;75;12;8;sea;false;ocean;0
16537;22;31;8;sea;false;ocean;0
16538;32;3;13;sea;false;ocean;0
16539;6;16;29;sea;false;ocean;0
16540;32;30;37;lake;false;plains;5
16541;51;2;36;sea;true;ocean;0
16542;0;68;8;sea;false;ocean;0
16543;16;39;25;sea;false;ocean;0
16544;5;34;4;sea;false;ocean;0
16545;20;44;0;sea;false;ocean;0
16546;36;41;5;sea;true;ocean;0
16547;63;13;11;sea;false;ocean;0
16548;11;14;25;sea;false;ocean;0
16549;8;2;78;sea;false;ocean;0
16550;54;15;19;sea;false;ocean;0
16551;29;3;47;sea;false;ocean;0
16552;45;33;7;sea;false;ocean;0
16553;4;9;48;sea;false;ocean;0
16554;8;38;22;sea;false;ocean;0
16555;3;1;22;sea;false;ocean;0
16556;3;16;1;sea;false;ocean;0
16557;28;19;44;sea;false;ocean;0
16558;47;1;39;sea;false;ocean;0
16559;22;24;7;sea;false;ocean;0
16560;26;38;25;sea;false;ocean;0
16561;11;29;50;sea;false;ocean;0
16562;12;15;28;sea;false;ocean;0
16563;41;12;30;sea;false;ocean;0
16564;17;14;27;sea;false;ocean;0
16565;6;29;26;sea;false;ocean;0
16566;29;30;27;sea;false;ocean;0
16567;9;2;31;sea;false;ocean;0
16568;15;27;57;sea;true;ocean;0
16569;38;15;25;sea;false;ocean;0
16570;17;41;17;sea;false;ocean;0
16571;24;26;31;sea;false;ocean;0
16572;23;22;10;sea;false;ocean;0
16573;4;14;24;sea;false;ocean;0
16574;26;37;30;sea;false;ocean;0
16575;26;45;13;sea;false;ocean;0
16576;26;21;42;sea;false;ocean;0
16577;37;21;25;sea;false;ocean;0
16578;24;36;24;sea;false;ocean;0
16579;32;12;41;sea;true;ocean;0
16580;5;36;58;sea;false;ocean;0
16581;30;6;61;sea;false;ocean;0
16582;35;28;24;sea;false;ocean;0
16583;20;18;14;sea;false;ocean;0
16584;5;12;61;sea;false;ocean;0
16585;2;24;41;sea;false;ocean;0
16586;22;34;16;sea;false;ocean;0
16587;34;4;34;sea;false;ocean;0
16588;13;7;32;sea;false;ocean;0
16589;7;35;26;sea;true;ocean;0
16590;2;10;21;sea;false;ocean;0
16591;27;16;32;sea;false;ocean;0
16592;4;85;0;sea;false;ocean;0
16593;22;16;2;sea;false;ocean;0
16594;24;72;1;sea;true;ocean;0
16595;0;43;20;sea;false;ocean;0
16596;54;10;10;sea;false;ocean;0
16597;68;2;29;sea;true;ocean;0
16598;35;28;35;sea;true;ocean;0
16599;9;40;19;sea;false;ocean;0
16600;7;13;69;sea;true;ocean;0
16601;22;53;6;sea;true;ocean;0
16602;5;39;14;sea;true;ocean;0
16603;75;21;0;sea;false;ocean;0
16604;21;21;55;sea;false;ocean;0
16605;69;13;5;sea;false;ocean;0
16606;58;24;17;sea;false;ocean;0
16607;21;48;29;sea;false;ocean;0
16608;38;21;34;sea;false;ocean;0
16609;37;46;6;sea;false;ocean;0
16610;29;12;56;sea;true;ocean;0
16611;11;7;39;sea;false;ocean;0
16612;8;30;25;sea;false;ocean;0
16613;17;0;37;sea;false;ocean;0
16614;12;60;23;sea;true;ocean;0
16615;1;55;9;sea;true;ocean;0
16616;34;8;42;sea;false;ocean;0
16617;38;13;16;sea;false;ocean;0
16618;16;72;4;sea;false;ocean;0
16619;32;20;7;sea;false;ocean;0
16620;0;31;33;sea;false;ocean;0
16621;33;14;25;sea;false;ocean;0
16622;14;9;4;sea;true;ocean;0
16623;67;11;7;sea;true;ocean;0
16624;34;6;26;sea;false;ocean;0
16625;19;44;10;sea;true;ocean;0
16626;14;71;6;sea;true;ocean;0
16627;32;42;18;sea;false;ocean;0
16628;18;3;70;sea;false;ocean;0
16629;7;44;2;sea;false;ocean;0
16630;21;49;21;sea;false;ocean;0
16631;44;1;20;sea;true;ocean;0
16632;7;31;3;sea;false;ocean;0
16633;29;20;8;sea;false;ocean;0
16634;14;0;43;sea;true;ocean;0
16635;39;15;14;sea;false;ocean;0
16636;26;26;41;sea;false;ocean;0
16637;55;18;17;sea;false;ocean;0
16638;5;11;38;sea;false;ocean;0
16639;5;21;70;sea;false;ocean;0
16640;14;26;28;sea;false;ocean;0
16641;7;9;37;sea;false;ocean;0
16642;13;37;25;sea;false;ocean;0
16643;29;26;21;sea;true;ocean;0
16644;72;14;12;sea;false;ocean;0
16645;30;3;25;sea;false;ocean;5
16646;8;19;63;sea;false;ocean;0
16647;57;1;31;sea;false;ocean;0
16648;2;77;19;sea;false;ocean;0
16649;57;1;10;sea;false;ocean;0
16650;78;9;10;sea;false;ocean;0
16651;4;0;5;sea;false;ocean;0
16652;51;2;44;sea;false;ocean;0
16653;5;62;18;sea;false;ocean;0
16654;30;5;12;sea;false;ocean;0
16655;6;77;3;sea;false;ocean;0
16656;12;19;59;sea;true;ocean;0
16657;14;7;38;sea;false;ocean;0
16658;25;57;16;sea;false;ocean;0
16659;27;23;22;sea;true;ocean;0
16660;20;42;5;sea;false;ocean;0
16661;39;28;12;sea;false;ocean;0
16662;3;25;28;sea;false;ocean;0
16663;11;21;11;sea;false;ocean;0
16664;9;49;33;sea;false;ocean;0
16665;46;25;4;sea;false;ocean;0
16666;1;32;40;sea;false;ocean;0
16667;38;23;17;sea;true;ocean;0
16668;68;3;8;sea;false;ocean;0
16669;40;28;28;sea;false;ocean;0
16670;10;52;28;sea;false;ocean;0
16671;0;29;28;sea;false;ocean;0
16672;61;10;22;sea;false;ocean;0
16673;6;46;18;sea;false;ocean;0
16674;9;73;5;sea;false;ocean;0
16675;9;3;34;sea;false;ocean;0
16676;43;13;15;sea;false;ocean;0
16677;7;13;73;sea;false;ocean;0
16678;15;10;60;sea;true;ocean;0
16679;34;6;16;sea;false;ocean;0
16680;14;15;6;sea;false;ocean;0
16681;11;3;10;sea;false;ocean;0
16682;25;5;21;sea;false;ocean;0
16683;2;15;31;sea;false;ocean;0
16684;26;5;55;sea;false;ocean;0
16685;13;46;7;sea;false;ocean;0
16686;38;15;36;sea;false;ocean;0
16687;7;1;69;sea;false;ocean;0
16688;9;31;41;sea;false;ocean;5
16689;2;7;12;sea;true;ocean;0
16690;3;61;11;sea;false;ocean;0
16691;1;67;9;sea;true;ocean;0
16692;21;31;21;sea;false;ocean;0
16693;8;23;35;sea;false;ocean;0
16694;15;11;17;sea;false;ocean;0
16695;33;59;6;sea;false;ocean;0
16696;21;32;12;sea;false;ocean;0
16697;85;2;6;sea;false;ocean;0
16698;52;39;3;sea;false;ocean;0
16699;8;26;21;lake;false;plains;4
16700;8;3;38;sea;false;ocean;0
16701;57;15;2;sea;false;ocean;0
16702;48;12;16;sea;false;ocean;0
16703;5;76;11;sea;false;ocean;0
16704;23;13;18;sea;true;ocean;0
16705;14;40;23;sea;true;ocean;0
16706;1;72;21;sea;false;ocean;0
16707;5;22;36;sea;true;ocean;0
16708;17;65;10;sea;false;ocean;0
16709;19;7;59;lake;false;plains;5
16710;8;8;38;sea;false;ocean;0
16711;11;43;1;sea;false;ocean;0
16712;46;2;4;sea;true;ocean;0
16713;11;0;85;sea;true;ocean;0
16714;7;33;20;sea;true;ocean;0
16715;36;7;32;sea;true;ocean;0
16716;12;13;70;sea;false;ocean;0
16717;8;19;45;sea;false;ocean;0
16718;43;7;11;sea;false;ocean;0
16719;40;7;26;sea;true;ocean;0
16720;46;4;35;sea;false;ocean;0
16721;12;20;38;sea;false;ocean;0
16722;5;6;17;sea;false;ocean;0
16723;21;11;41;sea;false;ocean;0
16724;44;4;22;sea;true;ocean;0
16725;18;30;22;sea;false;ocean;0
16726;1;9;89;sea;true;ocean;0
16727;89;5;4;sea;false;ocean;0
16728;15;52;16;sea;false;ocean;0
16729;35;3;35;sea;false;ocean;0
16730;12;37;35;sea;false;ocean;0
16731;18;0;74;sea;false;ocean;0
16732;54;11;23;sea;false;ocean;0
16733;46;18;16;sea;false;ocean;0
16734;10;20;12;sea;false;ocean;0
16735;10;81;4;sea;false;ocean;0
16736;16;51;23;sea;false;ocean;0
16737;24;19;6;sea;true;ocean;0
16738;2;62;6;sea;false;ocean;0
16739;25;0;37;sea;true;ocean;0
16740;23;12;7;sea;false;ocean;0
16741;8;81;1;sea;false;ocean;0
16742;8;19;32;sea;false;ocean;0
16743;57;3;5;sea;false;ocean;0
16744;37;17;15;sea;true;ocean;0
16745;4;3;5;sea;false;ocean;0
16746;47;42;1;sea;false;ocean;0
16747;1;30;2;sea;false;ocean;0
16748;30;15;41;sea;true;ocean;0
16749;7;14;53;sea;true;ocean;0
16750;3;44;27;sea;false;ocean;0
16751;2;2;17;sea;false;ocean;0
16752;5;65;5;sea;false;ocean;0
16753;13;52;25;sea;false;ocean;0
16754;5;22;66;sea;false;ocean;0
16755;4;9;69;sea;false;ocean;0
16756;65;34;0;sea;false;ocean;0
16757;40;2;44;sea;false;ocean;0
16758;8;31;52;sea;false;ocean;0
16759;12;7;32;sea;false;ocean;0
16760;19;29;14;sea;false;ocean;0
16761;0;15;9;sea;false;ocean;0
16762;36;14;4;sea;false;ocean;0
16763;1;17;58;sea;true;ocean;0
16764;33;4;28;sea;true;ocean;0
16765;19;4;28;sea;true;ocean;0
16766;3;0;41;sea;false;ocean;0
16767;8;23;59;sea;false;ocean;0
16768;33;35;12;sea;true;ocean;0
16769;18;4;11;sea;false;ocean;0
16770;31;55;3;sea;false;ocean;0
16771;19;4;44;sea;false;ocean;0
16772;46;11;5;sea;false;ocean;0
16773;5;44;48;sea;false;ocean;0
16774;48;39;2;sea;false;ocean;0
16775;25;9;19;sea;false;ocean;0
16776;32;26;6;sea;true;ocean;0
16777;30;29;25;sea;false;ocean;0
16778;8;4;34;sea;true;ocean;0
16779;9;6;7;sea;false;ocean;0
16780;8;31;48;sea;false;ocean;0
16781;19;0;58;sea;false;ocean;0
16782;3;54;34;sea;false;ocean;0
16783;6;26;38;sea;false;ocean;0
16784;26;15;49;sea;true;ocean;0
16785;46;31;11;sea;false;ocean;0
16786;17;46;16;sea;false;ocean;0
16787;8;25;50;sea;false;ocean;0
16788;6;7;8;sea;false;ocean;0
16789;7;24;20;sea;false;ocean;0
16790;28;19;8;sea;false;ocean;0
16791;45;0;34;sea;false;ocean;0
16792;5;8;55;sea;false;ocean;0
16793;15;2;0;sea;false;ocean;0
16794;16;10;2;sea;false;ocean;0
16795;0;2;86;sea;false;ocean;0
16796;8;19;34;sea;false;ocean;0
16797;44;23;26;land;false;jungle;3
16798;14;14;39;sea;false;ocean;0
16799;29;9;6;sea;true;ocean;0
16800;13;30;3;sea;true;ocean;4
16801;71;21;2;sea;true;ocean;0
16802;47;32;9;sea;false;ocean;0
16803;21;27;35;sea;true;ocean;0
16804;53;10;34;sea;false;ocean;0
16805;61;15;23;sea;false;ocean;0
16806;17;27;50;sea;false;ocean;0
16807;47;4;36;sea;false;ocean;0
16808;60;16;5;sea;false;ocean;0
16809;20;16;17;sea;false;ocean;0
16810;23;47;19;sea;false;ocean;0
16811;19;23;29;sea;false;ocean;0
16812;33;40;26;sea;false;ocean;0
16813;10;35;34;sea;false;ocean;0
16814;49;7;37;sea;false;ocean;0
16815;20;42;9;sea;false;ocean;0
16816;13;36;8;sea;true;ocean;0
16817;5;80;9;sea;false;ocean;0
16818;10;22;43;sea;false;ocean;0
16819;2;5;69;sea;false;ocean;0
16820;23;1;75;sea;false;ocean;0
16821;0;19;23;sea;false;ocean;0
16822;10;5;72;sea;false;ocean;0
16823;15;27;41;sea;false;ocean;0
16824;5;77;17;sea;false;ocean;0
16825;0;0;95;sea;true;ocean;0
16826;32;0;60;sea;false;ocean;0
16827;43;3;47;sea;false;ocean;0
16828;31;15;48;sea;false;ocean;0
16829;28;54;12;sea;false;ocean;0
16830;29;3;50;sea;false;ocean;0
16831;64;0;2;sea;false;ocean;0
16832;0;63;33;sea;false;ocean;0
16833;7;66;4;sea;false;ocean;0
16834;23;8;3;sea;false;ocean;0
16835;12;41;15;sea;false;ocean;0
16836;5;21;46;sea;false;ocean;0
16837;13;19;41;sea;false;ocean;0
16838;27;38;24;sea;false;ocean;0
16839;10;29;5;sea;true;ocean;0
16840;3;65;18;sea;false;ocean;0
16841;21;48;27;sea;false;ocean;0
16842;8;12;15;sea;true;ocean;0
16843;65;21;3;sea;true;ocean;0
16844;4;0;87;sea;false;ocean;0
16845;18;24;48;sea;true;ocean;0
16846;32;8;53;sea;false;ocean;0
16847;30;54;12;sea;true;ocean;0
16848;14;20;20;sea;true;ocean;0
16849;21;38;20;sea;false;ocean;0
16850;55;14;2;sea;false;ocean;0
16851;47;13;37;sea;false;ocean;0
16852;10;74;11;sea;true;ocean;0
16853;1;23;6;sea;false;ocean;0
16854;2;69;24;sea;false;ocean;0
16855;6;28;54;sea;false;ocean;0
16856;29;28;38;sea;true;ocean;0
16857;47;23;11;sea;false;ocean;0
16858;6;41;42;sea;false;ocean;0
16859;15;2;64;sea;false;ocean;0
16860;13;7;31;sea;false;ocean;0
16861;68;2;9;sea;false;ocean;0
16862;26;56;15;sea;false;ocean;0
16863;26;19;25;sea;false;ocean;0
16864;9;5;14;sea;false;ocean;0
16865;11;8;12;sea;false;ocean;0
16866;3;46;15;sea;false;ocean;0
16867;9;38;37;sea;false;ocean;0
16868;37;16;34;sea;true;ocean;0
16869;29;26;40;sea;false;ocean;0
16870;54;39;1;sea;false;ocean;0
16871;64;24;6;sea;false;ocean;0
16872;4;58;5;sea;false;ocean;0
16873;24;18;18;sea;false;ocean;0
16874;17;44;11;sea;true;ocean;0
16875;38;46;6;sea;false;ocean;0
16876;19;21;37;sea;false;ocean;0
16877;17;17;4;sea;false;ocean;0
16878;19;46;23;sea;false;ocean;0
16879;17;36;38;sea;false;ocean;0
16880;4;32;16;sea;false;ocean;0
16881;3;33;53;sea;false;ocean;0
16882;20;8;45;sea;false;ocean;0
16883;1;27;23;sea;false;ocean;0
16884;41;26;2;sea;true;ocean;0
16885;6;35;38;sea;true;ocean;0
16886;17;19;54;sea;true;ocean;0
16887;40;31;3;sea;false;ocean;0
16888;7;25;41;sea;false;ocean;0
16889;39;46;4;sea;false;ocean;0
16890;4;2;91;sea;false;ocean;0
16891;2;5;35;sea;false;ocean;0
16892;12;5;38;sea;true;ocean;0
16893;1;46;4;sea;false;ocean;0
16894;40;30;11;sea;true;ocean;0
16895;4;48;39;sea;true;ocean;0
16896;7;9;69;sea;false;ocean;0
16897;1;73;19;sea;false;ocean;0
16898;7;12;37;sea;false;ocean;0
16899;45;14;26;sea;false;ocean;0
16900;56;18;1;sea;false;ocean;0
16901;32;28;29;sea;false;ocean;0
16902;0;10;28;sea;false;ocean;0
16903;0;31;63;sea;false;ocean;0
16904;2;16;33;sea;false;ocean;0
16905;17;47;35;sea;false;ocean;0
16906;25;33;26;sea;false;ocean;0
16907;1;51;39;sea;false;ocean;0
16908;25;19;41;sea;true;ocean;0
16909;42;35;9;sea;false;ocean;0
16910;65;1;0;sea;false;ocean;0
16911;1;28;44;sea;false;ocean;0
16912;6;19;38;sea;false;ocean;0
16913;25;0;58;sea;false;ocean;0
16914;36;51;11;sea;true;ocean;0
16915;21;21;45;sea;false;ocean;0
16916;58;1;36;sea;false;ocean;0
16917;45;45;3;sea;false;ocean;0
16918;11;30;25;sea;false;ocean;0
16919;30;35;19;sea;true;ocean;0
16920;5;45;49;sea;false;ocean;0
16921;33;14;4;sea;true;ocean;0
16922;43;18;13;sea;false;ocean;0
16923;5;12;43;sea;false;ocean;0
16924;43;0;32;sea;false;ocean;0
16925;61;11;19;sea;true;ocean;0
16926;7;39;36;sea;false;ocean;0
16927;42;29;3;sea;false;ocean;0
16928;45;1;48;sea;true;ocean;0
16929;77;5;13;sea;false;ocean;0
16930;19;2;34;sea;false;ocean;0
16931;37;40;1;sea;true;ocean;0
16932;8;14;57;sea;false;ocean;0
16933;4;79;13;sea;true;ocean;0
16934;36;14;12;sea;false;ocean;0
16935;79;0;19;sea;true;ocean;0
16936;16;14;60;sea;false;ocean;0
16937;0;14;22;sea;false;ocean;0
16938;49;3;46;sea;true;ocean;0
16939;23;21;32;sea;false;ocean;0
16940;10;7;25;sea;false;ocean;0
16941;16;45;38;sea;true;ocean;0
16942;30;17;51;sea;false;ocean;0
16943;18;22;40;sea;false;ocean;0
16944;38;6;29;sea;false;ocean;0
16945;32;24;16;sea;false;ocean;0
16946;57;3;17;sea;false;ocean;0
16947;12;52;4;sea;false;ocean;0
16948;12;28;25;sea;true;ocean;0
16949;14;16;10;sea;true;ocean;0
16950;27;46;21;sea;false;ocean;0
16951;21;9;46;sea;false;ocean;0
16952;23;3;4;sea;false;ocean;0
16953;78;4;8;sea;true;ocean;0
16954;11;7;33;sea;false;ocean;0
16955;36;42;6;sea;false;ocean;0
16956;11;36;34;sea;false;ocean;0
16957;17;1;67;sea;false;ocean;0
16958;10;28;48;sea;true;ocean;0
16959;8;21;42;sea;false;ocean;0
16960;43;2;23;sea;false;ocean;0
16961;13;28;51;sea;false;ocean;0
16962;25;19;27;sea;true;ocean;0
16963;57;16;16;sea;true;ocean;0
16964;16;9;10;sea;true;ocean;0
16965;0;5;22;sea;true;ocean;0
16966;29;10;17;sea;false;ocean;0
16967;43;40;4;sea;true;ocean;0
16968;67;21;4;sea;true;ocean;0
16969;29;59;0;sea;false;ocean;0
16970;15;4;63;sea;false;ocean;0
16971;33;20;2;sea;false;ocean;0
16972;9;42;23;sea;false;ocean;0
16973;2;59;11;sea;false;ocean;0
16974;5;80;3;sea;false;ocean;0
16975;8;19;72;sea;false;ocean;0
16976;25;6;56;sea;false;ocean;0
16977;19;29;0;sea;false;ocean;0
16978;2;4;13;sea;false;ocean;0
16979;13;50;11;sea;true;ocean;0
16980;33;19;11;sea;false;ocean;0
16981;36;20;18;sea;false;ocean;0
16982;2;13;50;sea;false;ocean;0
16983;8;0;45;sea;false;ocean;0
16984;27;5;11;sea;false;ocean;0
16985;77;13;3;sea;true;ocean;0
16986;6;26;48;sea;false;ocean;0
16987;62;16;18;sea;false;ocean;0
16988;48;34;3;sea;false;ocean;0
16989;15;20;30;sea;false;ocean;0
16990;6;64;21;sea;false;ocean;0
16991;0;41;15;sea;false;ocean;0
16992;47;8;37;sea;false;ocean;0
16993;13;17;5;sea;false;ocean;0
16994;27;17;13;sea;true;ocean;0
16995;4;36;2;sea;false;ocean;0
16996;26;3;33;sea;false;ocean;0
16997;36;50;13;sea;false;ocean;0
16998;16;39;7;sea;true;ocean;0
16999;27;15;29;sea;false;ocean;0
17000;61;16;20;sea;false;ocean;0
17001;20;5;3;sea;false;ocean;0
17002;47;10;8;sea;false;ocean;0
17003;6;64;11;sea;false;ocean;0
17004;5;9;43;sea;false;ocean;0
17005;13;21;28;sea;true;ocean;0
17006;43;26;1;sea;true;ocean;0
17007;37;16;33;sea;false;ocean;0
17008;3;19;15;sea;false;ocean;0
17009;13;17;15;sea;true;ocean;0
17010;29;7;13;sea;true;ocean;0
17011;38;44;9;sea;false;ocean;0
17012;64;4;29;sea;false;ocean;0
17013;8;48;28;sea;false;ocean;0
17014;13;48;34;sea;false;ocean;0
17015;2;55;35;sea;false;ocean;0
17016;0;17;48;sea;false;ocean;0
17017;25;3;22;sea;false;ocean;0
17018;23;13;62;sea;false;ocean;0
17019;8;18;14;sea;true;ocean;0
17020;10;65;6;sea;false;ocean;0
17021;9;13;6;sea;true;ocean;0
17022;5;11;52;sea;false;ocean;0
17023;34;3;0;sea;true;ocean;0
17024;28;17;11;sea;false;ocean;0
17025;51;33;15;sea;false;ocean;0
17026;33;2;18;sea;false;ocean;0
17027;24;0;3;sea;false;ocean;0
17028;62;5;26;sea;false;ocean;0
17029;70;10;8;sea;false;ocean;0
17030;8;22;38;sea;false;ocean;0
17031;20;55;1;sea;false;ocean;0
17032;23;51;13;sea;false;ocean;0
17033;43;46;4;sea;false;ocean;0
17034;36;40;23;sea;false;ocean;0
17035;38;49;12;sea;false;ocean;0
17036;60;26;4;sea;false;ocean;0
17037;10;5;84;sea;false;ocean;0
17038;38;8;27;sea;false;ocean;0
17039;14;42;25;sea;false;ocean;0
17040;46;23;4;sea;false;ocean;0
17041;14;64;8;sea;false;ocean;0
17042;55;3;33;sea;false;ocean;0
17043;47;30;1;sea;false;ocean;0
17044;52;13;20;sea;false;ocean;0
17045;46;26;21;sea;false;ocean;0
17046;43;33;10;sea;false;ocean;0
17047;32;43;21;sea;false;ocean;0
17048;42;15;14;sea;false;ocean;0
17049;4;45;14;sea;false;ocean;0
17050;15;63;20;sea;false;ocean;0
17051;2;24;49;sea;false;ocean;0
17052;65;5;2;sea;false;ocean;0
17053;34;25;5;sea;false;ocean;0
17054;16;3;5;sea;false;ocean;0
17055;7;12;49;sea;false;ocean;0
17056;31;10;22;sea;false;ocean;0
17057;36;27;8;sea;false;ocean;0
17058;9;44;19;sea;false;ocean;0
17059;33;29;29;sea;false;ocean;0
17060;1;48;45;sea;false;ocean;0
17061;11;18;23;sea;false;ocean;0
17062;42;2;30;sea;false;ocean;0
17063;14;12;20;sea;false;ocean;0
17064;35;53;3;sea;false;ocean;0
17065;9;24;5;sea;false;ocean;0
17066;22;8;22;sea;false;ocean;0
17067;25;18;52;sea;false;ocean;0
17068;23;23;14;sea;false;ocean;0
17069;21;32;43;sea;false;ocean;0
17070;20;78;32;lake;false;plains;6
17071;3;5;125;lake;false;plains;6
17072;20;57;68;lake;false;plains;6
17073;18;93;11;lake;false;plains;6
17074;41;45;27;lake;false;plains;6
17075;75;64;9;lake;false;desert;6
17076;81;5;47;lake;false;plains;6
17077;23;108;5;lake;false;desert;6
17078;76;39;11;lake;false;plains;2
17079;20;34;62;lake;false;plains;7
17080;46;36;53;lake;false;plains;6
17081;25;36;54;lake;false;desert;6
17082;33;60;30;lake;false;desert;6
17083;75;2;49;lake;false;plains;2
17084;18;33;60;lake;false;desert;6
17085;20;11;107;lake;false;plains;6
17086;72;24;34;lake;false;plains;6
17087;32;68;14;lake;false;plains;5
17088;25;72;33;lake;false;plains;4
17089;97;1;44;land;false;jungle;3
17090;1;144;155;land;false;jungle;1
17091;127;117;94;land;false;jungle;1
17092;169;63;177;land;false;jungle;1
17093;1;9;5;land;false;jungle;1
17094;127;60;49;land;false;jungle;1
17095;169;141;27;land;false;jungle;1
17096;4;72;205;land;true;jungle;1
17097;130;81;79;land;true;jungle;1
17098;130;48;9;land;true;jungle;1
17099;130;12;74;land;true;jungle;1
17100;4;54;10;land;true;jungle;1
17101;129;174;209;land;true;jungle;1
17102;171;177;82;land;true;jungle;1
17103;45;0;138;land;true;jungle;1
17104;86;171;71;land;true;jungle;1
17105;86;135;36;land;false;jungle;1
17106;44;168;198;land;true;jungle;1
17107;128;138;164;land;true;jungle;1
17108;45;177;203;land;true;jungle;1
17109;129;18;199;land;true;mountain;1
17110;44;3;43;land;true;jungle;1
17111;171;0;167;land;true;jungle;1
17112;171;24;37;land;true;mountain;1
17113;3;3;40;land;true;jungle;1
17114;170;141;37;land;true;jungle;1
17115;255;3;3;land;true;jungle;1
17116;3;27;165;land;true;jungle;1
17117;170;192;202;land;true;jungle;1
17118;44;117;183;land;true;jungle;1
17119;170;27;197;land;true;jungle;1
17120;172;165;77;land;true;mountain;1
17121;171;42;132;land;true;mountain;1
17122;171;54;42;land;false;jungle;1
17123;44;36;13;land;true;jungle;1
17124;255;59;120;land;true;jungle;1
17125;3;66;165;land;true;hills;1
17126;129;57;199;land;true;mountain;1
17127;255;127;127;land;true;jungle;1
17128;129;189;134;land;true;jungle;1
17129;87;12;6;land;true;jungle;1
17130;4;192;75;land;true;jungle;1
17131;46;69;153;land;true;jungle;1
17132;88;135;1;land;false;jungle;1
17133;46;6;178;land;true;jungle;1
17134;4;204;35;land;false;jungle;1
17135;130;12;179;land;false;jungle;1
17136;172;87;22;land;true;jungle;1
17137;88;66;96;land;true;jungle;1
17138;46;63;223;land;false;jungle;1
17139;4;9;130;land;false;jungle;1
17140;46;141;223;land;false;jungle;1
17141;46;12;3;land;false;jungle;1
17142;4;42;50;land;true;jungle;1
17143;88;210;36;land;true;jungle;1
17144;88;198;76;land;true;jungle;1
17145;46;45;178;land;true;jungle;1
17146;4;87;185;land;true;plains;1
17147;4;174;135;land;true;plains;1
17148;88;189;131;land;true;plains;1
17149;172;84;57;land;true;plains;1
17150;88;30;211;land;true;plains;1
17151;130;33;84;land;true;plains;1
17152;4;48;185;land;true;plains;1
17153;47;159;18;land;true;plains;1
17154;131;60;129;land;true;plains;1
17155;173;153;17;land;true;plains;1
17156;47;18;193;land;true;plains;1
17157;130;18;209;land;true;plains;1
17158;5;15;65;land;true;plains;1
17159;130;114;49;land;true;plains;1
17160;46;39;43;land;false;plains;1
17161;46;57;138;land;true;plains;1
17162;47;195;53;land;true;plains;1
17163;172;171;7;land;true;plains;1
17164;172;45;57;land;true;plains;1
17165;88;78;56;land;true;plains;1
17166;173;171;212;land;true;plains;1
17167;47;72;68;land;true;plains;1
17168;130;171;144;land;true;plains;1
17169;89;129;176;land;true;plains;1
17170;89;198;181;land;true;plains;1
17171;172;174;17;land;true;plains;1
17172;89;39;161;land;true;plains;1
17173;172;138;82;land;true;plains;1
17174;4;102;60;land;true;plains;1
17175;172;99;187;land;true;plains;1
17176;46;114;33;land;true;plains;1
17177;172;120;142;land;true;plains;1
17178;88;189;81;land;true;plains;1
17179;131;99;129;land;true;plains;1
17180;173;99;37;land;true;plains;1
17181;4;123;15;land;true;plains;1
17182;46;186;208;land;true;plains;1
17183;130;120;34;land;true;plains;1
17184;5;165;90;land;true;plains;1
17185;173;162;217;land;true;plains;1
17186;43;171;208;land;false;hills;6
17187;43;105;168;land;false;hills;6
17188;85;207;51;land;false;hills;6
17189;127;177;209;land;false;hills;6
17190;43;138;138;land;false;hills;6
17191;43;204;178;land;false;hills;6
17192;127;210;179;land;false;jungle;6
17193;85;27;21;land;false;hills;6
17194;127;30;149;land;false;jungle;6
17195;43;24;148;land;false;hills;6
17196;127;78;94;land;false;hills;6
17197;1;84;95;land;false;jungle;6
17198;85;153;71;land;false;jungle;6
17199;43;30;178;land;false;jungle;6
17200;43;150;198;land;false;jungle;6
17201;127;99;154;land;false;jungle;6
17202;127;21;49;land;false;jungle;6
17203;169;180;132;land;false;jungle;6
17204;127;177;4;land;false;jungle;6
17205;1;48;210;land;false;jungle;6
17206;169;45;82;land;false;jungle;6
17207;43;51;83;land;false;jungle;6
17208;85;174;131;land;false;jungle;6
17209;127;42;209;land;false;jungle;6
17210;1;126;60;land;false;jungle;6
17211;127;57;84;land;false;jungle;6
17212;169;138;62;land;false;jungle;6
17213;85;132;61;land;false;jungle;6
17214;85;39;81;land;false;jungle;6
17215;127;135;189;land;false;jungle;6
17216;43;129;188;land;false;jungle;6
17217;1;204;165;land;false;jungle;6
17218;127;198;164;land;false;jungle;6
17219;43;87;18;land;false;hills;6
17220;127;0;39;land;false;hills;6
17221;85;210;166;land;false;jungle;6
17222;169;201;37;land;false;jungle;6
17223;43;207;38;land;false;jungle;6
17224;1;84;145;land;false;hills;6
17225;127;78;144;land;false;hills;6
17226;85;90;146;land;false;hills;6
17227;169;81;17;land;false;mountain;6
17228;85;168;96;land;false;mountain;6
17229;85;75;16;land;false;hills;6
17230;1;162;95;land;false;hills;6
17231;169;174;97;land;false;hills;6
17232;169;132;182;land;false;mountain;6
17233;127;171;224;land;false;hills;6
17234;43;165;223;land;false;mountain;6
17235;43;45;203;land;false;hills;6
17236;127;51;204;land;false;hills;6
17237;85;48;76;land;false;hills;6
17238;169;159;222;land;false;mountain;6
17239;169;39;202;land;false;hills;6
17240;1;135;55;land;false;jungle;6
17241;127;129;54;land;false;hills;6
17242;43;18;163;land;false;hills;6
17243;39;12;236;land;false;plains;6
17244;255;55;40;land;false;plains;6
17245;41;12;244;land;false;hills;6
17246;134;42;54;land;false;hills;6
17247;169;54;77;land;false;hills;6
17248;176;45;182;land;false;hills;6
17249;50;51;183;land;false;hills;6
17250;126;105;138;land;false;hills;6
17251;50;186;78;land;false;hills;6
17252;8;144;205;land;false;hills;6
17253;255;53;120;land;false;hills;6
17254;8;150;85;land;false;forest;6
17255;49;12;236;land;false;forest;6
17256;131;177;184;land;false;plains;6
17257;131;69;74;land;true;plains;6
17258;173;180;57;land;false;plains;6
17259;131;87;169;land;true;plains;6
17260;5;93;170;land;true;plains;6
17261;173;90;42;land;true;plains;6
17262;131;210;154;land;true;plains;6
17263;173;0;27;land;true;plains;6
17264;5;3;155;land;true;jungle;6
17265;47;9;93;land;true;plains;6
17266;5;111;10;land;true;jungle;6
17267;89;174;56;land;true;plains;6
17268;6;168;215;land;true;plains;6
17269;89;66;201;land;true;plains;6
17270;48;126;208;land;true;plains;6
17271;132;102;204;land;true;plains;6
17272;6;123;80;land;false;plains;6
17273;89;207;26;land;true;plains;6
17274;45;20;240;land;true;plains;6
17275;90;159;86;land;true;plains;6
17276;174;105;77;land;false;plains;6
17277;176;174;47;land;false;plains;6
17278;134;96;34;land;false;plains;6
17279;134;171;174;land;false;plains;6
17280;50;15;148;land;false;plains;6
17281;174;78;92;land;true;plains;6
17282;92;18;21;land;false;plains;6
17283;8;15;85;land;false;hills;6
17284;175;135;37;land;false;hills;6
17285;8;144;55;land;false;plains;6
17286;134;192;79;land;false;desert;6
17287;176;66;42;land;false;hills;6
17288;92;198;156;land;false;plains;6
17289;92;3;96;land;true;plains;6
17290;8;120;80;land;false;hills;6
17291;4;54;160;land;true;hills;6
17292;8;63;35;land;false;hills;6
17293;45;174;33;land;false;forest;6
17294;176;93;82;land;false;mountain;6
17295;8;75;200;land;false;hills;6
17296;8;147;20;land;false;plains;6
17297;175;153;132;land;false;hills;6
17298;6;96;95;land;false;plains;6
17299;87;108;156;land;false;plains;6
17300;45;156;193;land;false;plains;6
17301;171;75;157;land;false;hills;6
17302;171;189;192;land;false;forest;6
17303;89;159;181;land;false;desert;6
17304;171;12;227;land;false;forest;6
17305;88;129;71;land;false;plains;6
17306;48;180;38;land;false;forest;6
17307;89;15;186;land;false;plains;6
17308;4;45;220;land;false;hills;6
17309;90;63;146;land;false;forest;6
17310;50;168;88;land;false;plains;6
17311;172;120;197;land;false;plains;6
17312;172;198;47;land;false;plains;6
17313;130;195;174;land;false;plains;6
17314;131;0;219;land;false;plains;6
17315;173;111;202;land;false;forest;6
17316;5;45;70;land;false;forest;6
17317;173;3;92;land;false;forest;6
17318;176;192;142;land;false;plains;6
17319;173;192;222;land;false;plains;6
17320;8;195;15;land;false;plains;6
17321;92;174;181;land;false;plains;6
17322;131;204;74;land;false;forest;6
17323;176;60;162;land;false;plains;6
17324;8;96;5;land;false;plains;6
17325;134;57;34;land;false;plains;6
17326;89;102;136;land;false;hills;6
17327;5;186;0;land;false;hills;6
17328;50;171;53;land;false;plains;6
17329;5;120;60;land;false;forest;6
17330;134;15;219;land;false;plains;6
17331;89;96;56;land;false;hills;6
17332;173;45;12;land;false;plains;6
17333;89;171;196;land;false;hills;6
17334;134;78;194;land;false;plains;6
17335;47;96;148;land;false;hills;6
17336;173;24;207;land;false;hills;6
17337;131;21;79;land;false;hills;6
17338;176;54;27;land;false;plains;6
17339;50;135;168;land;false;plains;6
17340;47;201;38;land;false;hills;6
17341;5;87;90;land;false;hills;6
17342;173;135;27;land;false;mountain;6
17343;50;48;68;land;false;plains;6
17344;173;129;97;land;false;hills;6
17345;176;18;92;land;false;forest;6
17346;173;165;182;land;false;hills;6
17347;176;21;162;land;true;marsh;6
17348;47;48;198;land;true;plains;6
17349;8;165;215;land;false;plains;6
17350;47;159;73;land;false;hills;6
17351;5;159;60;land;false;forest;6
17352;5;177;5;land;false;hills;6
17353;173;78;187;land;false;plains;6
17354;5;63;220;land;false;hills;6
17355;173;33;52;land;false;hills;6
17356;47;81;168;land;false;plains;6
17357;5;87;140;land;false;forest;6
17358;5;3;210;land;false;forest;6
17359;173;6;12;land;false;forest;6
17360;173;60;92;land;false;plains;6
17361;6;210;180;land;false;desert;6
17362;132;132;4;land;false;desert;6
17363;174;66;227;land;false;hills;6
17364;90;51;26;land;false;hills;6
17365;48;18;148;land;false;hills;6
17366;48;93;33;land;false;plains;6
17367;6;159;15;land;false;plains;6
17368;131;72;94;land;false;hills;6
17369;90;96;161;land;false;plains;6
17370;174;84;67;land;false;plains;6
17371;173;75;222;land;false;hills;6
17372;131;195;79;land;false;hills;6
17373;132;156;79;land;false;hills;6
17374;90;162;51;land;false;hills;6
17375;90;24;191;land;false;forest;6
17376;132;21;184;land;false;forest;6
17377;90;150;141;land;false;forest;6
17378;132;63;99;land;false;plains;6
17379;90;210;151;land;false;plains;6
17380;6;21;155;land;false;hills;6
17381;90;15;91;land;false;forest;6
17382;174;114;72;land;false;forest;6
17383;6;96;40;land;false;forest;6
17384;48;168;173;land;false;jungle;6
17385;6;42;60;land;false;jungle;6
17386;6;123;130;land;false;jungle;6
17387;89;9;211;land;false;forest;6
17388;90;6;146;land;false;jungle;6
17389;47;189;78;land;false;forest;6
17390;174;180;12;land;false;jungle;6
17391;90;42;31;land;false;jungle;6
17392;89;132;196;land;false;forest;6
17393;6;189;20;land;false;jungle;6
17394;132;0;24;land;false;jungle;6
17395;44;42;98;land;false;jungle;6
17396;173;141;162;land;false;hills;6
17397;5;192;135;land;false;jungle;6
17398;47;12;13;land;false;jungle;6
17399;89;15;141;land;false;jungle;6
17400;47;84;188;land;false;hills;6
17401;131;45;54;land;false;hills;6
17402;89;195;171;land;false;mountain;6
17403;178;72;187;land;true;hills;1
17404;10;15;50;land;false;hills;1
17405;178;150;37;land;false;forest;1
17406;10;135;70;land;false;hills;1
17407;178;105;157;land;false;forest;1
17408;94;186;206;land;false;plains;1
17409;8;204;10;land;false;hills;1
17410;52;168;203;land;false;plains;1
17411;10;183;170;land;false;hills;1
17412;136;9;49;land;false;jungle;1
17413;50;177;133;land;false;forest;1
17414;134;183;134;land;false;forest;1
17415;7;39;210;land;false;forest;1
17416;173;171;62;land;false;jungle;1
17417;8;159;130;land;false;forest;1
17418;52;210;18;land;false;forest;1
17419;52;180;13;land;false;forest;1
17420;8;21;15;land;false;forest;1
17421;52;0;83;land;false;forest;1
17422;52;120;3;land;false;forest;1
17423;176;156;2;land;false;forest;1
17424;134;45;19;land;false;forest;1
17425;176;93;27;land;false;forest;1
17426;49;72;88;land;false;forest;1
17427;10;87;225;land;false;hills;1
17428;52;189;8;land;false;jungle;6
17429;52;21;143;land;false;hills;6
17430;176;48;147;land;false;forest;1
17431;92;210;11;land;false;hills;1
17432;133;93;219;land;false;forest;1
17433;52;111;158;land;false;plains;1
17434;136;192;44;land;false;plains;1
17435;94;69;151;land;false;hills;6
17436;176;201;137;land;false;forest;1
17437;136;147;164;land;false;plains;1
17438;94;51;56;land;false;plains;1
17439;10;186;135;land;false;plains;1
17440;94;189;171;land;false;plains;1
17441;178;117;67;land;false;plains;1
17442;10;156;130;land;false;plains;1
17443;10;18;15;land;false;plains;1
17444;178;93;92;land;false;plains;1
17445;52;66;23;land;false;plains;1
17446;136;102;29;land;false;hills;1
17447;10;63;150;land;false;mountain;1
17448;178;15;142;land;false;mountain;1
17449;202;169;189;land;false;plains;6
17450;103;151;108;land;false;hills;6
17451;117;250;56;land;false;forest;1
17452;100;242;172;land;false;forest;1
17453;218;183;104;land;false;jungle;1
17454;9;108;225;land;false;hills;6
17455;51;135;73;land;false;hills;6
17456;177;87;157;land;false;desert;6
17457;135;33;14;land;false;hills;6
17458;133;21;194;land;false;hills;6
17459;9;114;5;land;false;hills;6
17460;9;90;30;land;false;hills;6
17461;135;108;4;land;false;hills;6
17462;135;207;14;land;false;desert;6
17463;9;204;20;land;false;hills;6
17464;51;183;173;land;false;plains;6
17465;72;102;24;land;false;hills;6
17466;146;160;179;land;false;desert;6
17467;56;110;108;land;false;jungle;6
17468;68;182;10;land;false;hills;6
17469;174;42;152;land;false;plains;6
17470;6;135;40;land;true;marsh;6
17471;135;78;204;land;false;plains;6
17472;90;18;56;land;true;marsh;6
17473;48;45;188;land;false;forest;6
17474;174;3;152;land;true;forest;6
17475;177;105;97;land;false;plains;6
17476;135;84;29;land;false;plains;6
17477;93;105;131;land;false;hills;6
17478;7;12;65;land;false;hills;6
17479;127;83;68;land;true;plains;6
17480;175;207;62;land;false;desert;6
17481;47;153;193;land;false;hills;6
17482;133;189;59;land;false;desert;6
17483;158;199;145;land;false;hills;6
17484;5;42;210;land;false;desert;6
17485;4;144;25;land;false;desert;6
17486;49;120;133;land;false;desert;6
17487;91;198;146;land;false;desert;6
17488;172;159;92;land;false;hills;6
17489;49;45;93;land;false;desert;6
17490;172;9;172;land;false;desert;6
17491;90;12;131;land;false;hills;6
17492;49;183;208;land;false;desert;6
17493;91;48;221;land;false;desert;6
17494;130;30;64;land;false;hills;6
17495;133;54;59;land;false;hills;6
17496;91;186;81;land;false;desert;6
17497;177;3;22;land;false;hills;6
17498;213;57;164;land;false;mountain;6
17499;49;30;68;land;false;hills;6
17500;133;114;69;land;false;desert;6
17501;133;189;209;land;false;plains;6
17502;5;153;30;land;false;desert;6
17503;91;123;6;land;false;desert;6
17504;91;111;196;land;false;desert;6
17505;175;117;197;land;false;plains;6
17506;175;57;187;land;false;hills;6
17507;91;51;186;land;false;desert;6
17508;49;201;48;land;false;hills;6
17509;172;201;162;land;true;desert;2
17510;172;6;2;land;true;desert;2
17511;45;102;63;land;false;desert;2
17512;130;132;94;land;true;desert;2
17513;4;114;170;land;false;desert;2
17514;130;54;39;land;false;desert;2
17515;46;120;8;land;false;desert;2
17516;172;57;167;land;false;desert;2
17517;96;207;121;land;false;desert;2
17518;88;69;6;land;false;desert;2
17519;131;156;174;land;false;desert;2
17520;131;174;14;land;false;desert;2
17521;91;162;6;land;false;desert;2
17522;129;117;164;land;false;desert;2
17523;133;165;134;land;false;desert;2
17524;175;153;82;land;false;desert;2
17525;173;1;200;land;false;desert;2
17526;45;126;38;land;false;desert;2
17527;173;159;47;land;false;desert;2
17528;46;132;128;land;false;hills;2
17529;133;150;209;land;false;desert;2
17530;3;144;70;land;false;desert;2
17531;88;81;21;land;false;plains;2
17532;131;33;189;land;false;desert;2
17533;130;3;129;land;false;plains;2
17534;88;18;196;land;false;plains;2
17535;4;117;135;land;false;desert;2
17536;91;177;86;land;false;desert;2
17537;89;63;31;land;false;plains;2
17538;5;21;95;land;false;desert;2
17539;5;72;160;land;false;plains;2
17540;88;129;221;land;false;hills;2
17541;4;3;50;land;false;plains;2
17542;89;120;76;land;false;plains;2
17543;5;162;175;land;false;plains;2
17544;173;18;222;land;false;desert;2
17545;135;105;144;land;true;plains;2
17546;131;123;204;land;false;plains;2
17547;46;174;193;land;false;plains;2
17548;172;0;177;land;false;plains;2
17549;8;171;40;land;false;plains;2
17550;89;117;11;land;false;plains;2
17551;172;189;202;land;false;plains;2
17552;173;11;121;land;false;plains;2
17553;46;141;73;land;false;hills;2
17554;49;36;98;land;false;desert;2
17555;133;15;59;land;false;plains;2
17556;9;3;35;land;false;plains;2
17557;51;126;183;land;false;plains;2
17558;133;120;204;land;false;plains;2
17559;130;210;49;land;false;plains;2
17560;46;30;48;land;false;plains;2
17561;88;33;176;land;false;plains;2
17562;89;9;156;land;false;plains;2
17563;135;198;224;land;false;forest;2
17564;49;204;218;land;false;plains;2
17565;7;33;225;land;false;plains;2
17566;131;102;44;land;false;hills;2
17567;91;54;1;land;false;plains;2
17568;91;87;71;land;false;plains;2
17569;47;6;28;land;false;plains;2
17570;9;21;25;land;false;forest;2
17571;130;93;39;land;false;hills;2
17572;133;174;184;land;false;plains;2
17573;177;51;222;land;false;plains;2
17574;131;15;94;land;false;plains;2
17575;89;99;171;land;false;plains;2
17576;4;66;70;land;false;plains;2
17577;7;120;175;land;false;plains;2
17578;93;42;6;land;false;forest;2
17579;177;93;142;land;false;forest;2
17580;177;0;162;land;false;jungle;2
17581;135;150;24;land;false;jungle;2
17582;133;72;4;land;false;plains;2
17583;9;36;5;land;false;forest;2
17584;96;181;242;land;false;desert;2
17585;89;189;186;land;false;hills;2
17586;175;147;52;land;false;plains;2
17587;93;162;26;land;false;forest;2
17588;91;144;16;land;false;plains;2
17589;133;117;139;land;false;plains;2
17590;51;195;133;land;false;hills;2
17591;7;105;45;land;false;plains;2
17592;91;114;11;land;false;plains;2
17593;173;72;202;land;false;plains;2
17594;133;84;169;land;false;plains;2
17595;175;57;37;land;false;plains;2
17596;9;39;70;land;false;forest;2
17597;93;135;86;land;false;forest;2
17598;133;177;149;land;false;plains;2
17599;131;66;159;land;false;plains;2
17600;7;30;160;land;false;plains;2
17601;9;189;95;land;false;forest;2
17602;4;189;160;land;false;plains;2
17603;7;93;135;land;false;plains;2
17604;7;0;155;land;false;plains;2
17605;175;210;27;land;false;plains;2
17606;175;27;32;land;false;plains;2
17607;49;192;158;land;true;jungle;2
17608;7;189;30;land;false;jungle;2
17609;91;165;26;land;false;forest;2
17610;175;3;162;land;false;plains;2
17611;91;75;11;land;false;plains;2
17612;7;144;150;land;false;forest;2
17613;175;51;7;land;false;plains;2
17614;49;27;3;land;false;plains;2
17615;7;99;15;land;false;plains;2
17616;91;120;146;land;false;jungle;2
17617;0;150;25;land;false;forest;2
17618;49;147;23;land;false;forest;2
17619;175;186;157;land;false;plains;2
17620;133;48;134;land;false;plains;2
17621;91;0;226;land;false;mountain;2
17622;91;195;31;land;false;forest;2
17623;49;150;88;land;false;mountain;2
17624;133;186;94;land;false;hills;2
17625;91;153;216;land;false;mountain;2
17626;133;168;154;land;false;plains;2
17627;43;78;173;land;false;mountain;2
17628;168;90;57;land;false;hills;2
17629;7;6;35;land;false;plains;2
17630;255;3;160;land;false;plains;2
17631;47;153;138;land;false;plains;2
17632;127;171;179;land;false;plains;2
17633;1;180;40;land;false;plains;2
17634;0;0;100;land;false;plains;2
17635;255;1;40;land;false;plains;2
17636;89;105;51;land;false;plains;2
17637;0;177;170;land;true;hills;2
17638;146;186;195;land;false;plains;2
17639;193;190;245;land;false;plains;2
17640;130;78;219;land;true;desert;2
17641;130;165;169;land;true;desert;2
17642;46;96;193;land;true;desert;2
17643;1;141;142;land;false;plains;2
17644;130;189;39;land;false;desert;2
17645;172;90;192;land;true;desert;2
17646;4;93;65;land;true;desert;2
17647;143;28;80;land;false;desert;2
17648;130;87;64;land;true;desert;2
17649;88;162;41;land;true;desert;2
17650;88;12;16;land;false;desert;2
17651;91;153;11;land;false;desert;2
17652;4;180;165;land;true;desert;2
17653;46;135;193;land;false;desert;2
17654;4;132;65;land;false;desert;2
17655;88;75;91;land;false;desert;2
17656;46;99;53;land;false;desert;2
17657;46;72;218;land;true;desert;2
17658;130;123;149;land;false;desert;2
17659;88;171;186;land;false;plains;2
17660;130;126;64;land;true;desert;2
17661;88;186;166;land;false;desert;2
17662;130;9;9;land;false;desert;2
17663;46;18;138;land;false;desert;2
17664;172;129;192;land;false;desert;2
17665;46;183;38;land;false;desert;2
17666;172;75;212;land;false;plains;2
17667;130;24;139;land;false;desert;2
17668;4;129;150;land;true;desert;2
17669;46;66;83;land;false;desert;2
17670;46;168;58;land;false;desert;2
17671;46;114;183;land;true;desert;2
17672;88;117;56;land;false;plains;2
17673;172;108;182;land;true;desert;2
17674;130;138;24;land;false;plains;2
17675;88;153;91;land;false;plains;2
17676;172;126;22;land;true;desert;2
17677;130;156;219;land;false;plains;2
17678;46;183;188;land;false;plains;2
17679;46;201;28;land;false;plains;2
17680;4;180;60;land;false;plains;2
17681;4;198;155;land;false;plains;2
17682;130;210;94;land;false;plains;2
17683;4;15;215;land;false;plains;2
17684;50;84;153;land;false;plains;2
17685;134;105;29;land;false;plains;2
17686;8;81;25;land;false;plains;2
17687;92;102;156;land;false;plains;2
17688;134;120;159;land;false;plains;2
17689;8;6;140;land;false;plains;2
17690;94;138;6;land;false;forest;2
17691;133;138;99;land;false;plains;2
17692;7;105;150;land;false;hills;2
17693;92;117;31;land;false;plains;2
17694;136;6;84;land;false;plains;2
17695;167;230;177;land;false;forest;2
17696;94;63;221;land;false;plains;2
17697;50;114;158;land;false;forest;2
17698;8;96;155;land;false;forest;2
17699;133;6;169;land;false;forest;2
17700;94;108;1;land;false;plains;2
17701;178;51;27;land;false;forest;2
17702;176;33;17;land;false;forest;2
17703;175;141;227;land;false;forest;2
17704;8;189;135;land;false;forest;2
17705;50;192;8;land;false;forest;2
17706;3;237;139;land;true;desert;2
17707;170;231;180;land;false;desert;2
17708;51;162;229;land;false;forest;2
17709;94;235;56;land;false;forest;2
17710;85;203;197;land;false;forest;2
17711;87;210;131;land;false;desert;2
17712;171;3;132;land;true;desert;2
17713;45;12;198;land;true;desert;2
17714;129;0;4;land;false;desert;2
17715;129;3;69;land;false;desert;2
17716;171;6;197;land;false;desert;2
17717;3;12;35;land;false;desert;2
17718;45;15;163;land;false;desert;2
17719;45;33;3;land;true;desert;2
17720;87;39;196;land;false;mountain;2
17721;171;27;2;land;false;desert;2
17722;45;54;163;land;false;desert;2
17723;173;54;7;land;true;plains;2
17724;129;63;129;land;false;mountain;2
17725;131;207;39;land;false;hills;2
17726;47;141;28;land;false;hills;2
17727;5;108;150;land;false;plains;2
17728;59;12;236;land;false;plains;2
17729;173;105;22;land;false;hills;2
17730;131;72;144;land;false;plains;2
17731;47;66;143;land;false;hills;2
17732;131;12;134;land;false;hills;2
17733;5;156;95;land;false;hills;2
17734;173;15;7;land;false;hills;2
17735;47;159;223;land;false;hills;2
17736;173;153;222;land;false;plains;2
17737;173;78;82;land;false;hills;2
17738;5;210;225;land;false;desert;2
17739;5;108;45;land;false;desert;2
17740;173;210;62;land;false;desert;2
17741;51;33;148;land;false;desert;2
17742;89;204;61;land;false;desert;2
17743;5;150;215;land;false;desert;2
17744;89;48;6;land;false;desert;2
17745;47;153;88;land;true;desert;2
17746;93;36;21;land;false;desert;2
17747;47;78;203;land;false;desert;2
17748;173;147;87;land;false;desert;2
17749;89;156;216;land;true;desert;2
17750;173;120;47;land;false;desert;2
17751;5;75;75;land;false;desert;2
17752;89;96;206;land;true;desert;2
17753;89;81;76;land;false;desert;2
17754;132;120;149;land;false;desert;2
17755;131;144;214;land;false;desert;2
17756;173;87;77;land;false;desert;2
17757;47;3;63;land;true;desert;2
17758;47;93;78;land;true;desert;2
17759;255;49;40;land;false;desert;2
17760;5;198;60;land;true;desert;2
17761;131;84;204;land;false;desert;2
17762;131;192;59;land;true;desert;2
17763;47;201;188;land;true;desert;2
17764;173;195;187;land;true;desert;2
17765;60;0;232;land;true;desert;2
17766;134;120;9;land;false;forest;2
17767;255;57;160;land;false;desert;2
17768;176;12;62;land;false;hills;2
17769;94;96;191;land;false;plains;2
17770;136;18;44;land;false;plains;2
17771;214;226;75;land;false;plains;2
17772;136;198;74;land;false;desert;2
17773;10;162;160;land;false;desert;2
17774;94;15;171;land;false;desert;2
17775;231;226;95;land;false;hills;2
17776;47;171;33;land;false;desert;2
17777;93;75;226;land;true;desert;2
17778;135;21;54;land;false;desert;2
17779;177;189;82;land;true;desert;2
17780;177;24;182;land;true;desert;2
17781;9;102;195;land;true;desert;2
17782;93;51;151;land;true;desert;2
17783;93;69;91;land;true;desert;2
17784;135;162;134;land;false;desert;2
17785;51;48;23;land;false;desert;2
17786;177;147;167;land;false;desert;2
17787;7;189;180;land;false;hills;2
17788;49;27;153;land;false;desert;2
17789;173;150;157;land;false;desert;2
17790;49;132;43;land;true;hills;2
17791;87;27;31;land;false;plains;2
17792;88;210;141;land;false;hills;2
17793;129;78;59;land;false;plains;2
17794;9;201;205;land;false;desert;2
17795;177;165;7;land;true;desert;2
17796;175;21;152;land;false;hills;2
17797;7;24;25;land;false;plains;2
17798;4;30;140;land;true;desert;2
17799;175;159;12;land;false;plains;2
17800;44;186;38;land;true;plains;2
17801;7;162;140;land;false;plains;2
17802;46;9;143;land;false;desert;2
17803;124;152;75;land;false;plains;2
17804;7;87;0;land;false;plains;2
17805;171;135;62;land;false;plains;2
17806;175;84;227;land;true;plains;2
17807;135;72;219;land;false;desert;2
17808;175;147;202;land;true;plains;2
17809;87;51;61;land;false;desert;2
17810;49;165;13;land;false;desert;2
17811;51;204;78;land;false;desert;2
17812;171;177;27;land;false;plains;2
17813;171;99;27;land;false;plains;2
17814;129;150;29;land;true;plains;2
17815;49;90;128;land;false;desert;2
17816;49;153;203;land;false;plains;2
17817;88;21;11;land;false;desert;2
17818;175;9;87;land;false;plains;2
17819;7;150;75;land;false;plains;2
17820;87;168;61;land;false;plains;2
17821;7;12;215;land;false;desert;2
17822;49;15;88;land;false;desert;2
17823;91;30;26;land;false;desert;2
17824;7;75;190;land;true;plains;2
17825;5;40;232;land;false;desert;2
17826;49;78;63;land;true;plains;2
17827;45;123;223;land;false;plains;2
17828;91;156;76;land;false;plains;2
17829;86;15;221;land;false;plains;2
17830;91;81;191;land;false;plains;2
17831;7;15;180;land;false;plains;2
17832;129;75;94;land;false;plains;2
17833;45;63;63;land;false;plains;2
17834;49;18;53;land;false;plains;2
17835;171;57;62;land;true;plains;2
17836;87;72;221;land;false;plains;2
17837;10;99;185;land;true;desert;2
17838;129;57;154;land;true;plains;2
17839;136;138;64;land;true;desert;2
17840;135;129;164;land;false;plains;2
17841;3;63;155;land;false;plains;2
17842;3;66;220;land;true;plains;2
17843;94;60;51;land;false;plains;2
17844;178;141;192;land;false;plains;2
17845;10;144;65;land;false;plains;2
17846;52;102;58;land;false;desert;2
17847;45;69;93;land;false;plains;2
17848;94;105;186;land;false;plains;2
17849;171;81;187;land;true;plains;2
17850;3;84;60;land;true;forest;2
17851;178;21;172;land;true;desert;2
17852;52;195;38;land;false;plains;2
17853;136;81;19;land;false;hills;6
17854;52;57;178;land;false;hills;6
17855;9;36;155;land;false;hills;6
17856;135;144;144;land;false;hills;6
17857;52;135;28;land;false;plains;6
17858;84;9;21;land;false;plains;6
17859;136;189;129;land;true;plains;6
17860;135;39;149;land;false;plains;6
17861;178;54;142;land;false;plains;6
17862;136;111;24;land;false;hills;6
17863;9;165;225;land;false;desert;6
17864;178;84;147;land;false;plains;6
17865;94;3;6;land;false;desert;6
17866;51;183;23;land;false;plains;6
17867;9;168;190;land;false;hills;6
17868;177;147;222;land;false;desert;6
17869;52;165;33;land;true;forest;6
17870;136;6;134;land;false;hills;6
17871;9;120;90;land;false;desert;6
17872;178;192;2;land;false;hills;6
17873;177;117;217;land;false;desert;6
17874;9;60;80;land;false;hills;6
17875;51;168;98;land;false;desert;6
17876;135;99;214;land;false;hills;6
17877;177;66;202;land;false;hills;6
17878;93;120;211;land;false;plains;6
17879;135;54;79;land;false;plains;6
17880;93;114;181;land;false;hills;6
17881;51;111;53;land;false;mountain;6
17882;9;63;45;land;false;plains;6
17883;9;174;220;land;false;hills;6
17884;135;177;64;land;false;plains;6
17885;51;84;13;land;false;hills;6
17886;177;120;182;land;false;hills;6
17887;51;204;33;land;false;plains;6
17888;177;57;207;land;false;hills;6
17889;177;60;172;land;false;hills;6
17890;135;57;44;land;false;hills;6
17891;177;12;72;land;false;plains;6
17892;135;117;54;land;false;hills;6
17893;9;15;200;land;false;desert;6
17894;51;171;63;land;false;mountain;6
17895;93;54;171;land;false;hills;6
17896;51;144;23;land;false;desert;6
17897;93;174;191;land;false;desert;6
17898;93;27;131;land;false;plains;6
17899;9;141;150;land;false;hills;6
17900;9;192;60;land;false;hills;6
17901;177;171;92;land;false;plains;6
17902;9;102;45;land;false;hills;6
17903;135;135;149;land;false;desert;6
17904;93;6;71;land;false;desert;6
17905;177;99;172;land;false;desert;6
17906;177;132;142;land;false;desert;6
17907;135;75;139;land;false;desert;6
17908;177;24;32;land;false;desert;6
17909;177;198;32;land;false;desert;6
17910;135;63;74;land;false;desert;6
17911;177;45;42;land;false;desert;6
17912;135;162;189;land;false;desert;6
17913;135;18;194;land;false;desert;6
17914;9;21;130;land;false;hills;6
17915;177;105;52;land;false;hills;6
17916;135;144;94;land;false;desert;6
17917;177;189;187;land;false;hills;6
17918;93;63;166;land;false;hills;6
17919;9;75;5;land;false;mountain;6
17920;93;15;66;land;false;desert;6
17921;135;21;159;land;false;hills;6
17922;135;189;24;land;false;desert;6
17923;177;144;52;land;false;hills;6
17924;51;60;38;land;false;hills;6
17925;51;57;73;land;false;desert;6
17926;127;66;34;land;false;hills;6
17927;128;18;144;land;false;hills;6
17928;2;123;50;land;false;hills;6
17929;176;63;144;land;false;plains;6
17930;86;162;21;land;false;plains;6
17931;2;174;65;land;false;hills;6
17932;2;75;205;land;false;desert;6
17933;86;81;206;land;false;hills;6
17934;44;45;8;land;false;plains;6
17935;170;120;177;land;false;hills;6
17936;2;156;20;land;false;desert;6
17937;128;117;49;land;false;desert;6
17938;85;30;191;land;false;mountain;6
17939;44;159;148;land;false;mountain;6
17940;2;42;135;land;false;hills;6
17941;43;27;63;land;false;hills;6
17942;44;210;163;land;false;mountain;6
17943;86;0;36;land;false;mountain;6
17944;170;171;192;land;false;hills;6
17945;85;195;91;land;false;mountain;6
17946;170;153;147;land;false;hills;6
17947;127;198;219;land;false;mountain;6
17948;44;78;78;land;false;mountain;6
17949;0;12;15;land;false;hills;6
17950;2;207;35;land;false;mountain;6
17951;128;168;64;land;false;mountain;6
17952;170;39;7;land;false;hills;6
17953;128;36;134;land;false;mountain;6
17954;1;24;190;land;false;hills;6
17955;85;96;131;land;false;hills;6
17956;43;192;218;land;false;hills;6
17957;43;93;3;land;false;hills;6
17958;128;150;19;land;false;hills;6
17959;169;21;62;land;false;plains;6
17960;53;49;42;sea;true;ocean;0
17961;9;6;45;land;false;forest;3
17962;89;7;147;land;false;hills;3
17963;177;168;72;land;false;forest;3
17964;229;131;235;land;false;jungle;3
17965;93;201;176;land;false;forest;5
17966;93;39;86;land;false;jungle;5
17967;9;15;145;land;false;forest;5
17968;177;141;32;land;false;marsh;5
17969;93;87;186;land;false;desert;5
17970;9;171;200;land;false;plains;5
17971;51;174;73;land;false;desert;5
17972;51;18;18;land;false;desert;5
17973;9;210;50;land;false;urban;5
17974;135;81;64;land;false;desert;5
17975;135;204;49;land;false;urban;5
17976;177;159;77;land;false;desert;5
17977;51;75;63;land;false;urban;5
17978;135;15;174;land;true;plains;5
17979;93;21;146;land;true;plains;5
17980;93;111;161;land;true;plains;5
17981;135;180;74;land;true;urban;5
17982;177;135;2;land;true;plains;5
17983;93;177;201;land;true;plains;5
17984;135;114;34;land;true;desert;5
17985;177;45;87;land;true;plains;5
17986;163;200;243;land;false;mountain;5
17987;173;146;241;land;true;jungle;5
17988;175;168;212;land;false;urban;5
17989;138;246;120;lake;false;plains;5
17990;106;239;180;lake;false;desert;0
17991;135;174;149;land;false;desert;3
17992;93;54;216;land;false;hills;5
17993;9;21;175;land;false;mountain;5
17994;135;114;139;land;false;desert;3
17995;93;111;11;land;false;desert;3
17996;135;147;4;land;false;mountain;5
17997;175;42;162;land;false;forest;5
17998;9;60;130;land;false;mountain;3
17999;51;168;148;land;false;hills;3
18000;51;0;178;land;false;desert;5
18001;135;6;29;land;false;mountain;3
18002;135;51;164;land;false;mountain;3
18003;135;180;179;land;false;desert;5
18004;177;57;2;land;false;desert;3
18005;9;39;220;land;false;desert;5
18006;51;9;173;land;false;desert;5
18007;51;3;93;land;false;mountain;3
18008;177;183;52;land;false;plains;5
18009;51;51;193;land;false;plains;5
18010;9;153;210;land;true;desert;3
18011;132;45;9;land;false;plains;5
18012;51;123;13;land;false;mountain;5
18013;177;183;202;land;false;mountain;5
18014;93;6;221;land;false;plains;3
18015;88;198;226;land;false;forest;5
18016;87;198;66;land;false;forest;5
18017;99;197;150;land;false;mountain;3
18018;175;72;167;land;false;forest;5
18019;135;9;94;land;false;mountain;3
18020;51;51;88;land;false;forest;5
18021;177;84;192;land;false;forest;5
18022;93;159;211;land;false;mountain;5
18023;93;144;131;land;false;forest;5
18024;92;144;26;land;false;forest;5
18025;88;0;1;land;false;forest;5
18026;9;111;40;land;false;forest;3
18027;9;108;75;land;false;forest;3
18028;9;120;35;land;false;jungle;5
18029;97;197;149;land;false;jungle;3
18030;51;165;78;land;false;jungle;5
18031;51;156;83;land;false;forest;3
18032;51;114;168;land;false;jungle;3
18033;177;108;167;land;false;jungle;5
18034;9;186;180;land;false;forest;3
18035;177;45;192;land;false;forest;3
18036;93;12;151;land;false;jungle;3
18037;9;48;65;land;false;jungle;3
18038;177;27;147;land;false;jungle;5
18039;51;123;163;land;false;plains;5
18040;93;45;221;land;false;jungle;5
18041;177;141;137;land;false;jungle;3
18042;177;93;187;land;false;forest;3
18043;9;30;20;land;false;forest;5
18044;46;69;198;land;false;jungle;3
18045;9;96;60;land;false;jungle;3
18046;177;18;47;land;false;forest;3
18047;9;162;205;land;false;forest;5
18048;175;0;142;land;false;jungle;3
18049;94;171;51;land;false;jungle;3
18050;9;120;140;land;false;jungle;3
18051;177;9;157;land;false;jungle;3
18052;177;177;22;land;true;forest;5
18053;177;54;37;land;false;jungle;5
18054;51;15;158;land;false;urban;5
18055;9;12;30;land;false;marsh;5
18056;255;252;0;land;false;jungle;5
18057;51;90;43;land;false;hills;5
18058;9;180;150;land;false;forest;5
18059;177;12;222;land;false;urban;5
18060;135;171;184;land;false;hills;5
18061;177;129;177;land;false;mountain;5
18062;135;126;49;land;false;forest;5
18063;93;93;171;land;false;mountain;5
18064;210;188;132;land;false;mountain;5
18065;177;174;57;land;false;mountain;5
18066;177;36;197;land;false;forest;5
18067;135;3;64;land;false;mountain;5
18068;9;84;205;land;true;plains;5
18069;74;32;152;land;false;plains;5
18070;7;186;65;land;false;desert;5
18071;91;147;186;land;false;hills;5
18072;91;162;61;land;false;hills;5
18073;177;186;222;land;false;mountain;5
18074;177;153;152;land;false;desert;5
18075;49;159;188;land;false;mountain;5
18076;135;24;74;land;false;hills;5
18077;133;180;64;land;false;desert;5
18078;49;174;63;land;false;hills;5
18079;9;123;55;land;false;mountain;5
18080;93;21;201;land;false;mountain;5
18081;177;180;192;land;false;mountain;5
18082;51;66;173;land;false;mountain;5
18083;135;69;209;land;false;mountain;5
18084;98;197;149;land;true;plains;5
18085;93;69;46;land;false;desert;5
18086;135;138;214;land;false;urban;5
18087;49;69;173;land;false;desert;5
18088;51;39;133;land;false;desert;5
18089;51;192;223;land;false;desert;5
18090;51;99;143;land;false;desert;5
18091;51;6;163;land;false;desert;5
18092;9;105;215;land;false;desert;5
18093;9;183;65;land;false;urban;5
18094;9;156;25;land;false;desert;5
18095;135;129;219;land;false;desert;5
18096;51;153;223;land;true;desert;5
18097;177;177;227;land;false;desert;5
18098;177;102;87;land;false;desert;5
18099;135;72;174;land;false;plains;5
18100;177;132;92;land;false;desert;5
18101;177;72;82;land;false;desert;5
18102;177;27;202;land;false;plains;5
18103;93;156;96;land;false;plains;5
18104;52;120;153;land;false;plains;5
18105;94;93;21;land;false;plains;5
18106;178;144;157;land;false;plains;5
18107;136;96;149;land;false;plains;5
18108;94;123;26;land;false;desert;5
18109;52;60;143;land;false;desert;5
18110;94;201;131;land;true;desert;5
18111;136;204;4;land;true;desert;5
18112;94;18;136;land;false;desert;5
18113;52;15;8;land;false;desert;5
18114;136;36;139;land;true;desert;5
18115;135;174;99;land;true;desert;5
18116;10;57;15;land;true;urban;5
18117;51;138;93;land;false;jungle;5
18118;9;66;10;land;false;forest;5
18119;9;6;0;land;false;forest;5
18120;51;36;168;land;false;hills;5
18121;9;159;90;land;false;urban;5
18122;51;129;148;land;false;hills;5
18123;93;192;31;land;false;hills;5
18124;93;18;31;land;false;forest;5
18125;84;21;131;land;false;hills;5
18126;9;33;40;land;false;plains;5
18127;126;93;214;land;false;hills;5
18128;177;30;167;land;false;mountain;5
18129;168;189;67;land;false;mountain;5
18130;9;153;60;land;false;mountain;5
18131;9;90;85;land;false;hills;5
18132;177;183;157;land;false;hills;5
18133;93;30;196;land;false;urban;5
18134;93;111;216;land;false;mountain;5
18135;9;99;80;land;false;hills;5
18136;93;84;176;land;false;hills;5
18137;93;198;61;land;false;hills;5
18138;177;159;182;land;false;desert;5
18139;51;147;88;land;false;plains;5
18140;93;33;161;land;false;urban;5
18141;51;48;78;land;false;plains;5
18142;51;141;58;land;false;plains;5
18143;9;183;215;land;false;desert;5
18144;177;147;17;land;false;plains;5
18145;93;99;51;land;false;plains;5
18146;93;57;136;land;false;desert;5
18147;9;126;20;land;false;plains;5
18148;93;150;216;land;false;desert;5
18149;177;96;207;land;false;urban;5
18150;51;114;18;land;false;urban;5
18151;93;204;196;land;false;desert;5
18152;93;144;186;land;false;desert;5
18153;51;3;198;land;false;desert;5
18154;135;39;204;land;false;desert;5
18155;93;177;156;land;false;desert;5
18156;177;150;187;land;false;desert;5
18157;9;45;205;land;false;urban;5
18158;247;197;244;land;false;desert;5
18159;113;142;204;land;false;desert;5
18160;135;147;59;land;false;desert;5
18161;177;42;77;land;false;urban;5
18162;135;84;84;land;false;desert;5
18163;51;186;193;land;false;desert;5
18164;0;255;0;land;false;desert;5
18165;178;39;12;land;false;desert;5
18166;10;207;40;land;false;desert;5
18167;178;174;162;land;false;desert;5
18168;10;147;30;land;false;plains;5
18169;10;177;35;land;false;desert;5
18170;178;204;167;land;false;mountain;5
18171;10;69;180;land;false;mountain;5
18172;94;30;46;land;false;mountain;5
18173;52;177;198;land;false;mountain;5
18174;178;138;227;land;false;mountain;5
18175;94;75;181;land;false;mountain;5
18176;94;207;11;land;false;hills;5
18177;136;78;54;land;false;mountain;5
18178;136;33;174;land;false;mountain;5
18179;52;72;53;land;false;hills;5
18180;178;36;47;land;false;desert;5
18181;10;114;60;land;false;desert;5
18182;20;5;54;land;false;desert;5
18183;52;147;193;land;false;desert;5
18184;10;204;75;land;false;desert;5
18185;93;102;16;land;false;desert;5
18186;93;9;36;land;false;desert;5
18187;51;159;153;land;false;desert;5
18188;93;129;56;land;false;desert;5
18189;93;195;96;land;false;desert;5
18190;52;45;13;land;false;desert;5
18191;56;12;244;land;false;desert;5
18192;94;162;131;land;false;desert;5
18193;52;174;133;land;false;desert;5
18194;94;132;226;land;false;desert;5
18195;136;60;214;land;false;desert;5
18196;51;78;83;land;false;desert;5
18197;10;102;150;land;false;desert;5
18198;52;24;208;land;false;desert;5
18199;94;180;71;land;false;desert;5
18200;52;0;133;land;false;desert;5
18201;9;135;220;land;false;desert;5
18202;135;132;184;land;false;desert;5
18203;94;27;81;land;false;desert;5
18204;177;195;67;land;false;desert;5
18205;52;207;203;land;false;desert;5
18206;94;150;66;land;false;desert;5
18207;177;135;57;land;false;plains;5
18208;9;30;75;land;false;urban;5
18209;51;33;203;land;false;desert;5
18210;10;39;175;land;false;urban;5
18211;135;159;224;land;false;desert;5
18212;52;210;168;lake;false;plains;5
18213;135;192;194;land;false;desert;5
18214;169;3;103;land;false;desert;5
18215;15;170;21;land;false;desert;5
18216;136;30;209;land;false;urban;5
18217;178;156;67;land;false;desert;5
18218;178;63;87;land;false;plains;5
18219;178;81;182;land;false;desert;5
18220;94;39;146;land;false;desert;5
18221;10;36;210;land;false;desert;5
18222;10;27;10;land;false;desert;5
18223;136;123;189;land;false;desert;5
18224;136;183;199;land;false;desert;5
18225;98;197;150;land;false;desert;5
18226;178;3;77;land;false;desert;5
18227;135;45;134;land;true;desert;5
18228;178;69;17;land;false;desert;5
18229;136;66;144;land;false;desert;5
18230;10;42;140;land;false;desert;5
18231;10;6;205;land;false;desert;5
18232;9;78;175;land;false;desert;5
18233;52;183;128;land;false;desert;5
18234;245;202;253;land;false;desert;5
18235;94;120;61;land;false;desert;5
18236;178;33;82;land;false;urban;5
18237;178;126;62;land;false;desert;5
18238;136;153;194;land;false;desert;5
18239;177;15;37;land;false;desert;5
18240;178;24;137;land;false;desert;5
18241;94;42;211;land;false;desert;5
18242;10;159;195;land;false;desert;5
18243;9;75;210;lake;false;lakes;5
18244;178;99;22;land;false;desert;5
18245;52;117;188;land;false;desert;5
18246;51;81;48;land;true;mountain;5
18247;93;189;66;land;false;desert;5
18248;52;39;83;land;false;desert;5
18249;10;84;55;land;false;desert;5
18250;52;42;48;land;false;desert;5
18251;10;180;0;land;false;desert;5
18252;136;21;9;land;false;plains;5
18253;51;108;88;land;true;mountain;5
18254;178;207;132;land;true;desert;5
18255;10;210;5;land;false;desert;5
18256;94;84;26;land;false;desert;5
18257;52;81;153;land;false;urban;5
18258;10;201;10;land;false;desert;5
18259;52;36;18;land;true;urban;5
18260;136;135;99;land;false;desert;5
18261;10;66;215;land;false;urban;5
18262;52;99;93;land;false;urban;5
18263;178;168;132;land;true;urban;5
18264;52;204;138;land;true;urban;5
18265;178;186;72;land;false;plains;5
18266;136;42;19;land;true;desert;5
18267;52;144;128;land;true;desert;5
18268;52;69;88;land;true;desert;5
18269;94;102;221;land;false;desert;5
18270;136;105;94;land;false;plains;5
18271;52;132;63;land;false;urban;5
18272;52;192;73;land;false;urban;5
18273;94;153;31;land;true;urban;5
18274;178;129;27;land;false;desert;5
18275;133;18;79;land;false;desert;5
18276;52;105;23;land;false;desert;5
18277;7;69;215;land;true;desert;5
18278;94;183;36;land;false;urban;5
18279;136;156;159;land;true;desert;5
18280;178;48;212;land;false;desert;5
18281;49;168;33;land;true;desert;5
18282;52;150;158;land;false;desert;5
18283;10;189;200;land;false;urban;5
18284;136;126;154;land;true;desert;5
18285;94;0;41;land;false;desert;5
18286;10;129;190;land;false;urban;5
18287;52;87;183;land;true;desert;5
18288;7;9;205;land;false;mountain;5
18289;94;15;21;land;false;mountain;5
18290;136;138;169;land;false;mountain;5
18291;136;18;149;land;false;mountain;5
18292;10;99;35;land;false;mountain;5
18293;136;48;49;land;false;mountain;5
18294;136;3;169;land;false;mountain;5
18295;94;45;176;land;false;mountain;5
18296;10;72;145;land;false;desert;5
18297;94;48;141;land;false;desert;5
18298;91;90;91;land;false;desert;5
18299;94;90;56;land;false;desert;5
18300;133;69;144;land;false;desert;5
18301;136;15;79;land;false;desert;5
18302;178;18;207;land;false;desert;5
18303;133;99;149;land;false;desert;5
